description,team,thumbnail,title,videoId
"김태형이 찍어준 2025 신인 입단식 날 뿌이로그

0:20 테이블석에서 관람 시작
0:29 윤도현 안타 반응
1:14 흥이 남달라요..
2:15 프로듀싱도 잘하는 신인들
2:28 셀프 자기소개
5:45 매력 어필 시간
8:14 깨알 홍보
8:31 당찬 박재현
9:00 소신 있는 김태형
9:42 삐끼삐끼 자동 반응
9:47 삐끼삐끼 강의
11:06 뒷줄 분량도 챙겨드림
11:27 본격 전주고 자랑
11:50 박찬호 홈런 직관
12:36 호걸이 PD 등장



*영상과 관련이 없거나, 근거 없는 루머/욕설/비난/도배 댓글은
댓글 삭제 또는 ID 차단이 됩니다. 모두가 즐거운 갸티비를 만들어주세요.",KIA,https://i.ytimg.com/vi/DpXh9QyiYpM/hqdefault.jpg,삐끼삐끼 추는 2025 신인 1라운드 김태형 (PD) 입단식 브이로그!,DpXh9QyiYpM
"챔필 신메뉴 칠리새우, 치폴레 핫도그, 치폴레 감자튀김, 아이스 황도에
스테디셀러 크림새우, 떡볶이까지!
필승조 JJJ 장현식 전상현 정해영과 맛보시죠! 



*영상과 관련이 없거나, 근거 없는 루머/욕설/비난/도배 댓글은
댓글 삭제 또는 ID 차단이 됩니다. 모두가 즐거운 갸티비를 만들어주세요.",KIA,https://i.ytimg.com/vi/2NKeX9YNL0Y/hqdefault.jpg,"나야, 트리플J.. 장현식 전상현 정해영 챔필 신메뉴 맛보다!",2NKeX9YNL0Y
"한국시리즈에서 더 좋은 순간 만들어봅시다!


*영상과 관련이 없거나, 근거 없는 루머/욕설/비난/도배 댓글은
댓글 삭제 또는 ID 차단이 됩니다. 모두가 즐거운 갸티비를 만들어주세요.",KIA,https://i.ytimg.com/vi/RMtv6b5PZ9M/hqdefault.jpg,🥇 1등 팀에게 올해 가장 기억에 남는 경기는?,RMtv6b5PZ9M
"우리는 넘사벽 구위 투수들 보유 구단~❤️

 

 #컴투스프로야구V24 를 더 재미있게 즐기는 방법
✌쿠폰 사용기한 : 2024년 11월 30일까지 (선착순 50,000개)
✌쿠폰 등록 방법
① 게임 실행 → [구단관리] → [새소식] → [이벤트 쿠폰 교환소]
② 쿠폰 코드 입력 : 2024CHAMPIONS
③ 우편함에서 아이템 확인

✌ 이미 다운로드 되어 있다면 아래 딥링크를 클릭해주세요!
  - GOOGLE/APPLE : http://withhive.me/c/601/2024CHAMPIONS

※ 확률형 아이템 포함

 

*영상과 관련이 없거나, 근거 없는 루머/욕설/비난/도배 댓글은
댓글 삭제 또는 ID 차단이 됩니다. 모두가 즐거운 갸티비를 만들어주세요.",KIA,https://i.ytimg.com/vi/sApul0TltNg/hqdefault.jpg,'공 美쳤다..' KBO 우승팀 구위왕은 누구? [무인갸메라/광고],sApul0TltNg
"0:00 네일이 원정에 함께 한 이유
0:33 SSG전 출근길
3:14 정규시즌 우승 소감
3:22 양현종
6:25 나성범
9:20 김태군
9:51 곽도규


*영상과 관련이 없거나, 근거 없는 루머/욕설/비난/도배 댓글은
댓글 삭제 또는 ID 차단이 됩니다. 모두가 즐거운 갸티비를 만들어주세요.",KIA,https://i.ytimg.com/vi/1vjj-YFlCVs/hqdefault.jpg,'이제 한국시리즈를 향해!' 정규시즌 우승 후 더그아웃비하인드 🥇,1vjj-YFlCVs
"우승과 함께 즐거운 추석 명절 보내세요!


*영상과 관련이 없거나, 근거 없는 루머/욕설/비난/도배 댓글은
댓글 삭제 또는 ID 차단이 됩니다. 모두가 즐거운 갸티비를 만들어주세요.",KIA,https://i.ytimg.com/vi/Dru7TvHX7lY/hqdefault.jpg,광주 토박이 한준수 김기훈이 구운 광주 육전 맛? 🍴,Dru7TvHX7lY
"#OneTeam

1위를 지키느라 고생하는 선수단을 위해
& 후반기 경기가 잘 풀리지 않던 때 팀 분위기를 끌어올리기 위해
트레이닝 파트에서 준비했던 이벤트 대회 취재 완.🔥

⏰ 타임라인
0:29 대진표
0:33 예선전 김도영 vs 김대유
1:51 예선전 장현식 vs 나성범
2:46 예선전 소크라테스 vs 최형우
4;24 예선전 박우진 통역 vs 이창진
4:59 예선전 서건창 vs 이의리
6:13 6강 진출자
6:16 6강 장현식 vs 김대유
7:58 6강 박준서 코치 vs 최형우
8:49 6강 서건창 vs 이창진
10:16 준결승1 김대유 vs 박준서 코치
10:49 준결승2 이창진 vs 박준서 코치
11:48 결승 김대유 vs 이창진
12:42 메달 수여식
13:06 이벤트전 이범호 감독 vs 손승락 수석코치



*영상과 관련이 없거나, 근거 없는 루머/욕설/비난/도배 댓글은
댓글 삭제 또는 ID 차단이 됩니다. 모두가 즐거운 갸티비를 만들어주세요.",KIA,https://i.ytimg.com/vi/RiZzT4ru-0o/hqdefault.jpg,'분위기 끌어올려🔥‘ 타이거즈 철권 대회 (본문 참고),RiZzT4ru-0o
"도규의 주말 홈경기 피켓팅 체험..!
심지어 핫서머페스티벌! 그 결과는? 

💫 티켓 예매하러 가기 https://bit.ly/40T7WWx
예매 오픈은 홈경기 7일 전 오전 11시!


*영상 내 오류가 있어 재업로드합니다.

*영상과 관련이 없거나, 근거 없는 루머/욕설/비난/도배 댓글은
댓글 삭제 또는 ID 차단이 됩니다. 모두가 즐거운 갸티비를 만들어주세요.",KIA,https://i.ytimg.com/vi/AfPaDw2upuk/hqdefault.jpg,'이미 선택된 좌석입니다' 이것 뭐예요~? 🍇｜곽도규의 주말 챔필 티켓팅,AfPaDw2upuk
"박정우 홍종표에 버금가는 투수조 짝꿍들



*영상과 관련이 없거나, 근거 없는 루머/욕설/비난/도배 댓글은
댓글 삭제 또는 ID 차단이 됩니다. 모두가 즐거운 갸티비를 만들어주세요.",KIA,https://i.ytimg.com/vi/1DfJ8ejWcpQ/hqdefault.jpg,경기에선 볼 수 없는 최강 케미💕 이준영 전상현 환상의 짝꿍,1DfJ8ejWcpQ
"2024 파리 올림픽을 맞아 준비한 미니 양궁 & 골프!
원하는 종목을 선택해 도전해본 결과, 금메달의 주인공은?


*영상과 관련이 없거나, 근거 없는 루머/욕설/비난/도배 댓글은
댓글 삭제 또는 ID 차단이 됩니다. 모두가 즐거운 갸티비를 만들어주세요.",KIA,https://i.ytimg.com/vi/4N3CZ54LebM/hqdefault.jpg,출근길에 선수들에게 활을 쥐어줬더니 🎯🏹 (파리올림픽 안녕 👋🏻),4N3CZ54LebM
"선수들이 들려주는 무서운 이야기..❄️🧊


*영상과 관련이 없거나, 근거 없는 루머/욕설/비난/도배 댓글은
댓글 삭제 또는 ID 차단이 됩니다. 모두가 즐거운 갸티비를 만들어주세요.",KIA,https://i.ytimg.com/vi/g-YSMwAOKWo/hqdefault.jpg,❌ 무서운 것 못 보는 분은 클릭 금지! ❌ 심야괴담회 with 삼성라이온즈,g-YSMwAOKWo
"최강 조합 갸티비 등판!
박찬호♥박정우♥홍종표 +엽X + 허X콤보 + 요거트아이스크림!


*영상과 관련이 없거나, 근거 없는 루머/욕설/비난/도배 댓글은
댓글 삭제 또는 ID 차단이 됩니다. 모두가 즐거운 갸티비를 만들어주세요.",KIA,https://i.ytimg.com/vi/wDgL73uezgU/hqdefault.jpg,‘꿀조합 특집’ 박찬호 박정우 홍종표의 저품격 ASMR 🍴🩷,wDgL73uezgU
"투수들이 더 몰입한 이번 콘텐츠..!


*영상과 관련이 없거나, 근거 없는 루머/욕설/비난/도배 댓글은
댓글 삭제 또는 ID 차단이 됩니다. 모두가 즐거운 갸티비를 만들어주세요.",KIA,https://i.ytimg.com/vi/oHStKpqZ_Gk/hqdefault.jpg,우리 팀 달리기 순위 줄 세워본 결과.. 🏃🏻‍♂️ [무인갸메라],oHStKpqZ_Gk
"달빛 시리즈 위닝!!🌙 


*영상과 관련이 없거나, 근거 없는 루머/욕설/비난/도배 댓글은
댓글 삭제 또는 ID 차단이 됩니다. 모두가 즐거운 갸티비를 만들어주세요.",KIA,https://i.ytimg.com/vi/lMdSPFtBy7c/hqdefault.jpg,그때 그 ㅅ1절..☆ 칠판 지우개 어떻게 터셨어요? [실험갸메라],lMdSPFtBy7c
"24년도 신인들이 먹어본 챔필 먹거리들!
여러분이 #챔필에서_가장_먹고_싶은_메뉴는?🍴

⬇️ 챔필 식음료 매장 위치 확인하기
https://www.instagram.com/stories/highlights/18403123555066767/



*영상과 관련이 없거나, 근거 없는 루머/욕설/비난/도배 댓글은
댓글 삭제 또는 ID 차단이 됩니다. 모두가 즐거운 갸티비를 만들어주세요.",KIA,https://i.ytimg.com/vi/4I9XA-bwi8U/hqdefault.jpg,"올해 싹 바뀌었다! 챔필 먹거리 크림새우, 원샷치킨, 떡볶이, 츄러스, 햄버거, 피자 다 먹어드림 🙆🏻",4I9XA-bwi8U
"올해 새로운 방식으로 시도한 #환상의짝꿍 젠가 버전!
첫 타자는 투수조 막내 케미를 보여주고 있는 윤영철&곽도규

#이_콘텐츠_어때요? #우정젠가




*영상과 관련이 없거나, 근거 없는 루머/욕설/비난/도배 댓글은
댓글 삭제 또는 ID 차단이 됩니다. 모두가 즐거운 갸티비를 만들어주세요.",KIA,https://i.ytimg.com/vi/wDfgV86na4A/hqdefault.jpg,"04년생 친구 윤영철 곽도규의 쿵짝 케미 | 새우 논쟁, 핸드폰 이름 저장명, 나만 아는 비밀 공개",wDfgV86na4A
"전체 선수를 대상으로 하는 새 무인갸메라!
관련해 진행할 만한 주제가 있다면 소리함으로 추천해주세요~!
https://forms.gle/GLzpXdaPf1o8JdLp8



*영상과 관련이 없거나, 근거 없는 루머/욕설/비난/도배 댓글은
댓글 삭제 또는 ID 차단이 됩니다. 모두가 즐거운 갸티비를 만들어주세요.",KIA,https://i.ytimg.com/vi/ebN-HzAjBWA/hqdefault.jpg,“형이 무슨 F예요ㅋㅋㅋㅋ” MBTI T/F 감별사 등장 | 🆕무인갸메라,ebN-HzAjBWA
"투수들은 전력분석, 독서, 이미지 트레이닝 하면서 원정 감^_~



*영상과 관련이 없거나, 근거 없는 루머/욕설/비난/도배 댓글은
댓글 삭제 또는 ID 차단이 됩니다. 모두가 즐거운 갸티비를 만들어주세요.",KIA,https://i.ytimg.com/vi/2Ld_Fthy8og/hqdefault.jpg,KBO 최초 프리미엄 버스 공개! 이번엔 투수 버스다!,2Ld_Fthy8og
"콩국수 설탕 vs 소금 물어보려고 했더니만..!


*영상과 관련이 없거나, 근거 없는 루머/욕설/비난/도배 댓글은
댓글 삭제 또는 ID 차단이 됩니다. 모두가 즐거운 갸티비를 만들어주세요.",KIA,https://i.ytimg.com/vi/-QNPPM6T3BE/hqdefault.jpg,콩국수에 설탕 vs 소금? 짬뽕 vs 짜장? 기아 선수들의 먹취향은? 🍴,-QNPPM6T3BE
"갸티비 20만 기념 나캡틴이 간다!
#여러분_중에_설마_구독안하신_분은_없겠죠?



*영상과 관련이 없거나, 근거 없는 루머/욕설/비난/도배 댓글은
댓글 삭제 또는 ID 차단이 됩니다. 모두가 즐거운 갸티비를 만들어주세요.",KIA,https://i.ytimg.com/vi/99_agfDTSes/hqdefault.jpg,🔊 갸티비 구독 안하신 분 찾습니다 ｜나성범의 구독 체크!,99_agfDTSes
"덕관 더 재밌게 보는 Tip!
제 자리가 어디냐면요.. 🗣️

0:13 이우성
0:26 이의리
0:50 네일
1:24 막내(?) 투수들
2:58 박찬호
3:13 장현식
4:17 홍종표&박민
5:31 서건창
5:58 김규성
6:17 박찬호
6:33 김태군
6:46 최원준
7:36 전상현
7:46 이현곤 코치
7:58 나성범
8:16 양현종
9:57 김규성
10:14 김선빈
10:20 윤중현
11:37 갸티비(?)
11:38 한준수
12:19 직접 그려드림
12:52 김도영
13:26 소크라테스



*영상과 관련이 없거나, 근거 없는 루머/욕설/비난/도배 댓글은
댓글 삭제 또는 ID 차단이 됩니다. 모두가 즐거운 갸티비를 만들어주세요.",KIA,https://i.ytimg.com/vi/7aGtyRa0Dt0/hqdefault.jpg,‘덕관 꿀팁 공개’ 더그아웃엔 선수마다 지정석이 있다? 🔍,7aGtyRa0Dt0
"진짜 맛있습니다...♥ 요리 실력 인정


*영상과 관련이 없거나, 근거 없는 루머/욕설/비난/도배 댓글은
댓글 삭제 또는 ID 차단이 됩니다. 모두가 즐거운 갸티비를 만들어주세요.",KIA,https://i.ytimg.com/vi/bouPClKQzfQ/hqdefault.jpg,"짜장면, 볶음밥, 꿔바로우 만들어주는 남자 고종욱  (feat. 서건창 이창진)",bouPClKQzfQ
"묘한 족보의 이의리 황동하 최지민의 어느 식사날 ㅋㅋㅋ


*영상과 관련이 없거나, 근거 없는 루머/욕설/비난/도배 댓글은
댓글 삭제 또는 ID 차단이 됩니다. 모두가 즐거운 갸티비를 만들어주세요.",KIA,https://i.ytimg.com/vi/_wNrZNboX2k/hqdefault.jpg,고기 먹으러 왔다가 2시간동안 MBTI 얘기하고 감.. | 이의리 황동하 최지민,_wNrZNboX2k
"타이거즈의 코인들 김석환 변우혁 박민 정해원과 함께한 법카 파티 현장 🥩


*영상과 관련이 없거나, 근거 없는 루머/욕설/비난/도배 댓글은
댓글 삭제 또는 ID 차단이 됩니다. 모두가 즐거운 갸티비를 만들어주세요.",KIA,https://i.ytimg.com/vi/7zQ-O57ymuo/hqdefault.jpg,구단이 소고기 쏜다! 김석환 변우혁 박민 정해원의 저녁 식사 🍴,7zQ-O57ymuo
"MC: 양현종
출연: 최형우 김태군 김대유 최원준 + 10개 구단 최초 트레이닝코치 박준서&황종현 🤣



*영상과 관련이 없거나, 근거 없는 루머/욕설/비난/도배 댓글은
댓글 삭제 또는 ID 차단이 됩니다. 모두가 즐거운 갸티비를 만들어주세요.

*비시즌에는 매주 수요일 & 일요일에 콘텐츠를 올려드립니다",KIA,https://i.ytimg.com/vi/9IMkqsAlO7w/hqdefault.jpg,역대급 출연진 섭외 완. 고요 속의 외침2,9IMkqsAlO7w
"우혁 의리 지민 도영 해원에게 사랑받는(?)
윤도현 휴식일 이상 모음❣️



*영상과 관련이 없거나, 근거 없는 루머/욕설/비난/도배 댓글은
댓글 삭제 또는 ID 차단이 됩니다. 모두가 즐거운 갸티비를 만들어주세요.

*비시즌에는 매주 수요일 & 일요일에 콘텐츠를 올려드립니다",KIA,https://i.ytimg.com/vi/wesLctwnPWQ/hqdefault.jpg,"""이게 맞아?"" 연타석 홈런 맞는 윤도현 브이로그",wesLctwnPWQ
"다음편은 수요일에


*영상과 관련이 없거나, 근거 없는 루머/욕설/비난/도배 댓글은
댓글 삭제 또는 ID 차단이 됩니다. 모두가 즐거운 갸티비를 만들어주세요.

*비시즌에는 매주 수요일 & 일요일에 콘텐츠를 올려드립니다",KIA,https://i.ytimg.com/vi/PVf8jPmsLQ8/hqdefault.jpg,"22 신인 윤도현, 23 신인 곽도규, 24 신인 조대현의 24시간 릴레이 브이로그 🌱",PVf8jPmsLQ8
"외야에서 무슨 말을 하냐면요, 테스가 알려드림



*영상과 관련이 없거나, 근거 없는 루머/욕설/비난/도배 댓글은
댓글 삭제 또는 ID 차단이 됩니다. 모두가 즐거운 갸티비를 만들어주세요.

*비시즌에는 매주 수요일 & 일요일에 콘텐츠를 올려드립니다",KIA,https://i.ytimg.com/vi/yutRnC3PV38/hqdefault.jpg,김호령 응원가 부르는 소크라테스 실존!,yutRnC3PV38
"투수 불펜 피칭 후 컨디셔닝 훈련,
갸티비 헤드캠과 함께 합니다!




*영상과 관련이 없거나, 근거 없는 루머/욕설/비난/도배 댓글은
댓글 삭제 또는 ID 차단이 됩니다. 모두가 즐거운 갸티비를 만들어주세요.

*비시즌에는 매주 수요일 & 일요일에 콘텐츠를 올려드립니다",KIA,https://i.ytimg.com/vi/TMhNhxLCHMA/hqdefault.jpg,189cm 장신 야구선수 머리에 헤드캠을 달았더니..@,TMhNhxLCHMA
"설날 맞이 특식 (떡국, LA갈비, 김치전, 파전) 이 나온 날,
아기호랑이(?)들과 점심 먹어요!




*영상과 관련이 없거나, 근거 없는 루머/욕설/비난/도배 댓글은
댓글 삭제 또는 ID 차단이 됩니다. 모두가 즐거운 갸티비를 만들어주세요.

*비시즌에는 매주 수요일 & 일요일에 콘텐츠를 올려드립니다",KIA,https://i.ytimg.com/vi/dEjY0h-gNpo/hqdefault.jpg,조대현 윤영철 황동하 정해영이랑 떡국 먹을 사람 🍴,dEjY0h-gNpo
"오늘 점심 밥친구는 너로 정했다!
#외인들의_점심식사



*영상과 관련이 없거나, 근거 없는 루머/욕설/비난/도배 댓글은
댓글 삭제 또는 ID 차단이 됩니다. 모두가 즐거운 갸티비를 만들어주세요.

*비시즌에는 매주 수요일 & 일요일에 콘텐츠를 올려드립니다",KIA,https://i.ytimg.com/vi/6RP8NV1SKxk/hqdefault.jpg,"우리랑 같이 점심 먹을 사람? 크로우, 네일, 소크라테스 외인들의 점심식사 🍴",6RP8NV1SKxk
"학강초 양현종, 경북고 임기영, 수창초 이의리가 붙었다!
이긴 자의 모교에는 신한은행이 1,000만원 기부하기로 했는데.. 과연 그 결과는?

[쏠퀴즈 유의사항]
📌 이벤트 응모 가능 시간: 이벤트 운영일 00:00부터 ~ 23:59까지 응모가능
📌이벤트 기간: 2023.12.01 ~ 2024.3.31 [변동 가능]
📌 퀴즈의 정답을 입력하고 [제출하기] 버튼을 누르면 마이신한포인트[3~1,000P]가 추첨을 통해 즉시 적립됩니다.
[단, 더블 이벤트  등 추가 포인트 지급 이벤트 진행시, 페이지 내 안내 후 추가 포인트 지급 (더블 이벤트 경우 최대 2,000P 지급)]
📌마이신한포인트 적립을 위해서는 이벤트 시작  전 신한 슈퍼SOL 회원가입이 반드시 필요합니다.(신한 슈퍼SOL 회원이면 누구나 응모 가능) 
📌이벤트 일정은 KBO 및 은행 사정에 따라 변경되거나 조기 종료될 수 있습니다.
📌이벤트 응모는 1일 1회만 가능합니다.
📌정답으로 인해 지급된 마이신한포인트는 추첨 즉시 지급되며, 신한 SOL뱅크 메인화면 → Super SOL 에서 확인 가능합니다.
📌경품은 타 경품 또는 타 제품으로의 교환이 불가합니다.
📌경품은 사정에 따라 동급의 다른 경품으로 변경될 수 있습니다.
📌이 광고는 법령 및 내부 통제 기준에 따른 관련 절차를 거쳐 제공됩니다. 
기타 이벤트 관련 문의는 신한은행 고객상담센터 1599-8000(평일 오전 9시 ~ 오후 6시 / 주말 및 공휴일 휴무)로 부탁드립니다.
준법감시인 사전심사필 제2024-10240-1호(2024.01.24~2025.01.24)
📌 쏠퀴즈링크- https://me.shinhan.com/t0KTca9y


*영상과 관련이 없거나, 근거 없는 루머/욕설/비난/도배 댓글은
댓글 삭제 또는 ID 차단이 됩니다. 모두가 즐거운 갸티비를 만들어주세요.

*비시즌에는 매주 수요일 & 일요일에 콘텐츠를 올려드립니다",KIA,https://i.ytimg.com/vi/1oOA8NIYVfI/hqdefault.jpg,‘우승 1000만원’ 학강초 vs 수창초 vs 경북고 모교대전 승자는? (광고),1oOA8NIYVfI
"정해영 이의리 최지민 김도영 넷이 
국내 최초 대형 전기차 SUV EV9로 담양 다녀온 기아 EV9 시승 브이로그 🚙🎈



*영상과 관련이 없거나, 근거 없는 루머/욕설/비난/도배 댓글은
댓글 삭제 또는 ID 차단이 됩니다. 모두가 즐거운 갸티비를 만들어주세요.

*비시즌에는 매주 수요일 & 일요일에 콘텐츠를 올려드립니다",KIA,https://i.ytimg.com/vi/n5q91nVSEng/hqdefault.jpg,거구 야구선수 4명이 EV9에 누워봤더니..♡  | EV9 시승 후기 (광고),n5q91nVSEng
"출연해준 새얀이 가족 & 우성 정우 삼촌 고마워요 🌼



*영상과 관련이 없거나, 근거 없는 루머/욕설/비난/도배 댓글은
댓글 삭제 또는 ID 차단이 됩니다. 모두가 즐거운 갸티비를 만들어주세요.

*비시즌에는 매주 수요일 & 일요일에 콘텐츠를 올려드립니다",KIA,https://i.ytimg.com/vi/NAKaVcrcRDI/hqdefault.jpg,튜브가 잘못했네 (박찬호 딸 새얀이 육아일기 2편),NAKaVcrcRDI
"찬호와 똑닮은 귀염둥이 새얀🌼
우성 삼촌, 정우 삼촌이랑 같이 키카 다녀왔어요~



*영상과 관련이 없거나, 근거 없는 루머/욕설/비난/도배 댓글은
댓글 삭제 또는 ID 차단이 됩니다. 모두가 즐거운 갸티비를 만들어주세요.

*비시즌에는 매주 수요일 & 일요일에 콘텐츠를 올려드립니다",KIA,https://i.ytimg.com/vi/CE_Txle5Jy0/hqdefault.jpg,갸티비에 새얀이가 떴다! (1편),CE_Txle5Jy0
"다가올 봄날을 기다리며, 이번 콘텐츠 함께 해요!


✨ Timeline
0:00 인트로
0:29 팬 여러분과 함께 할 '봄날'을 기다리며
2:38 21년 이후 선수에게 요청하셨던 '예뻤어'
4:48 야구에 대한 진심이 담긴 '빌었어'
6:05 앞으로 '오르막길'이 가득하길 바라며
9:25 와이프에게 들려주고 싶은 '바보에게 바보가'
11:08 '그대만이'
13:06 우리가 원하는 우승 '한 페이지가 될 수 있게'
15:00 🍪 비가 오는 날엔 'Rainy Day'

🎄지난 장현식 2021년 크리스마스 콘서트 다시보기
https://youtu.be/eVJ4N9Uhk54?si=9vzLLHDp2hMez2Tc




*영상과 관련이 없거나, 근거 없는 루머/욕설/비난/도배 댓글은
댓글 삭제 또는 ID 차단이 됩니다. 모두가 즐거운 갸티비를 만들어주세요.

*비시즌에는 매주 수요일 & 일요일에 콘텐츠를 올려드립니다",KIA,https://i.ytimg.com/vi/0DUo4pH1PAs/hqdefault.jpg,복면가왕 연락 기다립니다 🙏🏻 | 장현식 Healing Voice,0DUo4pH1PAs
"2023 리뷰 1편 타임라인

⭐ 0:33 요즘 일상
⭐ 1:46 많이 달라진 지민
❤️‍🩹 2:26 의리에게 하고 싶었던 말
⭐ 6:07 2023 시즌 리뷰 시작
⭐ 9:14 가장 기억에 남는 경기


*영상과 관련이 없거나, 근거 없는 루머/욕설/비난/도배 댓글은
댓글 삭제 또는 ID 차단이 됩니다. 모두가 즐거운 갸티비를 만들어주세요.

*비시즌에는 매주 수요일 & 일요일에 콘텐츠를 올려드립니다",KIA,https://i.ytimg.com/vi/3D8IPCdkevM/hqdefault.jpg,"KBO 수비상 박찬호, 2년 연속 10승 이의리, 12개월 내내 야구한 최지민에게 장어 먹이고 옴｜2023 리뷰 EP 1",3D8IPCdkevM
"죽어도 신분을 밝히지 않는 고차원의 #마피아게임!
유승철 박정우 변우혁 황동하 김찬민 윤영철 중 마피아는 누구?
갸티비와 함께 모두 즐거운 크리스마스 보내세요! 🎄✨



*영상과 관련이 없거나, 근거 없는 루머/욕설/비난/도배 댓글은
댓글 삭제 또는 ID 차단이 됩니다. 모두가 즐거운 갸티비를 만들어주세요.

*비시즌에는 매주 수요일 & 일요일에 콘텐츠를 올려드립니다",KIA,https://i.ytimg.com/vi/9ylBkYgnE_0/hqdefault.jpg,삼세판 물고 뜯는 마피아게임 대결! 🧨💥｜유승철 박정우 변우혁 황동하 김찬민 윤영철,9ylBkYgnE_0
"지난 스프링캠프 고요속의 외침 벌칙으로 당첨된 '중현이네 횟집알바' 🐟🦐
평생 야구만 해 온 이준영 김호령의 알바 현장을 공개합니다



*영상과 관련이 없거나, 근거 없는 루머/욕설/비난/도배 댓글은
댓글 삭제 또는 ID 차단이 됩니다. 모두가 즐거운 갸티비를 만들어주세요.

*비시즌에는 매주 수요일 & 일요일에 콘텐츠를 올려드립니다


#독도횟집",KIA,https://i.ytimg.com/vi/0dEaE4y8iHE/hqdefault.jpg,광주 횟집에 갔더니 야구 선수가? 🫢 | 김호령 이준영의 일일 횟집 아르바이트,0dEaE4y8iHE
"지난번 응원가 퀴즈쇼에서 마지막 남은 자가 된 24 신인 성영탁
아쉬움을 만회하기 위해 액션캠을 들었는데..! 📹
→ https://www.youtube.com/watch?v=zmbAS4hu__M



*영상과 관련이 없거나, 근거 없는 루머/욕설/비난/도배 댓글은
댓글 삭제 또는 ID 차단이 됩니다. 모두가 즐거운 갸티비를 만들어주세요.

*비시즌에는 매주 수요일 & 일요일에 콘텐츠를 올려드립니다",KIA,https://i.ytimg.com/vi/jKs7iZTUzTE/hqdefault.jpg,무려 새벽 6시에 출근(!)하는 함평 훈련 브이로그 | 성영탁 조대현 김태윤 📹,jKs7iZTUzTE
"1군 그라운드에서 직접 응원가를 들을 날을 기다리며 🙏🏻



*영상과 관련이 없거나, 근거 없는 루머/욕설/비난/도배 댓글은
댓글 삭제 또는 ID 차단이 됩니다. 모두가 즐거운 갸티비를 만들어주세요.

*비시즌에는 매주 수요일 & 일요일에 콘텐츠를 올려드립니다",KIA,https://i.ytimg.com/vi/zmbAS4hu__M/hqdefault.jpg,입단 1개월차 24 신인들이 모였다! 응원가 교실이 된 퀴즈쇼 🎓🎶,zmbAS4hu__M
"일본어 1도 모르지만 밥 잘 먹어요 🥩🍧🍜 
2023 마무리캠프 브이로그



*영상과 관련이 없거나, 근거 없는 루머/욕설/비난/도배 댓글은
댓글 삭제 또는 ID 차단이 됩니다. 모두가 즐거운 갸티비를 만들어주세요.

*비시즌에는 매주 수요일 & 일요일에 콘텐츠를 올려드립니다",KIA,https://i.ytimg.com/vi/sZYMpeBXCXM/hqdefault.jpg,24 신인 이상준 김두현 브이로그 📹✨,sZYMpeBXCXM
"박준표 윤중현 한준수 광주 네이티브들이
일본에서 맛있기로 유명한 편의점을 털어봤습니다
(그런데 어째 고르는 것마다 영...ㅋㅋㅋㅋㅋ)


*영상과 관련이 없거나, 근거 없는 루머/욕설/비난/도배 댓글은
댓글 삭제 또는 ID 차단이 됩니다. 모두가 즐거운 갸티비를 만들어주세요.

*비시즌에는 매주 수요일 & 일요일에 콘텐츠를 올려드립니다",KIA,https://i.ytimg.com/vi/IOyd0wmqw2g/hqdefault.jpg,10만원 FLEX ✨ 일본 편의점 추천 음식 & 비추천 음식 모두 알려드림 ｜박준표 윤중현 한준수,IOyd0wmqw2g
"KIA 타이거즈 허벅지 왕 선발 대회(?)


*영상과 관련이 없거나, 근거 없는 루머/욕설/비난/도배 댓글은
댓글 삭제 또는 ID 차단이 됩니다. 모두가 즐거운 갸티비를 만들어주세요.

*정규시즌 중, 매주 월요일에 경기 영상 외의 콘텐츠가 업로드 됩니다.",KIA,https://i.ytimg.com/vi/39pr6NNuwzs/hqdefault.jpg,아니 어떻게 사람 허벅지가 ○○인치..? 🦵🏻｜실험갸메라,39pr6NNuwzs
"물수능(?)인 이번 제 6회 #KIA능력시험 에서는 100점 최초 탄생!
#수험생_여러분의_최고_능력_발휘를_기원합니다 🙏🏻



*영상과 관련이 없거나, 근거 없는 루머/욕설/비난/도배 댓글은
댓글 삭제 또는 ID 차단이 됩니다. 모두가 즐거운 갸티비를 만들어주세요.

*비시즌에는 매주 수요일 & 일요일에 콘텐츠를 올려드립니다",KIA,https://i.ytimg.com/vi/UIQiny5okZw/hqdefault.jpg,🎓 제 6회 KIA 능력시험 결과는? 🎓 김건국 김태군 한준수 최지민 조대현 이상준,UIQiny5okZw
"정해원과 오키나와 캠프 숙소 주변 답사 같이 해봐요 🏖️🍦



*영상과 관련이 없거나, 근거 없는 루머/욕설/비난/도배 댓글은
댓글 삭제 또는 ID 차단이 됩니다. 모두가 즐거운 갸티비를 만들어주세요.

*비시즌에는 매주 수요일 & 일요일에 콘텐츠를 올려드립니다",KIA,https://i.ytimg.com/vi/SYGs63I0LKg/hqdefault.jpg,"편의점, 해변, 편의점, 산책, 편의점 가는 선수 일상 | 정해원 vlog #2 🍦",SYGs63I0LKg
"2023 일본 오키나와 출국날,
만나기만 하면 투닥거리는 04즈 #정해원 #윤영철
그리고 밥 잘 사주는 형 #변우혁



*영상과 관련이 없거나, 근거 없는 루머/욕설/비난/도배 댓글은
댓글 삭제 또는 ID 차단이 됩니다. 모두가 즐거운 갸티비를 만들어주세요.

*비시즌에는 매주 수요일 & 일요일에 콘텐츠를 올려드립니다",KIA,https://i.ytimg.com/vi/IJXbGVKw1i8/hqdefault.jpg,[vlog] 정해원의 인생 첫 브이로그 📹 (feat. 변우혁 윤영철) | 마무리캠프,IJXbGVKw1i8
"아니 이번엔 수원에서..?
여러 팬분께서 알려주신 팬티 분실 사건 2!
누구 것인지 또 취재해왔습니다



*영상과 관련이 없거나, 근거 없는 루머/욕설/비난/도배 댓글은
댓글 삭제 또는 ID 차단이 됩니다. 모두가 즐거운 갸티비를 만들어주세요.

*비시즌에는 매주 수요일 & 일요일에 콘텐츠를 올려드립니다",KIA,https://i.ytimg.com/vi/XBgvUFwtHL0/hqdefault.jpg,팬티 주인 찾았습니다(?) | 빤데렐라 시즌2,XBgvUFwtHL0
"KIA 타이거즈 대표 TMT(Too Much Talker)만 모았다!



*영상과 관련이 없거나, 근거 없는 루머/욕설/비난/도배 댓글은
댓글 삭제 또는 ID 차단이 됩니다. 모두가 즐거운 갸티비를 만들어주세요.

*정규시즌 중, 매주 월요일에 경기 영상 외의 콘텐츠가 업로드 됩니다.",KIA,https://i.ytimg.com/vi/65hw_yYTJn8/hqdefault.jpg,나성범 최원준 이의리가 스튜디오에 모이면? 🗣️ (기아 대표 투머치토커 모임),65hw_yYTJn8
"토종 한국인인 내가 여기서는 영어 네이티브..? 
한글날 기념 외래어 금지 ❌ 컬링!


*영상과 관련이 없거나, 근거 없는 루머/욕설/비난/도배 댓글은
댓글 삭제 또는 ID 차단이 됩니다. 모두가 즐거운 갸티비를 만들어주세요.

*정규시즌 중, 매주 월요일에 경기 영상 외의 콘텐츠가 업로드 됩니다.",KIA,https://i.ytimg.com/vi/2Td3O35L714/hqdefault.jpg,“제발 영어 쓰지마..” 한글날 특집 훈민정음 컬링 🥌🎮,2Td3O35L714
"2003년생들의 최강 케미, 갸티비를 통해 확인하셨죠?
#컴프야V23 덕분에 둘의 맞대결이 빠르게 성사됐습니다 😊
10월 2일(월) 18시 30분 최초공개!


📌 #컴투스프로야구V23 을 더 재미있게 즐기는 방법
✌게임 다운로드 : http://play.withhive.com/r?c=13245
✌쿠폰 사용기한 : 2023년 12월 31일까지 (선착순 10만개)
✌쿠폰 등록 방법
① 게임 실행 → [구단관리] → [새소식] → [이벤트 쿠폰 교환소]
② 쿠폰 코드 입력 : jammanbo39
③  우편함에서 아이템 확인



*영상과 관련이 없거나, 근거 없는 루머/욕설/비난/도배 댓글은
댓글 삭제 또는 ID 차단이 됩니다. 모두가 즐거운 갸티비를 만들어주세요.

*정규시즌 중, 매주 월요일에 경기 영상 외의 콘텐츠가 업로드 됩니다.",KIA,https://i.ytimg.com/vi/vamPsfftPko/hqdefault.jpg,'톰과 제리' 최지민 🆚 김도영이 붙었다! (광고),vamPsfftPko
"추석 이벤트 당첨자는 입력하신 이메일 주소 기준
psn917*, kky88544*, tjdwl392* 님입니다! (개별 메일 발송) 
선물은 추석 연휴 이후 발송될 예정입니다.

참여해주신 모든 분들 감사 드리며,
남은 연휴 즐겁게 보내시길 바라겠습니다 :)



*영상과 관련이 없거나, 근거 없는 루머/욕설/비난/도배 댓글은
댓글 삭제 또는 ID 차단이 됩니다. 모두가 즐거운 갸티비를 만들어주세요.

*정규시즌 중, 매주 월요일에 경기 영상 외의 콘텐츠가 업로드 됩니다.",KIA,https://i.ytimg.com/vi/5s_iT4wkoMY/hqdefault.jpg,갸티비배 제 1대 제기차기 👑왕👑은?,5s_iT4wkoMY
"삼겹살 콘텐츠 냄새(?)에
급기야 NC 선수들까지 참여하고 마는데..!

#오늘은야없날이아니라일찍왔습니다 #무엇이든물어보세요


*영상과 관련이 없거나, 근거 없는 루머/욕설/비난/도배 댓글은
댓글 삭제 또는 ID 차단이 됩니다. 모두가 즐거운 갸티비를 만들어주세요.

*정규시즌 중, 매주 월요일에 경기 영상 외의 콘텐츠가 업로드 됩니다.",KIA,https://i.ytimg.com/vi/8Ennd8qGcPI/hqdefault.jpg,과연 야구 선수는 삼겹살 몇 인분 먹을까? 🥩🍴 (feat. NC 다이노스),8Ennd8qGcPI
"KIA타이거즈 N년차에게 물었다
본인의 드래프트 지명 당시 & N년 간 프로 생활을 돌아보는 이번 콘텐츠!

✅ 00:11 2023 3R 정해원
✅ 03:59 2019 7R 김민수
✅ 06:40 2017 3R 김석환
✅ 12:04 2023 5R 곽도규

#나도_신인일_때가_있었지



*영상과 관련이 없거나, 근거 없는 루머/욕설/비난/도배 댓글은
댓글 삭제 또는 ID 차단이 됩니다. 모두가 즐거운 갸티비를 만들어주세요.

*정규시즌 중, 매주 월요일에 경기 영상 외의 콘텐츠가 업로드 됩니다.



🎵Music provided by 브금대통령
🎵Track : 한편의 영화 같은 감성 Vlog BGM 모음집 - https://youtu.be/wSJqMDzKtdU​
🎵Track : 봄에 듣기좋은 BGM 모음 https://youtu.be/RmFf5BURob0
🎵Track : 여름밤의 꿈 - https://youtu.be/hC29Vt9u6T0
🎵Track : Butterfly's Wing - https://www.youtube.com/watch?v=uX0fHYUF8Sw
🎵Track : 내 꿈은 말이지 - https://youtu.be/8US4NF1bzlE",KIA,https://i.ytimg.com/vi/pnp_2kcpgGM/hqdefault.jpg,"내 드래프트 때 기억나나요, 프로와 아마의 다른 점은, 프로 와서 가장 좋은 점, 24 신인들에게 ✉️ | 채널 퓨처스",pnp_2kcpgGM
"💌 contact: kiatigers2010@gmail.com 

소리함/설문조사와 제작진의 아이디어를 더해 만든 이번 무인갸메라~

제보해주신 분께 선물 드릴 예정이니, 성함/주소/연락처와 함께 저 위 메일로 연락주세요!



*영상과 관련이 없거나, 근거 없는 루머/욕설/비난/도배 댓글은
댓글 삭제 또는 ID 차단이 됩니다. 모두가 즐거운 갸티비를 만들어주세요.

*정규시즌 중, 매주 월요일에 경기 영상 외의 콘텐츠가 업로드 됩니다.",KIA,https://i.ytimg.com/vi/27UmFi_Z-0M/hqdefault.jpg,이정도면 거의 도플갱어 아님?;;; 닮은꼴 찾기 무인갸메라,27UmFi_Z-0M
"여러분은 잠 온다 VS 졸려 중 어떤 말을 더 많이 쓰시나요🤔?

댓글을 남겨주신 분들중 랜덤 추첨을 통해 
찌는 듯한 여름 더위를 확! 깨워줄 아이스윙을 선물로 드립니다.
(참여 기간: ~8/23 수)




*영상과 관련이 없거나, 근거 없는 루머/욕설/비난/도배 댓글은
댓글 삭제 또는 ID 차단이 됩니다. 모두가 즐거운 갸티비를 만들어주세요.

*정규시즌 중, 매주 월요일에 경기 영상 외의 콘텐츠가 업로드 됩니다.",KIA,https://i.ytimg.com/vi/yys9QJhR1ZY/hqdefault.jpg,"잠 와 VS 졸려, 진짜 지역마다 다름?",yys9QJhR1ZY
"7월 갸티비 커뮤니티를 통해 공모받은
여름 고민들 중 대다수를 차지한 ‘무더위 이겨내는 법’
그리고 ’(우취됐을 때) 광주에서 할 만한 것‘을 추천드립니다!

당첨되신 분께는 선수들이 적극 추천한 아이스윙을 보내드렸으며
이번주 중 받으실 수 있습니다 :)

➡️ 아이스윙 구매하기 https://bit.ly/45f664K



*영상과 관련이 없거나, 근거 없는 루머/욕설/비난/도배 댓글은
댓글 삭제 또는 ID 차단이 됩니다. 모두가 즐거운 갸티비를 만들어주세요.

*정규시즌 중, 매주 월요일에 경기 영상 외의 콘텐츠가 업로드 됩니다.


#챔필상담소",KIA,https://i.ytimg.com/vi/VwHdz7Bn4kc/hqdefault.jpg,‘체감 온도 35도 ♨️’에 야구장 가는 법 (아이템 추천 有) |  챔필상담소,VwHdz7Bn4kc
"밥 맛있기로 소문난 챔필!
무더운 여름, 선수들의 기력 회복을 위해
구단에서 7~8월 동안 마련한 특별 보양식🍴  #챔스토랑

 비수도권 원정 경기 덕관은 없습니다~!



*영상과 관련이 없거나, 근거 없는 루머/욕설/비난/도배 댓글은
댓글 삭제 또는 ID 차단이 됩니다. 모두가 즐거운 갸티비를 만들어주세요.

*정규시즌 중, 매주 월요일에 경기 영상 외의 콘텐츠가 업로드 됩니다.",KIA,https://i.ytimg.com/vi/zzzj1PJEDO8/hqdefault.jpg,KBO에 맛집으로 소문났다고요? 무려 살치살 나옵니다 🥩🍴[챔스토랑],zzzj1PJEDO8
"#전라도사투리고사 시즌 2가 나왔다고 해서
풀어본 광주 출신 야구선수들 😁


✅ 제 2회 사투리 능력 고사 문제지 출처: https://ddooddoo.com/ko/games/tone2/



*영상과 관련이 없거나, 근거 없는 루머/욕설/비난/도배 댓글은
댓글 삭제 또는 ID 차단이 됩니다. 모두가 즐거운 갸티비를 만들어주세요.

*정규시즌 중, 매주 월요일에 경기 영상 외의 콘텐츠가 업로드 됩니다.",KIA,https://i.ytimg.com/vi/Vtpk5IzbIao/hqdefault.jpg,"To. 뚜뚜닷컴, 전라도 사투리 고사에 이의있습니다  🙋🏻‍♀",Vtpk5IzbIao
"우취 대비해 미리 촬영해둔 영상
올스타전 취소는 안됐지만 영상 풉니다!

+기왕이면 금목걸이-클러치 둘 다 하지 않는 ㄱㅔ..^^



*영상과 관련이 없거나, 근거 없는 루머/욕설/비난/도배 댓글은
댓글 삭제 또는 ID 차단이 됩니다. 모두가 즐거운 갸티비를 만들어주세요.

*정규시즌 중, 매주 월요일에 경기 영상 외의 콘텐츠가 업로드 됩니다.",KIA,https://i.ytimg.com/vi/qko1LzUOYc0/hqdefault.jpg,야구 선수 필수템 '금목걸이 VS 클러치' 중 딱! 하나만 고른다면? (둘 다 하지ㅁ...),qko1LzUOYc0
"직관에서도, 집관에서도, 온라인에서도,
KIA 팬들이 바로 이 구역 응원왕!

여러분도 지금 바로 스포키에서 여러분의 응원력을 뽐내주세요!
추첨을 통해 5분께 선수 친필 사인 모자를 선물로 드립니다 

✅ 이벤트 참여 링크 : https://bit.ly/3IC9Owr
✅ 참여 방법: 스포키 로그인 ▶ KIA 타이거즈 팀 구독 ▶ 팀 '스포키톡' 접속 ▶ 응원 문구 작성 ([응원이벤트] 말머리 필수 포함)
✅ 참여 기간: 5/29(월)~6/4(일)
✅ 당첨자 발표: 6/7(수), 선수 친필 사인 모자(5명)
(당첨되신 분께는 댓글을 남겨주신 ID의 이메일 주소로 스포키에서 별도 안내 드립니다)



* 이 영상은 LG U+ 의 지원으로 제작되었습니다.

*영상과 관련이 없거나, 근거 없는 루머/욕설/비난/도배 댓글은
댓글 삭제 또는 ID 차단이 됩니다. 모두가 즐거운 갸티비를 만들어주세요.

*정규 시즌 중, 매주 월요일에 경기 영상 외의 콘텐츠가 업로드 됩니다.",KIA,https://i.ytimg.com/vi/fa8N4_9OUu0/hqdefault.jpg,(광고) 갸퀴즈~? 열심히 응원만 했을 뿐인데.. 선수 친필 사인 선물이?! ｜갸퀴즈온더블럭 with 스포키,fa8N4_9OUu0
"올해 첫 원정 길에 취재해 온 새로운 프리미엄 버스(KBO 최초!)
선수들의 자리는 어딜까요!?🎥

*영상과 관련이 없거나, 비방/도배 댓글은 댓글 삭제 또는 ID 차단이 됩니다. 
모두가 즐거운 갸티비를 만들어주세요.

*정규시즌 중, 매주 월요일에 경기 영상 외의 콘텐츠가 업로드됩니다",KIA,https://i.ytimg.com/vi/prpCE9f7ZgY/hqdefault.jpg,KBO 최초 프리미엄 버스!👍🏻 야수조 버스에 직접 타봤습니다!,prpCE9f7ZgY
"大광주일고 大동성고 大충암고가 맞붙은 양세찬 게임 결과는? 👀
(영상 일부 수정이 안되어있어 재업합니다. 이전 영상과 내용은 동일합니다)

*영상과 관련이 없거나 비방 댓글은 삭제 또는 ID 차단이 됩니다. 
모두가 즐거운 갸티비를 만들어주세요.
*비시즌 정기 업로드일은 매주 수/토요일, 시즌에는 매주 월요일입니다.

#모교대전",KIA,https://i.ytimg.com/vi/WZFhhry2Fo0/hqdefault.jpg,'양세찬 게임'을 광주일고-동성고-충암고가 한다면?,WZFhhry2Fo0
"이번 스캠 때 준비한 고요 속의 외침😆
박찬호-한승택, 이준영-김호령, 윤중현-전상현 배꼽 빠졌다는 후문..

*영상과 관련이 없거나 비방 댓글은 삭제 또는 ID 차단이 됩니다. 
모두가 즐거운 갸티비를 만들어주세요.
*비시즌 정기 업로드일은 매주 수/토요일, 시즌에는 매주 월요일입니다.",KIA,https://i.ytimg.com/vi/UTnCu8EzB7Y/hqdefault.jpg,재밌을 거라고는 예상했는데 이정도로 재밌을 줄이야..ㅋㅋㅋㅋㅋ [고요 속의 외침],UTnCu8EzB7Y
"야구만 해서 몰라 뵀습니다. 죄송합니다.
#야구밖에_모르는_바보 #인물퀴즈 

훈련 후에도 시간 내 참여해준 2022신인 선수 고맙습니다 ❤️
#강병우 #김찬민 #신명승 #한승연

*영상과 관련이 없거나 비방 댓글은 삭제 또는 ID 차단이 됩니다.
모두가 즐거운 갸티비를 만들어주세요!",KIA,https://i.ytimg.com/vi/okQS35Fn-Ag/hqdefault.jpg,말 한마디에 대역 죄인되는 인물 퀴즈,okQS35Fn-Ag
"12월 설문조사에서 많은 분들이 원하셨던 그 게임, #런닝맨 #양세찬게임 🔥",KIA,https://i.ytimg.com/vi/4P9AymFJgus/hqdefault.jpg,"요청하신 양세찬 게임 나왔습니다🙆🏻‍♀️ ""KBO에 이런 선수가 있다고???""",4P9AymFJgus
"늦은 밤, 구장으로 떠난 그들에게 무슨 일이..?
#인물퀴즈가_쏘아_올린_담력훈련 #인물퀴즈_벌칙_2편",KIA,https://i.ytimg.com/vi/1m3k4TqWk5k/hqdefault.jpg,"주의! ❌곤지암 시청자, 노약자, 임산부는 클릭하지 마세요❌ [야간 담력 훈련]",1m3k4TqWk5k
"함평 스프링캠프는 커피에 진심이었습니다 ☕

#인물퀴즈는_틀려야_제맛 #담력훈련_커밍쑨",KIA,https://i.ytimg.com/vi/veqbLAvJ5nk/hqdefault.jpg,온갖 땡!과 까나리카노🖤가 난무하는 [인물퀴즈],veqbLAvJ5nk
"모든 순간 순간이 의미있었던
이번 한국시리즈를 돌아봅니다.

0:00 1차전
2:44 2차전
4:55 3차전
6:47 4차전
9:35 5차전
13:19 마지막 1구
13:24 우승콜1
13:49 우승콜2
14:05 우승콜3
14:29 우승 행사


*영상과 관련이 없거나, 근거 없는 루머/욕설/비난/도배 댓글은
댓글 삭제 또는 ID 차단이 됩니다. 모두가 즐거운 갸티비를 만들어주세요.",KIA,https://i.ytimg.com/vi/Hac_l6kFO6M/hqdefault.jpg,‘무한 재생될 우리의 불패신화’ 2024 기아타이거즈 한국시리즈 우승 하이라이트,Hac_l6kFO6M
"한국시리즈 우승!
이범호 감독 선수 시절 응원가를 부르는 팬



*영상과 관련이 없거나, 근거 없는 루머/욕설/비난/도배 댓글은
댓글 삭제 또는 ID 차단이 됩니다. 모두가 즐거운 갸티비를 만들어주세요.",KIA,https://i.ytimg.com/vi/a54D1ng3EvE/hqdefault.jpg,팬들이 영원히 이범호 감독 응원가를 불러,a54D1ng3EvE
"0:00 라인업송
1:52 1회말 박찬호 안타
2:46 희생플라이로 1득점
3:02 기아 없이는 못 살아~
3:29 3회초 이창진 슈퍼캐치
3:55 3회말 김도영 안타
4:40 나성범 안타
5:19 최형우 적시타
6:16 4회초 플래시 응원
7:27 5회말 최형우 홈런
8:29 우리는 하나 머플러 응원
9:57 동점!!!!
11:00 6회말 소크라테스 안타
11:38 최강기아를 위해
13:47 6회말 김태군 적시타. 역전!
14:26 최강기아 승리하리라
15:35 8회말 박찬호 적시타
16:40 남행열차
17:48 우승의 마지막 아웃카운트!




*영상과 관련이 없거나, 근거 없는 루머/욕설/비난/도배 댓글은
댓글 삭제 또는 ID 차단이 됩니다. 모두가 즐거운 갸티비를 만들어주세요.",KIA,https://i.ytimg.com/vi/Vjc0V-rVzlA/hqdefault.jpg,'챔필이 들썩였다' 한국시리즈 5차전 열광의 응원 현장,Vjc0V-rVzlA
"한국시리즈 5차전,
짜릿했던 동점, 역전, 그리고 우승의 순간 다시 보시죠!

0:00 경기 전 파이팅
18:41 우승을 확정짓는 삼진
21:20 5차전 MVP
22:31 수훈선수 인터뷰 김도현


*영상과 관련이 없거나, 근거 없는 루머/욕설/비난/도배 댓글은
댓글 삭제 또는 ID 차단이 됩니다. 모두가 즐거운 갸티비를 만들어주세요.",KIA,https://i.ytimg.com/vi/OCWJSLuaCbM/hqdefault.jpg,"압도했다, 기아타이거즈! 통합우승 달성의 순간! 🏆 [KS 5차전 챔필덕관]",OCWJSLuaCbM
"*영상과 관련이 없거나, 근거 없는 루머/욕설/비난/도배 댓글은
댓글 삭제 또는 ID 차단이 됩니다. 모두가 즐거운 갸티비를 만들어주세요.",KIA,https://i.ytimg.com/vi/CWDAbmIgfvA/hqdefault.jpg,2024 한국시리즈 우승콜,CWDAbmIgfvA
"2024 KBO 리그 통합우승을 차지한
선수단 & 팬 여러분 모두 축하합니다!


*영상과 관련이 없거나, 근거 없는 루머/욕설/비난/도배 댓글은
댓글 삭제 또는 ID 차단이 됩니다. 모두가 즐거운 갸티비를 만들어주세요.",KIA,https://i.ytimg.com/vi/aRrteDRC3kQ/hqdefault.jpg,🏆 우승팀 누구? 🏆 ｜한국시리즈 5차전 하이라이트,aRrteDRC3kQ
"0:35 경기 전 파이팅
0:48 1회초 박찬호 내야 안타
1:08 김선빈 10구 승부
2:09 선취 득점
2:34 1회말 선발투수 네일
3:14 네일의 포효
4:00 2회말
5:03 3회초 김선빈 안타
5:18 김도영 볼넷
5:24 나성범 안타로 무사 만루
5:35 테스 2타점 적시타
6:16 최원준 희생번트 성공
6:43 이창진 볼넷으로 다시 만루
6:51 김태군 만루홈런
8:45 3회말
10:18 6회초 나성범 안타
10:33 소크라테스 쐐기포
12:03 오늘도 아트 피칭 후 내려오는 네일
13:20 6회말 이준영
14:02 7회말 장현식 삼자범퇴
15:06 8회말 곽도규
16:05 9회말 황동하 삼자범퇴
17:15 승리의 하이파이브
17:53 KS 4차전 MVP 김태군
19:12 수훈선수 인터뷰 4출루 4타점 소크라테스




*영상과 관련이 없거나, 근거 없는 루머/욕설/비난/도배 댓글은
댓글 삭제 또는 ID 차단이 됩니다. 모두가 즐거운 갸티비를 만들어주세요.",KIA,https://i.ytimg.com/vi/SNLJ3lywnAI/hqdefault.jpg,"김태군: ""광주에서 트로피 들겠습니다"" 🏆｜한국시리즈 4차전 덕관",SNLJ3lywnAI
"4차전 9:2로 완벽 승!
시리즈 전적 3승 1패로, 이제 한국시리즈 우승까지 1승 남음 🏆



*영상과 관련이 없거나, 근거 없는 루머/욕설/비난/도배 댓글은
댓글 삭제 또는 ID 차단이 됩니다. 모두가 즐거운 갸티비를 만들어주세요.",KIA,https://i.ytimg.com/vi/LoXa7FXWw_Q/hqdefault.jpg,4차전도 이겼다!!!!!!! 승리 직후 선수들 반응,LoXa7FXWw_Q
"김태군



*영상과 관련이 없거나, 근거 없는 루머/욕설/비난/도배 댓글은
댓글 삭제 또는 ID 차단이 됩니다. 모두가 즐거운 갸티비를 만들어주세요.",KIA,https://i.ytimg.com/vi/L6dXyyQBv8o/hqdefault.jpg,인생 첫 만루홈런을 한국시리즈에서 때린 선수,L6dXyyQBv8o
"9:2 승리!



영상과 관련이 없거나, 근거 없는 루머/욕설/비난/도배 댓글은
댓글 삭제 또는 ID 차단이 됩니다. 모두가 즐거운 갸티비를 만들어주세요.",KIA,https://i.ytimg.com/vi/mZX2ule1wsI/hqdefault.jpg,"네일 승리투수, 김태군 만루포, 테스 4타점! | 한국시리즈 4차전 하이라이트",mZX2ule1wsI
"한국시리즈 1차전
승리를 향한 선수들의 의지도, 여러분 응원도 가득했습니다! 

0:15 권력있는 라인업송
2:02 2회말 김선빈 3루타
2:41 3회초 3루 주자 아웃
3:33 6회초 무사 1, 2루 막음
4:39 사랑한다 KIA 
6:22 최강 KIA를 위해
7:19 7회말 최원준 안타로 무사 1,2루
7:55 7회말 김태군 번트로 1사 2,3루
8:18 7회말 동점
9:08 7회말 역전
9:45 7회말 소크라테스 적시타
10:35 외쳐라 최강 KIA
12:19 7회말 김도영 적시타
13:00 응원타월 응원
13:43 8회말 최원준 안타
14:16 파도 타봅시다!
14:54 8회말 김태군 적시타
15:18 1차전 승리 순간!


*영상과 관련이 없거나, 근거 없는 루머/욕설/비난/도배 댓글은
댓글 삭제 또는 ID 차단이 됩니다. 모두가 즐거운 갸티비를 만들어주세요.",KIA,https://i.ytimg.com/vi/PyMeWBrsMEo/hqdefault.jpg,상대팀에서 보는 응원은 이렇게 압도적입니다 | KS 1차전 응원캠,PyMeWBrsMEo
"1차전에 이어 2차전도 승리하며
한국시리즈 우승 확률 90%로 상승!
대구에서도 힘낼 수 있게 응원 많이 보내주세요 🏆

0:00 경기 전 파이팅
0:15 2차전 선발 투수 양현종
1:38 1회말 박찬호 볼넷 출루
1:51 소크라테스 안타
2:21 김도영 선취점
2:56 최형우 적시타
3:22 나성범 안타
3:33 김선빈 적시타
4:09 이우성 적시타
4:43  2회초
6:02 2회말 김도영 홈런
9:12 5회말 최형우
9:37 나성범 안타
9:48 김선빈 희생플라이
11:06 6회초 이준영
11:35 6회초 장현식
12:24 나성범 나이스 송구
13:56 8회초 곽도규
14:51 8회말 김선빈 안타
15:15 김규성 3루 안착
15:41 김태군 희생플라이
16:27 9회초 정해영
16:58 승리의 하이파이브
17:28 수훈선수 인터뷰_곽도규


*영상과 관련이 없거나, 근거 없는 루머/욕설/비난/도배 댓글은
댓글 삭제 또는 ID 차단이 됩니다. 모두가 즐거운 갸티비를 만들어주세요.",KIA,https://i.ytimg.com/vi/houfuekJk_U/hqdefault.jpg,'2024년에도 양현종' KS 우승 확률 90% 🏆｜한국시리즈 2차전 챔필덕관,houfuekJk_U
"선수들이 6회초 위기를 지켜내고
이어 역전을 만들어내며 1차전 승리했습니다! 🔥

⏰ 주요 타임라인
0:00 한국시리즈 첫 경기 현장
2:03 경기 전 파이팅
2:19 1차전 선발 투수 제임스 네일
3:00 James is back
3:17 2회초
4:16 2회말
5:21 3회초
6:28 4회초
7:45 5회초
9:14 6회초
10:33 서스펜디드 경기 전
11:14 6회초 전상현이 막았다
13:17 7회초
15:20 7회말
16:35 7회말 김태군 희생번트
17:03 1:1 동점
17:41 1:2 역전
18:15 소크라테스 적시타
19:05 김도영 적시타
20:15 8회초 곽도규
21:42 8회말 최원준 안타
22:04 김태군 적시타
22:48 9회초 정해영
23:52 승리의 하이파이브
24:21 수훈선수 인터뷰_네일



*영상과 관련이 없거나, 근거 없는 루머/욕설/비난/도배 댓글은
댓글 삭제 또는 ID 차단이 됩니다. 모두가 즐거운 갸티비를 만들어주세요.",KIA,https://i.ytimg.com/vi/qMuKwY0Yub8/hqdefault.jpg,1차전 분위기 전상현이 바꿨다!｜한국시리즈 1차전 챔필덕관,qMuKwY0Yub8
"2차전 승리 직후 선수단 💪🏻🏆




*영상과 관련이 없거나, 근거 없는 루머/욕설/비난/도배 댓글은
댓글 삭제 또는 ID 차단이 됩니다. 모두가 즐거운 갸티비를 만들어주세요.",KIA,https://i.ytimg.com/vi/fcm1a_s9cuY/hqdefault.jpg,2차전도 이겼다!!!!! 승리 직후 선수들 반응,fcm1a_s9cuY
"8:3 ! 2차전도 승리!


*영상과 관련이 없거나, 근거 없는 루머/욕설/비난/도배 댓글은
댓글 삭제 또는 ID 차단이 됩니다. 모두가 즐거운 갸티비를 만들어주세요.",KIA,https://i.ytimg.com/vi/C-ug7Gc9268/hqdefault.jpg,하루 2경기 전승! 🔥｜한국시리즈 2차전 하이라이트,C-ug7Gc9268
"한국시리즈 1차전 5:1 승리!


*영상과 관련이 없거나, 근거 없는 루머/욕설/비난/도배 댓글은
댓글 삭제 또는 ID 차단이 됩니다. 모두가 즐거운 갸티비를 만들어주세요.",KIA,https://i.ytimg.com/vi/ZDJlEieZpeM/hqdefault.jpg,우리가 누구? 최강기아 🥇 ｜한국시리즈 1차전 하이라이트,ZDJlEieZpeM
"1차전 승리 직후 선수단 💪🏻🏆



*영상과 관련이 없거나, 근거 없는 루머/욕설/비난/도배 댓글은
댓글 삭제 또는 ID 차단이 됩니다. 모두가 즐거운 갸티비를 만들어주세요.",KIA,https://i.ytimg.com/vi/IQEVXN7ZzJc/hqdefault.jpg,1차전 이겼다!!!!!!!!!!! 승리 직후 선수들 반응,IQEVXN7ZzJc
"0:00 경기 전 파이팅
0:22 경기 시작
5:40 윤도현 데뷔 첫 홈런
8:29 정규시즌 마지막 하이파이브
9:04 수훈선수 인터뷰 박정우
12:52 수훈선수 인터뷰 라우어


*영상과 관련이 없거나, 근거 없는 루머/욕설/비난/도배 댓글은
댓글 삭제 또는 ID 차단이 됩니다. 모두가 즐거운 갸티비를 만들어주세요.",KIA,https://i.ytimg.com/vi/Oh_HpDS_fKg/hqdefault.jpg,다음 경기 안내: 한국시리즈 1차전 🏆｜ 9월 30일 KIA vs NC 챔필덕관,Oh_HpDS_fKg
"10:5 승리!


*영상과 관련이 없거나, 근거 없는 루머/욕설/비난/도배 댓글은
댓글 삭제 또는 ID 차단이 됩니다. 모두가 즐거운 갸티비를 만들어주세요.",KIA,https://i.ytimg.com/vi/AIdEpLU9qXM/hqdefault.jpg,"144경기의 마지막, 승리로 피날레! ❤️｜9월 30일 KIA vs NC 하이라이트",AIdEpLU9qXM
"2안타 김도영, 윤도현, 박찬호, 3타점 활약 변우혁 등 타자들의 12득점과
든든한 불펜 최지민-이준영-정해영이 함께 만든 대역전극!

*영상과 관련이 없거나, 근거 없는 루머/욕설/비난/도배 댓글은
댓글 삭제 또는 ID 차단이 됩니다. 모두가 즐거운 갸티비를 만들어주세요.",KIA,https://i.ytimg.com/vi/8sDKXawNh4Y/hqdefault.jpg,"대역전극🔥  6회 6득점, 7회에도 6득점! ㅣ 9월 28일 기아 VS 롯데 하이라이트",8sDKXawNh4Y
"0:00 경기전 파이팅
2:11 윤도현 데뷔 첫 2루타
3:35 박찬호 2점 홈런
4:55 김도현 7이닝 7K 무실점 QS+
5:57 유승철 1이닝 2K 무실점
8:31 승리의 하이파이브
9:06 수훈선수 인터뷰 윤도현
12:16 수훈선수 인터뷰 김도현


*영상과 관련이 없거나, 근거 없는 루머/욕설/비난/도배 댓글은
댓글 삭제 또는 ID 차단이 됩니다. 모두가 즐거운 갸티비를 만들어주세요.",KIA,https://i.ytimg.com/vi/4e7HF09PFGM/hqdefault.jpg,도현이도 잘하고 도현이도 잘하고🎶 | 9월 24일 KIA vs 삼성 챔필덕관,4e7HF09PFGM
"9월 23일 올해 첫 1군 경기에 나서
데뷔 첫 안타, 3안타, 타점, 득점을 올린 윤도현!
많은 응원 보내주세요


*영상과 관련이 없거나, 근거 없는 루머/욕설/비난/도배 댓글은
댓글 삭제 또는 ID 차단이 됩니다. 모두가 즐거운 갸티비를 만들어주세요",KIA,https://i.ytimg.com/vi/LVeZxrz9EL4/hqdefault.jpg,윤도현의 처음을 응원해,LVeZxrz9EL4
"0:00 경기 전 파이팅
0:10 김도영 38호 홈런 & 최다 득점 신기록
1:15 윤도현 데뷔 첫 안타
1:47 윤영철 복귀전 3이닝 무실점
3:14 김기훈 삼자범퇴 무실점
4:01 소크라테스 26호 홈런
4:37 김도영 40번째 도루 달성
4:55 윤도현 데뷔 첫 타점
8:02 승리의 하이파이브
8:36 수훈선수 인터뷰 윤영철
12:09 수훈선수 인터뷰 윤도현


*영상과 관련이 없거나, 근거 없는 루머/욕설/비난/도배 댓글은
댓글 삭제 또는 ID 차단이 됩니다. 모두가 즐거운 갸티비를 만들어주세요.",KIA,https://i.ytimg.com/vi/FqQt6IUU6ko/hqdefault.jpg,윤영철이 돌아왔다! | 9월 23일 KIA vs 삼성 챔필덕관,FqQt6IUU6ko
"5:3 승리!


*영상과 관련이 없거나, 근거 없는 루머/욕설/비난/도배 댓글은
댓글 삭제 또는 ID 차단이 됩니다. 모두가 즐거운 갸티비를 만들어주세요.",KIA,https://i.ytimg.com/vi/L6cTUpZUoww/hqdefault.jpg,윤영철 복귀투 + 윤도현 첫 안타 + 김도영 38-40!｜9월 23일 KIA vs 삼성 하이라이트,L6cTUpZUoww
"기아 우승을 기다리는 마음 다 똑같습니다 :)


*영상과 관련이 없거나, 근거 없는 루머/욕설/비난/도배 댓글은
댓글 삭제 또는 ID 차단이 됩니다. 모두가 즐거운 갸티비를 만들어주세요.",KIA,https://i.ytimg.com/vi/1-TGdXPiykg/hqdefault.jpg,9월 17일 우승날 더그아웃 뒷편에선..🏆,1-TGdXPiykg
"4:05 황동하 5이닝 호투
5:25 이우성 대타 역전 홈런
7:12 최원준 슈퍼캐치
8:06 쐐기를 박은 9회초
9:25 김도영 37호포
10:53 곽도규 무실점 투구


*영상과 관련이 없거나, 근거 없는 루머/욕설/비난/도배 댓글은
댓글 삭제 또는 ID 차단이 됩니다. 모두가 즐거운 갸티비를 만들어주세요.",KIA,https://i.ytimg.com/vi/DPxBEvM8uMw/hqdefault.jpg,한 방에 승부를 뒤집은 이우성 역전 홈런! ｜9월 16일 KIA vs KT 덕관,DPxBEvM8uMw
"11:5 승리!


*영상과 관련이 없거나, 근거 없는 루머/욕설/비난/도배 댓글은
댓글 삭제 또는 ID 차단이 됩니다. 모두가 즐거운 갸티비를 만들어주세요.",KIA,https://i.ytimg.com/vi/Y-bQoLtvtko/hqdefault.jpg,🏆 MAGIC NUMBER '1' ｜9월 16일 KIA vs KT 하이라이트,Y-bQoLtvtko
"4:39 끝내기 순간
6:05 수훈선수 인터뷰 스타우트
8:42 수훈선수 인터뷰 최형우


*영상과 관련이 없거나, 근거 없는 루머/욕설/비난/도배 댓글은
댓글 삭제 또는 ID 차단이 됩니다. 모두가 즐거운 갸티비를 만들어주세요.",KIA,https://i.ytimg.com/vi/I59RNm0ZAck/hqdefault.jpg,최형우가 끝냈다! | 9월 14일 KIA vs 키움 챔필덕관,I59RNm0ZAck
"3:2 승리!


*영상과 관련이 없거나, 근거 없는 루머/욕설/비난/도배 댓글은
댓글 삭제 또는 ID 차단이 됩니다. 모두가 즐거운 갸티비를 만들어주세요.",KIA,https://i.ytimg.com/vi/FxR1n2YrvHQ/hqdefault.jpg,매직넘버 김선빈(3) 🏆｜9월 14일 KIA vs 키움 하이라이트,FxR1n2YrvHQ
"최형우가 끝냈다! 매직넘버 3!


*영상과 관련이 없거나, 근거 없는 루머/욕설/비난/도배 댓글은
댓글 삭제 또는 ID 차단이 됩니다. 모두가 즐거운 갸티비를 만들어주세요.",KIA,https://i.ytimg.com/vi/5UStx0Ncxds/hqdefault.jpg,최형우에게 물을 뿌리는 자 누구?🌊 끝내기 직캠!,5UStx0Ncxds
"0:00 경기 전 파이팅
9:19 승리 하이파이브
9:51 수훈선수 인터뷰 라우어
12:36 수훈선수 인터뷰 박찬호


*영상과 관련이 없거나, 근거 없는 루머/욕설/비난/도배 댓글은
댓글 삭제 또는 ID 차단이 됩니다. 모두가 즐거운 갸티비를 만들어주세요.",KIA,https://i.ytimg.com/vi/7m4fTv3Yqrs/hqdefault.jpg,오늘 점심 친구 ‘5연승 타이거즈’ 등장 👋🏻 | 9월 12일 KIA vs 롯데 챔필덕관,7m4fTv3Yqrs
"기록이 쏟아진다 쏟아져

0:00 경기 전 파이팅
2:08 양현종 10시즌 연속 160이닝
3:04 양현종 7이닝 10K 호투
4:20 김도영 30 30 100 100 달성
6:17 정해영 시즌 30세이브 (통산 120세이브)
7:30 수훈선수 인터뷰 양현종
10:32 수훈선수 인터뷰 김도영



*영상과 관련이 없거나, 근거 없는 루머/욕설/비난/도배 댓글은
댓글 삭제 또는 ID 차단이 됩니다. 모두가 즐거운 갸티비를 만들어주세요.",KIA,https://i.ytimg.com/vi/CusNOellj_c/hqdefault.jpg,타이거즈 80승 선착하는 속도로 달려왔습니다｜9월 8일 KIA vs 키움 챔필덕관,CusNOellj_c
"5:2 승리!

*영상과 관련이 없거나, 근거 없는 루머/욕설/비난/도배 댓글은
댓글 삭제 또는 ID 차단이 됩니다. 모두가 즐거운 갸티비를 만들어주세요.",KIA,https://i.ytimg.com/vi/tM5ByWJxdi8/hqdefault.jpg,★80승★ 선착!｜ 9월 8일 KIA vs 키움 하이라이트,tM5ByWJxdi8
"0:00 스타우트의 파이팅
2:47 준수의 삐끼삐끼?
6:32 승리의 하이파이브
7:05 수훈선수 인터뷰 소크라테스
9:59 급 도규 인터뷰
10:30 수훈선수 인터뷰 스타우트


*영상과 관련이 없거나, 근거 없는 루머/욕설/비난/도배 댓글은
댓글 삭제 또는 ID 차단이 됩니다. 모두가 즐거운 갸티비를 만들어주세요.",KIA,https://i.ytimg.com/vi/gEFuKediyYM/hqdefault.jpg,만원 관중 앞에서 KKKKKKKK! | 9월 7일 KIA vs 키움 챔필덕관,gEFuKediyYM
"🥳



*영상과 관련이 없거나, 근거 없는 루머/욕설/비난/도배 댓글은
댓글 삭제 또는 ID 차단이 됩니다. 모두가 즐거운 갸티비를 만들어주세요.",KIA,https://i.ytimg.com/vi/HKJLrH6ivUM/hqdefault.jpg,스타우트 KBO 첫 승 파티를 위해 분주해진 뒷편 공개🌊 🪣,HKJLrH6ivUM
"6:2 승리!


*영상과 관련이 없거나, 근거 없는 루머/욕설/비난/도배 댓글은
댓글 삭제 또는 ID 차단이 됩니다. 모두가 즐거운 갸티비를 만들어주세요.",KIA,https://i.ytimg.com/vi/yIbbSJEbnaU/hqdefault.jpg,구단 역사상 최다 매진! 스타우트 첫 승!｜ 9월 7일 KIA vs 키움 하이라이트,yIbbSJEbnaU
"황동하 5이닝 5K 무실점. 올시즌 홈 첫 승!
한준수 연타석 홈런으로 5타점 경기!

0:00 경기 전 파이팅
9:56 승리 하이파이브 👋🏻
10:27 수훈선수 인터뷰 황동하
14:14 수훈선수 인터뷰 한준수



*영상과 관련이 없거나, 근거 없는 루머/욕설/비난/도배 댓글은
댓글 삭제 또는 ID 차단이 됩니다. 모두가 즐거운 갸티비를 만들어주세요.",KIA,https://i.ytimg.com/vi/w0EwPwppjnc/hqdefault.jpg,"황동하+한준수 배터리, 大勝 🏆 | 9월 6일 KIA vs 키움 챔필덕관",w0EwPwppjnc
"끝내기로 4:3 승리!



*영상과 관련이 없거나, 근거 없는 루머/욕설/비난/도배 댓글은
댓글 삭제 또는 ID 차단이 됩니다. 모두가 즐거운 갸티비를 만들어주세요.",KIA,https://i.ytimg.com/vi/I6APaRr2eyA/hqdefault.jpg,서건창이 또 끝냈습니다! + 라우어 퀄리티 스타트! | 9월 5일 KIA vs 한화 챔필덕관,I6APaRr2eyA
"4:3 승리!


*영상과 관련이 없거나, 근거 없는 루머/욕설/비난/도배 댓글은
댓글 삭제 또는 ID 차단이 됩니다. 모두가 즐거운 갸티비를 만들어주세요.",KIA,https://i.ytimg.com/vi/XeiHxAi8V1I/hqdefault.jpg,"10회말 안타, 희생번트, 그리고...!!!｜9월 5일 KIA vs 한화 하이라이트",XeiHxAi8V1I
"PROFES'SEO' 🎓



*영상과 관련이 없거나, 근거 없는 루머/욕설/비난/도배 댓글은
댓글 삭제 또는 ID 차단이 됩니다. 모두가 즐거운 갸티비를 만들어주세요.",KIA,https://i.ytimg.com/vi/JF7zsD5tZzQ/hqdefault.jpg,[직캠] 서건창 끝내기 안타!!!!!,JF7zsD5tZzQ
"한준수: 진짜 스트라이크를 던졌어요! 😯



*영상과 관련이 없거나, 근거 없는 루머/욕설/비난/도배 댓글은
댓글 삭제 또는 ID 차단이 됩니다. 모두가 즐거운 갸티비를 만들어주세요.",KIA,https://i.ytimg.com/vi/bMadx20lcIA/hqdefault.jpg,우주소녀 시구 선생님 반응,bMadx20lcIA
"0:53 개구리 소동 🐸
9:15 수훈선수 인터뷰 양현종
10:58 수훈선수 인터뷰 박찬호



*영상과 관련이 없거나, 근거 없는 루머/욕설/비난/도배 댓글은
댓글 삭제 또는 ID 차단이 됩니다. 모두가 즐거운 갸티비를 만들어주세요.",KIA,https://i.ytimg.com/vi/I63JLMgN4Ao/hqdefault.jpg,홈 신기록 + 좌완 최초 10시즌 150이닝 🎉 | 9월 3일 KIA vs LG 챔필덕관,I63JLMgN4Ao
"5이닝동안 점수를 막아준 불펜 &
차근차근 동점을 만들고
9회 2아웃에서 역전하며 6:5 승리!


*영상과 관련이 없거나, 근거 없는 루머/욕설/비난/도배 댓글은
댓글 삭제 또는 ID 차단이 됩니다. 모두가 즐거운 갸티비를 만들어주세요.",KIA,https://i.ytimg.com/vi/f6shbPSJNTg/hqdefault.jpg,KIA 타이거즈는 진짜 유명한 1위 맛집임 ｜ 9월 1일 KIA vs 삼성 하이라이트,f6shbPSJNTg
"치열했던 승부 끝, 15:13 승리!


*영상과 관련이 없거나, 근거 없는 루머/욕설/비난/도배 댓글은
댓글 삭제 또는 ID 차단이 됩니다. 모두가 즐거운 갸티비를 만들어주세요.",KIA,https://i.ytimg.com/vi/bNvONkgX62c/hqdefault.jpg,이겼습니다! ｜8월 31일 KIA vs 삼성 하이라이트,bNvONkgX62c
"0:23 김도영 KBO 최연소 최다 홈런
5:44 전상현 무사 만루 무실점
6:37 섹시투수 부채..
8:41 수훈선수 인터뷰 - 임기영
10:08 기영 아들 미르 등장 👶🏻
10:33 수훈선수 인터뷰 - 최원준


*영상과 관련이 없거나, 근거 없는 루머/욕설/비난/도배 댓글은
댓글 삭제 또는 ID 차단이 됩니다. 모두가 즐거운 갸티비를 만들어주세요.",KIA,https://i.ytimg.com/vi/L0vHVQ2rqRQ/hqdefault.jpg,저력을 믿고 전력을 다해 오늘도 승리! 100만 관중 돌파! ｜8월 28일 KIA vs SSG 챔필덕관,L0vHVQ2rqRQ
"7:6 승리!

*영상과 관련이 없거나, 근거 없는 루머/욕설/비난/도배 댓글은
댓글 삭제 또는 ID 차단이 됩니다. 모두가 즐거운 갸티비를 만들어주세요.",KIA,https://i.ytimg.com/vi/PGM2XqUPVYc/hqdefault.jpg,선발 전원 안타🔥 + 김도영 최연소 최다 홈런｜8월 28일 KIA vs SSG 하이라이트,PGM2XqUPVYc
"최형우의 복귀전 투런을 시작으로
양현종 1명이 마운드를 지키며
10:4 강우콜드 승리!



*영상과 관련이 없거나, 근거 없는 루머/욕설/비난/도배 댓글은
댓글 삭제 또는 ID 차단이 됩니다. 모두가 즐거운 갸티비를 만들어주세요.",KIA,https://i.ytimg.com/vi/_il91ub9bFc/hqdefault.jpg,복귀전 첫 타석에서 홈런을 치는 선수가 있다? | 8월 27일 챔필덕관,_il91ub9bFc
"2번의 우천 중단 끝에 10:4로 승리!


*영상과 관련이 없거나, 근거 없는 루머/욕설/비난/도배 댓글은
댓글 삭제 또는 ID 차단이 됩니다. 모두가 즐거운 갸티비를 만들어주세요.",KIA,https://i.ytimg.com/vi/BR2O5qLa_Uo/hqdefault.jpg,단비같은 강우콜드 승리 ☔❤️｜8월 27일 KIA vs SSG 하이라이트,BR2O5qLa_Uo
"네일의 무실점을 끝까지 모두가 지켜내며 2:0 승리



*영상과 관련이 없거나, 근거 없는 루머/욕설/비난/도배 댓글은
댓글 삭제 또는 ID 차단이 됩니다. 모두가 즐거운 갸티비를 만들어주세요.",KIA,https://i.ytimg.com/vi/RDCGqg2ZzaY/hqdefault.jpg,네일이 큰 부상 없이 건강하게 돌아오도록 응원해주세요｜8월 24일 KIA vs NC 하이라이트,RDCGqg2ZzaY
"0:00 커피 당첨
5:40 8회말 역전!
8:45 수훈선수 인터뷰_전상현
10:32 수훈선수 인터뷰_소크라테스


*영상과 관련이 없거나, 근거 없는 루머/욕설/비난/도배 댓글은
댓글 삭제 또는 ID 차단이 됩니다. 모두가 즐거운 갸티비를 만들어주세요.",KIA,https://i.ytimg.com/vi/WUBd4Vc7_f8/hqdefault.jpg,팀 컬러 '1등' 💐 70승 선착! ｜8월 22일 KIA vs 롯데 챔필덕관,WUBd4Vc7_f8
"*영상과 관련이 없거나, 근거 없는 루머/욕설/비난/도배 댓글은
댓글 삭제 또는 ID 차단이 됩니다. 모두가 즐거운 갸티비를 만들어주세요.",KIA,https://i.ytimg.com/vi/4J4WYvbvJBc/hqdefault.jpg,70승 선착! 6연승! 8월 22일 기아 vs 롯데 하이라이트,4J4WYvbvJBc
"0:00 경기 전 파이팅
3:12 양현종 개인 최다 탈삼진 2049K 달성
10:20 수훈선수 인터뷰
15:11 🍪양현종 최다 탈삼진 축하파티



*영상과 관련이 없거나, 근거 없는 루머/욕설/비난/도배 댓글은
댓글 삭제 또는 ID 차단이 됩니다. 모두가 즐거운 갸티비를 만들어주세요.",KIA,https://i.ytimg.com/vi/6E9eMK-tw-8/hqdefault.jpg,(양현종 축하 파티 포함) 19분으로 넉넉히 준비했습니다🎉🎂 8월 21일 KIA vs 롯데 챔필덕관,6E9eMK-tw-8
"6:5 승리!


*영상과 관련이 없거나, 근거 없는 루머/욕설/비난/도배 댓글은
댓글 삭제 또는 ID 차단이 됩니다. 모두가 즐거운 갸티비를 만들어주세요.",KIA,https://i.ytimg.com/vi/ByxpdghYPjc/hqdefault.jpg,5연승 질주! 8월 21일 KIA vs 롯데 경기 하이라이트,ByxpdghYPjc
"0:00 경기 전 파이팅
0:13 1회말 네일
1:01 3회초 1점
1:46 4회초 2점
3:05 6회초 1점
3:58 6회말 네일
4:59 7회말 곽도규

5:19 7회말 전상현
*촬영 파일 오류로 경기 장면은 중계화면을 사용한 점 양해 부탁드립니다.

6:01 8회말 장현식
7:06 9회말 정해영
8:14 승리의 하이파이브

*영상과 관련이 없거나, 근거 없는 루머/욕설/비난/도배 댓글은
댓글 삭제 또는 ID 차단이 됩니다. 모두가 즐거운 갸티비를 만들어주세요.",KIA,https://i.ytimg.com/vi/C3p4f3OImpU/hqdefault.jpg,내가 ‘S’면 넌 나의 ‘WEEP’이 되어줘🔥 | 8월 18일 KIA vs LG 원정덕관,C3p4f3OImpU
"네일 11승, 불펜들의 무실점 피칭으로 4:0 승리!

*영상과 관련이 없거나, 근거 없는 루머/욕설/비난/도배 댓글은
댓글 삭제 또는 ID 차단이 됩니다. 모두가 즐거운 갸티비를 만들어주세요.",KIA,https://i.ytimg.com/vi/adCE_HSoTVM/hqdefault.jpg,영봉승으로 스윕! 8월 18일 기아 VS LG 하이라이트,adCE_HSoTVM
"라우어 7K 첫 승 & 16안타 14득점 승리!

0:00 경기 전 파이팅
0:09 1회말 선발투수 라우어
1:03 5회초 나성범 홈런
2:16 5회초 역전
2:50 5회말 라우어
3:43 6회초
5:42 김도영 만루홈런
6:34 소크라테스 백투백
7:22 7회말 이준영
8:06 8회초 추가득점
9:07 9회말 김사윤
9:24 승리의 하이파이브

*영상과 관련이 없거나, 근거 없는 루머/욕설/비난/도배 댓글은
댓글 삭제 또는 ID 차단이 됩니다. 모두가 즐거운 갸티비를 만들어주세요.",KIA,https://i.ytimg.com/vi/6XHEiGiOGM0/hqdefault.jpg,도파민 급속 충전🔋 라우어 첫 승과 함께 타선 대폭발!!  | 8월 17일 KIA vs LG  원정덕관,6XHEiGiOGM0
"라우어 7K 1실점 KBO 첫 승!
그리고 나성범-김도영-소크라테스 홈런 포함 16안타로 14:4 승리!

*영상과 관련이 없거나, 근거 없는 루머/욕설/비난/도배 댓글은
댓글 삭제 또는 ID 차단이 됩니다. 모두가 즐거운 갸티비를 만들어주세요.",KIA,https://i.ytimg.com/vi/mGgY9TgMTMA/hqdefault.jpg,KKKKKKK 라우어 첫 승! 8월 17일 기아 VS LG 하이라이트,mGgY9TgMTMA
"0:00 경기전 파이팅
0:05 2회말 선발투수 김도현
1:08 4회말 김도현
1:54 7회말 곽도규
2:57 8회말 이준영
4:02 9회초 최원준 볼넷
4:48 김도영 2루타
5:38 나성범 역전투런
6:40 9회말 정해영의 마무리
7:27 승리의 하이파이브

*영상과 관련이 없거나, 근거 없는 루머/욕설/비난/도배 댓글은
댓글 삭제 또는 ID 차단이 됩니다. 모두가 즐거운 갸티비를 만들어주세요.",KIA,https://i.ytimg.com/vi/ZicAamk4oSY/hqdefault.jpg,반짝반짝 나스타 아름답게 빛나네✨ | 8월 16일 기아 VS LG 덕관,ZicAamk4oSY
"9회 최원준 볼넷출루, 김도영 적시타로 추격,
나성범 2점 홈런으로 역전!

*영상과 관련이 없거나, 근거 없는 루머/욕설/비난/도배 댓글은
댓글 삭제 또는 ID 차단이 됩니다. 모두가 즐거운 갸티비를 만들어주세요.",KIA,https://i.ytimg.com/vi/TMx6ynEbNFk/hqdefault.jpg,나캡틴 역전 홈런! 기아 VS LG 8월 16일 하이라이트,TMx6ynEbNFk
"대기록과 함께한 8월 15일 키움전 12 : 1 승리

0:00 경기전 파이팅
0:09 1회말 양현종 + 이창진 수비
0:52 2회초 
1:50 4회초
2:04 김태군 홈런
2:47 4회말 양현종 
3:29 5회초 김선빈 통산 1600번째 안타
3:43 김도영 30홈런-30도루 달성!
4:54 7회초
6:59 7회말 양현종 QS+
7:52 8회초 
9:06 8회초 나성범 스리런
9:55 8회말 김기훈
10:44 9회말 김사윤
11:31 승리의 하이파이브

*영상과 관련이 없거나, 근거 없는 루머/욕설/비난/도배 댓글은
댓글 삭제 또는 ID 차단이 됩니다. 모두가 즐거운 갸티비를 만들어주세요.",KIA,https://i.ytimg.com/vi/M4KwVMoeohI/hqdefault.jpg,김도영 홈런 타구 속도로 달려왔습니다 | 8월 15일 기아 VS 키움 덕관,M4KwVMoeohI
"7이닝 쾌투로 마운드를 책임진 양현종,
홈런 3개 포함 17안타 12득점의 활화산 타선과 함께
8월 15일 고척 키움전 12:1 승리

*영상과 관련이 없거나, 근거 없는 루머/욕설/비난/도배 댓글은
댓글 삭제 또는 ID 차단이 됩니다. 모두가 즐거운 갸티비를 만들어주세요.",KIA,https://i.ytimg.com/vi/AUq0HqwasQ8/hqdefault.jpg,17안타 12득점 타선 & 김도영 30-30! 기아 VS 키움 8월 15일 하이라이트,AUq0HqwasQ8
"0:00 경기 전 파이팅
0:11 3회말 네일
0:58 5회초 선취득점(➡️ 1:0)
2:08 5회말 네일
3:13 6회말 곽도규
4:02 7회말 장현식
5:11 8회초 추가득점(➡️ 2:0)
5:50 8회말 전상현
6:52 9회말 정해영의 마무리
7:44 승리의 하이파이브 with 최형우


*영상과 관련이 없거나, 근거 없는 루머/욕설/비난/도배 댓글은
댓글 삭제 또는 ID 차단이 됩니다. 모두가 즐거운 갸티비를 만들어주세요.",KIA,https://i.ytimg.com/vi/Ew-DILwNocU/hqdefault.jpg,10승 외인 투수 생겨서 기쁜 분들 클릭!  | 8월 13일 기아 VS 키움 덕관,Ew-DILwNocU
"*영상과 관련이 없거나, 근거 없는 루머/욕설/비난/도배 댓글은
댓글 삭제 또는 ID 차단이 됩니다. 모두가 즐거운 갸티비를 만들어주세요.",KIA,https://i.ytimg.com/vi/VApSn0wx4qs/hqdefault.jpg,네일 10승! 기아 VS 키움 8월 13일 하이라이트,VApSn0wx4qs
"0:07 라인업송
2:00 2회말 변우혁 투런포
5:40 6회말 나성범 안타
6:04 6회말 테스 적시타
8:05 9회말 김선빈 2루타
9:10 9회말 김도영 내야 안타
9:35 9회말 나성범 동점 적시타
10:25 9회말 서건창 끝내기 안타
11:00 끝내주는 아파트

#오늘도파이팅!


*영상과 관련이 없거나, 근거 없는 루머/욕설/비난/도배 댓글은
댓글 삭제 또는 ID 차단이 됩니다. 모두가 즐거운 갸티비를 만들어주세요.",KIA,https://i.ytimg.com/vi/dZE67Ob4oSg/hqdefault.jpg,9일 삼성전 끝내기 워터 캐논으로 다시보기 🎉🥽🌊,dZE67Ob4oSg
"역시 핫 서머 페스티벌 답다! 

0:00 경기 전 파이팅!
0:15 2회말
0:31 변우혁 투런포!
1:50 6회말
3:25 7회말
4:14 8회말
5:32 9회초
6:09 9회말
7:18 8:8 동점!
8:32 이거 보려고 덕관 기다리셨죠?
9:27 수훈선수 인터뷰 - 변우혁
11:25 수훈선수 인터뷰 - 장현식
13:12 🍪


*영상과 관련이 없거나, 근거 없는 루머/욕설/비난/도배 댓글은
댓글 삭제 또는 ID 차단이 됩니다. 모두가 즐거운 갸티비를 만들어주세요.",KIA,https://i.ytimg.com/vi/D6JHCDKiCfo/hqdefault.jpg,더위가 뭐죠? 끝내주게 시원한 끝내기 등장! 🌊｜8월 9일 챔필덕관｜KIA VS 삼성,D6JHCDKiCfo
"KIA 타이거즈에 대한 객관적인 비판? 그런 거 원하지 않습니다 무조건 박수 갈채 💯(이하 생략)



*영상과 관련이 없거나, 근거 없는 루머/욕설/비난/도배 댓글은
댓글 삭제 또는 ID 차단이 됩니다. 모두가 즐거운 갸티비를 만들어주세요.",KIA,https://i.ytimg.com/vi/xdokN6B1dCk/hqdefault.jpg,"끝내기 그 후 덕아웃 열기! 핫 서머 제대로 즐기는 네일, 김도영 헤드퍼스트슬라이딩 벌금, 건창 태군 89즈",xdokN6B1dCk
"9:8 승리!


*영상과 관련이 없거나, 근거 없는 루머/욕설/비난/도배 댓글은
댓글 삭제 또는 ID 차단이 됩니다. 모두가 즐거운 갸티비를 만들어주세요.",KIA,https://i.ytimg.com/vi/ouTO0_Q1L2M/hqdefault.jpg,나성범 동점타! 서건창 끝내기!🔥 8월 9일 KIA vs 삼성 하이라이트,ouTO0_Q1L2M
"8:8 스코어 9회말 1사 1, 3루에서
서건창의 끝내기 안타로 역전승!!!


*영상과 관련이 없거나, 근거 없는 루머/욕설/비난/도배 댓글은
댓글 삭제 또는 ID 차단이 됩니다. 모두가 즐거운 갸티비를 만들어주세요.",KIA,https://i.ytimg.com/vi/Vme7leFC5Gs/hqdefault.jpg,9회말 끝내기!!!!!!! 현장 직캠,Vme7leFC5Gs
"8월 6일 KIA VS KT 2:0!

*5분 48초 자막 수정해 재업로드합니다. 제작 시, 경기 상황 잘 체크하도록 하겠습니다.
*영상과 관련이 없거나,  근거 없는 루머/욕설/비난/도배 댓글은 댓글 삭제 또는 ID 차단이 됩니다.
모두가 즐거운 갸티비를 만들어주세요.",KIA,https://i.ytimg.com/vi/stomWiFOZK0/hqdefault.jpg,"3번의 위기, 0번의 실점! 김도현 시즌 3승 🎉 ｜8월 6일 챔필덕관",stomWiFOZK0
"김도현 5이닝 무실점. 정해영 복귀
그리고 8월 6일 KIA vs KT 2:0 승리 ❤



*영상과 관련이 없거나, 근거 없는 루머/욕설/비난/도배 댓글은
댓글 삭제 또는 ID 차단이 됩니다. 모두가 즐거운 갸티비를 만들어주세요.",KIA,https://i.ytimg.com/vi/vkmSAPqZtbc/hqdefault.jpg,김도현 정해영 곽도규 장현식 이준영 전상현 무실점!｜8월 6일 KIA vs KT 하이라이트,vkmSAPqZtbc
"연패 굿바이 👋🏻
8월 3일 KIA vs 한화 하이라이트


*영상과 관련이 없거나, 근거 없는 루머/욕설/비난/도배 댓글은
댓글 삭제 또는 ID 차단이 됩니다. 모두가 즐거운 갸티비를 만들어주세요.",KIA,https://i.ytimg.com/vi/brbNonx4Dc8/hqdefault.jpg,"양현종이 막고, 김도영이 쳤다!｜ 8월 3일 KIA vs 한화 하이라이트",brbNonx4Dc8
"최원준의 홈런이 추격 추격하고, 김선빈의 홈런으로 동점, 변우혁의 홈런으로 역전하며 승리!

*영상과 관련이 없거나, 근거 없는 루머/욕설/비난/도배 댓글은
댓글 삭제 또는 ID 차단이 됩니다. 모두가 즐거운 갸티비를 만들어주세요.",KIA,https://i.ytimg.com/vi/zP9Hw51xxe0/hqdefault.jpg,60승🔥 백투백 홈런으로 역전! 기아 VS 키움 7월 28일 하이라이트,zP9Hw51xxe0
"0:00 경기 전 파이팅
0:11 6회말 양현종 삼자범퇴
1:05 7회말 곽도규 
2:07 8회초 이창진 볼넷 ➡️ 2:20 최원준 홈런
3:21 8회말 이준영 ➡️ 4:10 임기영
4:48 9회초 김선빈 동점포 ➡️ 5:36 변우혁 역전포
6:58 9회말 임기영의 삼자범퇴
7:46 승리의 하이파이브

*영상과 관련이 없거나, 근거 없는 루머/욕설/비난/도배 댓글은
댓글 삭제 또는 ID 차단이 됩니다. 모두가 즐거운 갸티비를 만들어주세요.",KIA,https://i.ytimg.com/vi/kFBTXpqyRd0/hqdefault.jpg,일요드라마: 9회 2사는 역전을 싣고 | 7월 28일 KIA vs 키움 원정덕관,kFBTXpqyRd0
"0:00 파이팅!
3:51 김선빈 홈런
4:58 강우콜드 승
5:17 영어하는 도규캠
5:43 수훈선수 인터뷰 알드레드
8:21 수훈선수 인터뷰 김선빈
10:42 🍪


*영상과 관련이 없거나, 근거 없는 루머/욕설/비난/도배 댓글은
댓글 삭제 또는 ID 차단이 됩니다. 모두가 즐거운 갸티비를 만들어주세요.",KIA,https://i.ytimg.com/vi/Rw3uEem2G-o/hqdefault.jpg,강우콜드 8연승 완전 럭키기아잖아 🍀 | 7월 24일 KIA vs NC 챔필덕관,Rw3uEem2G-o
"7연승+완투승+사이클링히트 현장에 계셨던 분? 🙌🏻



*영상과 관련이 없거나, 근거 없는 루머/욕설/비난/도배 댓글은
댓글 삭제 또는 ID 차단이 됩니다. 모두가 즐거운 갸티비를 만들어주세요.",KIA,https://i.ytimg.com/vi/W84RrAiCQLw/hqdefault.jpg,현종: 타이거즈 소리질러,W84RrAiCQLw
"두루치기들, 도루하다..!
0:00 최형우 시즌 1호 도루
1:34 변우혁 통산 1호 도루

*영상과 관련이 없거나, 근거 없는 루머/욕설/비난/도배 댓글은
댓글 삭제 또는 ID 차단이 됩니다. 모두가 즐거운 갸티비를 만들어주세요.",KIA,https://i.ytimg.com/vi/2WfkorWz-7I/hqdefault.jpg,"최형우 변우혁 도루, 갸티비 덕분? (아님) | 홈인갸톡",2WfkorWz-7I
"7:0 강우콜드 승리!


*영상과 관련이 없거나, 근거 없는 루머/욕설/비난/도배 댓글은
댓글 삭제 또는 ID 차단이 됩니다. 모두가 즐거운 갸티비를 만들어주세요.",KIA,https://i.ytimg.com/vi/eGgDsnrXXvA/hqdefault.jpg,알드레드 5이닝 완봉승✨｜7월 24일 KIA vs NC 하이라이트,eGgDsnrXXvA
"7월 23일 KIA vs NC 챔필덕관 
4:42 김도영 사이클링 히트 달성 순간
7:08 9회에도 양현종! 완투승!
8:22 수훈선수 인터뷰 양현종
10:36 타이거즈 소리 질러
11:59 수훈선수 인터뷰 김도영
14:16 축하파티

*영상과 관련이 없거나, 근거 없는 루머/욕설/비난/도배 댓글은
댓글 삭제 또는 ID 차단이 됩니다. 모두가 즐거운 갸티비를 만들어주세요.",KIA,https://i.ytimg.com/vi/JsoBGuRwcZ8/hqdefault.jpg,🥇 7연승+김도영 사이클링히트+양현종 완투승 | 7월 23일 챔필덕관,JsoBGuRwcZ8
"김도영 사이클링히트, 양현종 완투승까지
완벽한 7연승 날!


*영상과 관련이 없거나, 근거 없는 루머/욕설/비난/도배 댓글은
댓글 삭제 또는 ID 차단이 됩니다. 모두가 즐거운 갸티비를 만들어주세요.",KIA,https://i.ytimg.com/vi/YXRm-S4d7jA/hqdefault.jpg,타이거즈한테 벽이 느껴져요 완벽..★ ｜7월 23일 KIA vs NC 하이라이트,YXRm-S4d7jA
"7월 20일 8:4 승리!



*2024년 홈경기 & 수도권 원정 출장 경기에 대해 덕관이 제작됩니다

*영상과 관련이 없거나, 근거 없는 루머/욕설/비난/도배 댓글은
댓글 삭제 또는 ID 차단이 됩니다. 모두가 즐거운 갸티비를 만들어주세요.",KIA,https://i.ytimg.com/vi/L_iZDtf6jy4/hqdefault.jpg,'6이닝 QS' 네일 9승! 팀 5연승!｜7월 20일 KIA vs 한화 하이라이트,L_iZDtf6jy4
"9회초 김도영-최원준-최형우의 극적인 역전!



*2024년 홈경기 & 수도권 원정 출장 경기에 대해 덕관이 제작됩니다

*영상과 관련이 없거나, 근거 없는 루머/욕설/비난/도배 댓글은
댓글 삭제 또는 ID 차단이 됩니다. 모두가 즐거운 갸티비를 만들어주세요.",KIA,https://i.ytimg.com/vi/sfp7efEWm_I/hqdefault.jpg,최형우 역전 쓰리런! 7월 21일 KIA vs 한화 하이라이트,sfp7efEWm_I
"7월 19일 7:3 승리!



*2024년 홈경기 & 수도권 원정 출장 경기에 대해 덕관이 제작됩니다.

*영상과 관련이 없거나, 근거 없는 루머/욕설/비난/도배 댓글은
댓글 삭제 또는 ID 차단이 됩니다. 모두가 즐거운 갸티비를 만들어주세요.",KIA,https://i.ytimg.com/vi/hrHhOBYvvW0/hqdefault.jpg,'새 선발' 김도현 5이닝 쾌투! 7월 19일 KIA vs 한화 하이라이트,hrHhOBYvvW0
"7월 18일 KIA vs 삼성 챔필덕관


*영상과 관련이 없거나, 근거 없는 루머/욕설/비난/도배 댓글은
댓글 삭제 또는 ID 차단이 됩니다. 모두가 즐거운 갸티비를 만들어주세요.",KIA,https://i.ytimg.com/vi/DfSbCWSlj4U/hqdefault.jpg,"최원준 동점 홈런, 우천 중단에도 공격력 MAX!  | 7월 18일 기아 vs 삼성 챔필덕관",DfSbCWSlj4U
"챔필 흠뻑쇼와 함께
7월 18일 10:4 승리!


*영상과 관련이 없거나, 근거 없는 루머/욕설/비난/도배 댓글은
댓글 삭제 또는 ID 차단이 됩니다. 모두가 즐거운 갸티비를 만들어주세요.",KIA,https://i.ytimg.com/vi/bEI65B_t4Bo/hqdefault.jpg,3연승 ✨ 7월 18일 KIA vs 삼성 하이라이트,bEI65B_t4Bo
"7/17 기아 vs 삼성 챔필덕관


*영상과 관련이 없거나, 근거 없는 루머/욕설/비난/도배 댓글은
댓글 삭제 또는 ID 차단이 됩니다. 모두가 즐거운 갸티비를 만들어주세요.",KIA,https://i.ytimg.com/vi/k5Sg7owsoaE/hqdefault.jpg,만루홈런 클린업 보유 구단 어디? 🕶️ | 7월 17일 챔필덕관,k5Sg7owsoaE
"7월 17일 티빙 하이라이트




*영상과 관련이 없거나, 근거 없는 루머/욕설/비난/도배 댓글은
댓글 삭제 또는 ID 차단이 됩니다. 모두가 즐거운 갸티비를 만들어주세요.",KIA,https://i.ytimg.com/vi/Bekopa1R5V4/hqdefault.jpg,홈런 쳤더니 EV3를 준다구요? 🚘 7월 17일 KIA vs 삼성 하이라이트,Bekopa1R5V4
"7월 14일 챔필덕관


*영상과 관련이 없거나, 근거 없는 루머/욕설/비난/도배 댓글은
댓글 삭제 또는 ID 차단이 됩니다. 모두가 즐거운 갸티비를 만들어주세요.",KIA,https://i.ytimg.com/vi/H4MQ29WepuY/hqdefault.jpg,일요일에 이겨서 기분 좋은 분들 클릭!  | 7월 14일 기아 vs SSG 챔필덕관 👉🏻,H4MQ29WepuY
"*영상과 관련이 없거나, 근거 없는 루머/욕설/비난/도배 댓글은
댓글 삭제 또는 ID 차단이 됩니다. 모두가 즐거운 갸티비를 만들어주세요.",KIA,https://i.ytimg.com/vi/oF2dVLpGLVw/hqdefault.jpg,14일 SSG전 역전 순간!,oF2dVLpGLVw
"13:4 승리!


*영상과 관련이 없거나, 근거 없는 루머/욕설/비난/도배 댓글은
댓글 삭제 또는 ID 차단이 됩니다. 모두가 즐거운 갸티비를 만들어주세요.",KIA,https://i.ytimg.com/vi/6mvhs0EuArU/hqdefault.jpg,7회에 뒤집어버렸다! 기아 vs SSG 7월 14일 하이라이트,6mvhs0EuArU
"0:00 경기 전 파이팅
0:07 1회초 테스 안타&도루성공
0:44 김도영 기습 번트안타
0:55 최형우 희생플라이로 선취점!
1:22 김도영 도루 ➡️ 나성범 희생플라이로 1점 추가!
2:07 김선빈 안타로 1회에 3대0
2:28 1회말 알드레드 3K 삼자범퇴
3:10 2회말 알드레드 삼자범퇴 +2K
3:52 3회말 알드레드 삼자범퇴 +2K
4:29 6회말 알드레드의 9K
4:55 7회말 알드레드
5:16 6 2/3 이닝을 마치고 내려가는 알드레드
5:40 마운드를 이어받은 장현식
5:51 8회초 최원준 볼넷 ➡️ 도루로 3루까지
7:08 8회초 빠른발과 센스로 1점 추가!
7:27 9회말 승리를 마무리하는 전상현
7:45 인사 & 승리의 하이파이브


*영상과 관련이 없거나, 근거 없는 루머/욕설/비난/도배 댓글은
댓글 삭제 또는 ID 차단이 됩니다. 모두가 즐거운 갸티비를 만들어주세요.",KIA,https://i.ytimg.com/vi/68YmNMtTzXw/hqdefault.jpg,스윕🔥 KKKKKKKKK KING드레드 납시오｜7월 11일 기아 VS LG 덕관,68YmNMtTzXw
"알드레드의 6 2/3 이닝 9K 투구와 함께 KIA가 스윕하며 4:2 승!!

*영상과 관련이 없거나, 근거 없는 루머/욕설/비난/도배 댓글은
댓글 삭제 또는 ID 차단이 됩니다. 모두가 즐거운 갸티비를 만들어주세요.",KIA,https://i.ytimg.com/vi/Xj1n3IReywU/hqdefault.jpg,6연승!  7월 승률 100%! 기아 VS LG 7월 11일 하이라이트,Xj1n3IReywU
"0:00 경기 전 파이팅
0:07 양현종 400경기 선발출장&11시즌 연속 100이닝 투구
0:25 5회말 김선빈의 나이스캐치
0:56 6회말 임기영&김대유의 무실점 투구
1:51 7회말 장현식
2:38 9회초 선두타자 박찬호 2루타
3:27 9회초 최원준 안타로 1점
3:54 9회초 김도영 출루하고
4:07 최형우 안타로 1점 추가하며 동점!
5:04 9회말 전상현의 삼자범퇴
6:16 10회초 박찬호 희생플라이로 역전!
7:19 10회초 최원준의 추격불허 2점 적시타
8:13 10회말 전상현의 마무리
8:26 인사 & 승리의 하이파이브

*영상과 관련이 없거나, 근거 없는 루머/욕설/비난/도배 댓글은
댓글 삭제 또는 ID 차단이 됩니다. 모두가 즐거운 갸티비를 만들어주세요.",KIA,https://i.ytimg.com/vi/0tjtAEIe4-4/hqdefault.jpg,10회 대역전극! ★50승★ 선착!｜7월 10일 기아 VS LG 덕관,0tjtAEIe4-4
"10회에 역전하며 5:2 승리!

*영상과 관련이 없거나, 근거 없는 루머/욕설/비난/도배 댓글은
댓글 삭제 또는 ID 차단이 됩니다. 모두가 즐거운 갸티비를 만들어주세요.",KIA,https://i.ytimg.com/vi/pHvXvFNZsW4/hqdefault.jpg,9회에 동점! 10회에 역전! 우리는 ‘역전’ 타이거즈! 기아 VS LG 7월 10일 하이라이트,pHvXvFNZsW4
"0:00 경기 전 파이팅
0:06 1회초 공격
0:18 김도영 2루타로 선취점
0:42 순식간에 2 대 0
1:16  김선빈 적시타
1:32 1회말 네일 삼자범퇴
2:27 3회초 공격 시작
2:57 나성범 희생플라이로 김도영 홈인!
3:26 3회말 네일의 맨손캐치 후 1루 송구
3:55 5회초 김선빈 안타로 1점 추가
4:31 6회초 만루를 채우고
5:16 최형우의 만루홈런!
6:18 6회말 김태군의 파울플라이 캐치
6:44 6회말 마운드를 이어받은 김대유
7:26 7회말 곽도규
8:06 7회말 1구로 끝낸 임기영
8:56 8회초 나성범의 2루타
9:38 9회말 마무리하는 김사윤
10:25 승리의 하이파이브

*영상과 관련이 없거나, 근거 없는 루머/욕설/비난/도배 댓글은
댓글 삭제 또는 ID 차단이 됩니다. 모두가 즐거운 갸티비를 만들어주세요.",KIA,https://i.ytimg.com/vi/4DIbsVhygeE/hqdefault.jpg,🔥 만루홈런 포함 17안타 🔥 | 7월 9일 덕관 | 기아 vs LG,4DIbsVhygeE
"6회 초 최형우 만루홈런 포함 11득점으로
후반기 첫 경기를 11:4 로 승리!

*영상과 관련이 없거나, 근거 없는 루머/욕설/비난/도배 댓글은
댓글 삭제 또는 ID 차단이 됩니다. 모두가 즐거운 갸티비를 만들어주세요.",KIA,https://i.ytimg.com/vi/nPUlqdaMZGY/hqdefault.jpg,🔥4연승🔥 최형우 만루홈런 기아 VS LG 7월 9일 하이라이트,nPUlqdaMZGY
"3:3에서 9회 5득점 하며 8:3 승리!


*영상과 관련이 없거나, 근거 없는 루머/욕설/비난/도배 댓글은
댓글 삭제 또는 ID 차단이 됩니다. 모두가 즐거운 갸티비를 만들어주세요.",KIA,https://i.ytimg.com/vi/pRQtMZKaY0Y/hqdefault.jpg,9회 2아웃 5득점 대역전극!🔥기아 VS 삼성 7월 4일 하이라이트,pRQtMZKaY0Y
"달빛시리즈 오늘도 승리!


*영상과 관련이 없거나, 근거 없는 루머/욕설/비난/도배 댓글은
댓글 삭제 또는 ID 차단이 됩니다. 모두가 즐거운 갸티비를 만들어주세요.",KIA,https://i.ytimg.com/vi/lHvbYkV2AFY/hqdefault.jpg,🎊 ‘전반기 1위 확정' 기아 vs 삼성 7월 3일 하이라이트,lHvbYkV2AFY
"8회에 따라 붙고, 9회에 동점 만들고, 10회에 역전!
그리고 후반 점수를 잘 막아준 불펜진의 활약!


*영상과 관련이 없거나, 근거 없는 루머/욕설/비난/도배 댓글은
댓글 삭제 또는 ID 차단이 됩니다. 모두가 즐거운 갸티비를 만들어주세요.",KIA,https://i.ytimg.com/vi/eD5NS_d6CZ8/hqdefault.jpg,0:4 → 9:5 역전! 7월 2일 기아 VS 삼성 하이라이트,eD5NS_d6CZ8
"시즌 최종 1위도 가보자구요!🥇



*영상과 관련이 없거나, 근거 없는 루머/욕설/비난/도배 댓글은
댓글 삭제 또는 ID 차단이 됩니다. 모두가 즐거운 갸티비를 만들어주세요.",KIA,https://i.ytimg.com/vi/2t6Y-TRRs7E/hqdefault.jpg,"🥇1위 타이거즈 응원하는 분 들어오세요🥇| 한준수, 정해영, 황동하, 김도영이 들려주는 경기 이야기",2t6Y-TRRs7E
"주말 한화전은 위닝 시리즈!
이번주 롯데전, 키움전도 많이 응원해주세요 💕

0:00 선발투수 임기영
0:12 1회초 삼자범퇴
0:49 1회말 나성범 적시타
1:29 2회말 김태군 적시타 & 이창진 득점
2:22 3회말 이우성 적시타
3:02 4회말 테스 적시타
3:23 5회초 임기영 삼자범퇴
4:14 6회초 김도현 무실점 KK
4:57 7회초 곽도규 피칭
5:30 9회초 최지민 피칭
6:10 승리의 하이파이브
6:39 수훈선수 인터뷰 - 임기영
9:24 수훈선수 인터뷰 - 김태군


*영상과 관련이 없거나, 근거 없는 루머/욕설/비난/도배 댓글은
댓글 삭제 또는 ID 차단이 됩니다. 모두가 즐거운 갸티비를 만들어주세요.",KIA,https://i.ytimg.com/vi/o1-afNSIKLY/hqdefault.jpg,승리 투수 임기영 & 팬 연호가 쏟아진 불펜진｜6월 23일 DH 2｜챔필덕관,o1-afNSIKLY
"4:1 승리! 승리투수 임기영!



*영상과 관련이 없거나, 근거 없는 루머/욕설/비난/도배 댓글은
댓글 삭제 또는 ID 차단이 됩니다. 모두가 즐거운 갸티비를 만들어주세요.",KIA,https://i.ytimg.com/vi/94vWyfiVvjs/hqdefault.jpg,6월 23일 더블헤더 2차전 기아 vs 한화 하이라이트,94vWyfiVvjs
"6월 21일 챔필덕관


*영상과 관련이 없거나, 근거 없는 루머/욕설/비난/도배 댓글은
댓글 삭제 또는 ID 차단이 됩니다. 모두가 즐거운 갸티비를 만들어주세요.",KIA,https://i.ytimg.com/vi/SH9NqNQJkrU/hqdefault.jpg,탕탕 홈런 홈런 탕탕 홈런 홈런 홈런 | 6월 21일 기아 vs 한화｜챔필덕관,SH9NqNQJkrU
"윤영철 시즌 7승
김도영 19번째 홈런!
소크라테스 연타석 홈런! 
곽도규 데뷔 첫 세이브!


*영상과 관련이 없거나, 근거 없는 루머/욕설/비난/도배 댓글은
댓글 삭제 또는 ID 차단이 됩니다. 모두가 즐거운 갸티비를 만들어주세요.",KIA,https://i.ytimg.com/vi/Hs36pzU42dg/hqdefault.jpg,소크라테스 연타석 홈런! 🔥 6월 21일 기아 vs 한화 하이라이트,Hs36pzU42dg
"이번 경기 진짜 재밌었죠? 👍🏻❤️


*영상과 관련이 없거나, 근거 없는 루머/욕설/비난/도배 댓글은
댓글 삭제 또는 ID 차단이 됩니다. 모두가 즐거운 갸티비를 만들어주세요.",KIA,https://i.ytimg.com/vi/A5ZTgfHHBaQ/hqdefault.jpg,(시청 N회 권고) 가히 올해 레전드 경기! 역전하고 또 역전!  | 6월 20일 기아 vs LG｜챔필덕관,A5ZTgfHHBaQ
"최형우 & 나성범의 연속 타자 홈런으로 역전승!



*영상과 관련이 없거나, 근거 없는 루머/욕설/비난/도배 댓글은
댓글 삭제 또는 ID 차단이 됩니다. 모두가 즐거운 갸티비를 만들어주세요.",KIA,https://i.ytimg.com/vi/10Gfk2-cPFc/hqdefault.jpg,역전은 백투백이 제맛,10Gfk2-cPFc
"김도영




*영상과 관련이 없거나, 근거 없는 루머/욕설/비난/도배 댓글은
댓글 삭제 또는 ID 차단이 됩니다. 모두가 즐거운 갸티비를 만들어주세요.",KIA,https://i.ytimg.com/vi/WVc0aEdLrJ0/hqdefault.jpg,올해 첫 만루홈런의 주인공,WVc0aEdLrJ0
"만루홈런에 역전 백투백 홈런까지!
6월 20일 LG전 6:5 승리하며 위닝시리즈!


*영상과 관련이 없거나, 근거 없는 루머/욕설/비난/도배 댓글은
댓글 삭제 또는 ID 차단이 됩니다. 모두가 즐거운 갸티비를 만들어주세요.",KIA,https://i.ytimg.com/vi/lr0sLoI-2Fs/hqdefault.jpg,홈런 3방 재역전극! 🔥 6월 20일 기아 vs LG ｜경기 하이라이트,lr0sLoI-2Fs
"6월 18일, 2위팀과의 승차를 벌리며 4연승!

0:14 1회초 2루수 박민 병살타 처리
1:13 1회말 선취점
1:30 1회말 이우성 적시 2루타
2:10 2회초 박민 두번째 병살 처리 
3:40 3회말 박민 적시타
4:59 5회말 빅이닝 시작
6:53 7회초 장현식 삼자범퇴
7:58 8회말 한준수 적시타
8:20 9회초 임기영 삼자범퇴
8:59 승리의 하이파이브
9:26 수훈선수 인터뷰 - 박민
11:38 수훈선수 인터뷰 - 장현식



*영상과 관련이 없거나, 근거 없는 루머/욕설/비난/도배 댓글은
댓글 삭제 또는 ID 차단이 됩니다. 모두가 즐거운 갸티비를 만들어주세요.",KIA,https://i.ytimg.com/vi/t7wSmKebzGw/hqdefault.jpg,박민 데뷔 첫 3안타 & 호수비까지! 타선 폭발하며 4️⃣연승! ｜6월 18일 기아 vs LG ｜챔필덕관,t7wSmKebzGw
"장단 14안타 11득점! 양현종 6승!

팬분들의 하이라이트 시청을 도와 드리고자
갸티비에서도 승리 경기의 TVING 하이라이트를 업로드해드립니다.



*영상과 관련이 없거나, 근거 없는 루머/욕설/비난/도배 댓글은
댓글 삭제 또는 ID 차단이 됩니다. 모두가 즐거운 갸티비를 만들어주세요.",KIA,https://i.ytimg.com/vi/3KLivnuDvfI/hqdefault.jpg,♨️4연승♨️ 6월 18일 기아 vs LG 하이라이트,3KLivnuDvfI
"6월 16일 3:1승! ♨️
0:00 경기 전 파이팅
0:36 1회초 이우성 적시타
0:58 1회말 황동하 7구 연속 스트라이크
2:14 2회초 박찬호 적시타
5:12 9회초 김도영 홈런
6:19 9회말 정해영 20세이브



*영상과 관련이 없거나, 근거 없는 루머/욕설/비난/도배 댓글은
댓글 삭제 또는 ID 차단이 됩니다. 모두가 즐거운 갸티비를 만들어주세요.",KIA,https://i.ytimg.com/vi/MS5G85O7lLg/hqdefault.jpg,주말 시리즈 모두 싹쓸이 🧹 | 6월 16일 덕관 | 기아 vs KT,MS5G85O7lLg
"오늘도 승리! 스윕!

* 팬분들의 하이라이트 시청을 도와 드리고자
갸티비에서도 승리 경기의 TVING 하이라이트를 업로드해드립니다.

*영상과 관련이 없거나, 근거 없는 루머/욕설/비난/도배 댓글은
댓글 삭제 또는 ID 차단이 됩니다. 모두가 즐거운 갸티비를 만들어주세요.",KIA,https://i.ytimg.com/vi/avRrgd7KWVo/hqdefault.jpg,"[하이라이트] 6월 16일 기아 vs KT ｜kt전 스윕, 황동하 3승",avRrgd7KWVo
"⏰ 주요 타임라인 
0:00 귀청 나갈만한 파이팅
0:11 선발투수 윤영철
1:15 3회초 김도영 적시타
1:36 4회말 만루서 최소 실점
2:40 5회초 테스 적시타
3:50 5회말 막아낸 영철
4:12 7회말 종표 호수비
4:52 8회말 몸을 날려 타구를 막은 우성
5:52 9회말 정해영 삼자범퇴
6:41 승리의 하이파이브


*영상과 관련이 없거나, 근거 없는 루머/욕설/비난/도배 댓글은
댓글 삭제 또는 ID 차단이 됩니다. 모두가 즐거운 갸티비를 만들어주세요.",KIA,https://i.ytimg.com/vi/3HGvuYj9VmU/hqdefault.jpg,1점차 승부를 지켜내며 2연승! | 6월 15일 덕관 | 기아 vs KT,3HGvuYj9VmU
"2:1 승리! 위닝 시리즈 확보!
팬분들의 하이라이트 시청을 도와 드리고자
오늘부터 갸티비에서도 승리 경기의 TVING 하이라이트를 업로드해드립니다.



*영상과 관련이 없거나, 근거 없는 루머/욕설/비난/도배 댓글은
댓글 삭제 또는 ID 차단이 됩니다. 모두가 즐거운 갸티비를 만들어주세요.",KIA,https://i.ytimg.com/vi/ow8xuzRAYWU/hqdefault.jpg,[하이라이트] 6월 15일 기아 vs KT ｜윤영철 시즌 6승 | 팀 40승,ow8xuzRAYWU
"6월 14일 11:1 대승!
⬇️원정덕관 타임라인
0:00 민의 파이팅
0:15 최형우 1600타점 만든 홈런
1:12 한준수 1타점 적시 2루타
1:52 테스 적시타
2:12 최형우 또 타점!
2:59 서건창 적시타
3:18 선발투수 알드레드
4:22 최형우 6타점째!
5:36 6회말 김건국 피칭
6:38 나성범 2점 홈런
7:24 9회말 김도현 피칭
8:11 승리의 하이파이브


*영상과 관련이 없거나, 근거 없는 루머/욕설/비난/도배 댓글은
댓글 삭제 또는 ID 차단이 됩니다. 모두가 즐거운 갸티비를 만들어주세요.",KIA,https://i.ytimg.com/vi/L_AuYSWS3KI/hqdefault.jpg,알드레드 KKKKKKK 무실점 + 최형우 오늘도 6타점!｜6월 14일 덕관｜기아 vs KT,L_AuYSWS3KI
"#알드레드 #Alldred 첫 승 축하합니다!
앞으로도 많은 승리를 함께 만들길!


*영상과 관련이 없거나, 근거 없는 루머/욕설/비난/도배 댓글은
댓글 삭제 또는 ID 차단이 됩니다. 모두가 즐거운 갸티비를 만들어주세요.",KIA,https://i.ytimg.com/vi/13TCWlKJiTE/hqdefault.jpg,첫 승은 못 참지 💦 알드레드 첫 승 축하파티 비하인드,13TCWlKJiTE
"최형우의 KBO 최다 루타 신기록 달성 & 6타점 경기와 함께
#ㄱ1아타이거즈_1위_탈환

0:00 경기 전 파이팅
0:08 1회말 선발 투수 양현종
2:06 5회초 최형우 KBO 신기록 달성
3:55 6회초 이우성 3루 도루 성공
4:18 6회초 이어서 김태군 적시타
4:43 6회초 1점 차로 따라붙는 서건창
5:15 6회초 김도영 동점 적시타
5:34 6회초 최형우 역전 적시타
7:32 7회초 7점 빅이닝의 시작
10:56 9회말 김건국 삼자범퇴


*영상과 관련이 없거나, 근거 없는 루머/욕설/비난/도배 댓글은
댓글 삭제 또는 ID 차단이 됩니다. 모두가 즐거운 갸티비를 만들어주세요.",KIA,https://i.ytimg.com/vi/5IgcbdwTIQE/hqdefault.jpg,기아는 1️⃣위가 딱이야! ｜6월 12일 덕관｜기아 VS SSG,5IgcbdwTIQE
"[KIA vs SSG] 6/12 경기 I 2024 신한 SOL뱅크 KBO 리그 하이라이트
짜릿한 승부의 순간, TVING SPORTS: tving.com/kbo/home

#KBO리그 #야구 #티빙야구하이라이트 #KIA타이거즈 #SSG랜더스",KIA,https://i.ytimg.com/vi/e-XfCcA1re0/hqdefault.jpg,[KIA vs SSG] 6/12 경기 I 2024 신한 SOL뱅크 KBO 리그 I 하이라이트 I TVING,e-XfCcA1re0
"[KIA vs 두산] 6/9 경기 I 2024 신한 SOL뱅크 KBO 리그 하이라이트
짜릿한 승부의 순간, TVING SPORTS: tving.com/kbo/home

#KBO리그 #야구 #티빙야구하이라이트 #KIA타이거즈 #두산베어스",KIA,https://i.ytimg.com/vi/bk9tsVzyV4k/hqdefault.jpg,[KIA vs 두산] 6/9 경기 I 2024 신한 SOL뱅크 KBO 리그 I 하이라이트 I TVING,bk9tsVzyV4k
"6월 12일 SSG전 5회초 만루에서의 적시타로
KBO 최다 루타 신기록 경신!


*영상과 관련이 없거나, 근거 없는 루머/욕설/비난/도배 댓글은
댓글 삭제 또는 ID 차단이 됩니다. 모두가 즐거운 갸티비를 만들어주세요.",KIA,https://i.ytimg.com/vi/R5yIyBx6N1c/hqdefault.jpg,최형우 그는 신인가,R5yIyBx6N1c
"6월 9일 투수들의 호투와 타선이 빛난 승리 현장!

0:00 오늘 파이팅은 최형우
0:30 1회초 나성범 적시 3루타
1:04 1회초 이우성 내야안타
1:28 NEW 세레머니(?)
2:17 2회초 김도영 2루타 & 나성범 적시타
3:18 2회말 삼진에 포효하는 윤영철
4:06 5회초 최원준 쓰리런
5:40 6회말 전상현 삼자범퇴
6:44 7회말 곽도규 무실점투
7:50 8회초 홍종표 3루타 
8:14 8회초 추가 점수를 뽑은 박찬호
8:40 9회말 김도현 무실점투
9:19 승리의 하이파이브✋🏻


*영상과 관련이 없거나, 근거 없는 루머/욕설/비난/도배 댓글은
댓글 삭제 또는 ID 차단이 됩니다. 모두가 즐거운 갸티비를 만들어주세요.",KIA,https://i.ytimg.com/vi/9p2pRIz64tA/hqdefault.jpg,"잠실에 울려 퍼진 윤영철 연호 소리? + 나성범, 최원준 3타점 | 6월 9일 덕관 | 기아 vs 두산",9p2pRIz64tA
"6월 6일 기아 vs 롯데

0:42 1회말 박찬호 선제 홈런
1:43 양현종 2000K
4:13 6회말 김선빈 투런
4:46 7회초 전상현 삼자범퇴
5:28 8회말 김도영 홈런
6:33 8회말 김선빈 역전 결승타
6:55 9회초 정해영 세이브
8:20 수훈선수 인터뷰 - 전상현
9:42 수훈선수 인터뷰 - 김선빈


*영상과 관련이 없거나, 근거 없는 루머/욕설/비난/도배 댓글은
댓글 삭제 또는 ID 차단이 됩니다. 모두가 즐거운 갸티비를 만들어주세요.",KIA,https://i.ytimg.com/vi/8WONiL9tGUw/hqdefault.jpg,"내야즈의 대활약! | 6월 6일 챔필덕관 | 박찬호+김도영+김선빈 홈런, 양현종 QS, 정해영 세이브",8WONiL9tGUw
"[롯데 vs KIA] 6/6 경기 I 2024 신한 SOL뱅크 KBO 리그 하이라이트
짜릿한 승부의 순간, TVING SPORTS: tving.com/kbo/home

#KBO리그 #야구 #티빙야구하이라이트 #롯데자이언츠 #KIA타이거즈",KIA,https://i.ytimg.com/vi/jTJWTrRnPGU/hqdefault.jpg,[롯데 vs KIA] 6/6 경기 I 2024 신한 SOL뱅크 KBO 리그 I 하이라이트 I TVING,jTJWTrRnPGU
"6월 1일 기아 vs KT 챔필덕관


*영상과 관련이 없거나, 근거 없는 루머/욕설/비난/도배 댓글은
댓글 삭제 또는 ID 차단이 됩니다. 모두가 즐거운 갸티비를 만들어주세요.",KIA,https://i.ytimg.com/vi/Ste5jgOfXqw/hqdefault.jpg,"네일 7이닝 퀄리티스타트플러스, 김선빈 3안타 2타점! | 6월 1일 챔필덕관",Ste5jgOfXqw
"6월 1일 KT전 8회초 순삭!



*영상과 관련이 없거나, 근거 없는 루머/욕설/비난/도배 댓글은
댓글 삭제 또는 ID 차단이 됩니다. 모두가 즐거운 갸티비를 만들어주세요.",KIA,https://i.ytimg.com/vi/R80C6LNti8c/hqdefault.jpg,8회초 모든 아웃카운트를 만든 홍종표!,R80C6LNti8c
"[KT vs KIA] 6/1 경기 I 2024 신한 SOL뱅크 KBO 리그 하이라이트
짜릿한 승부의 순간, TVING SPORTS: tving.com/kbo/home

#KBO리그 #야구 #티빙야구하이라이트 #KT위즈 #KIA타이거즈",KIA,https://i.ytimg.com/vi/tfRrL2MZyDo/hqdefault.jpg,[KT vs KIA] 6/1 경기 I 2024 신한 SOL뱅크 KBO 리그 I 하이라이트 I TVING,tfRrL2MZyDo
"[KIA vs NC] 5/30 경기 I 2024 신한 SOL뱅크 KBO 리그 하이라이트
짜릿한 승부의 순간, TVING SPORTS: tving.com/kbo/home

#KBO리그 #야구 #티빙야구하이라이트 #KIA타이거즈 #NC다이노스",KIA,https://i.ytimg.com/vi/lUGFzDFMho4/hqdefault.jpg,[KIA vs NC] 5/30 경기 I 2024 신한 SOL뱅크 KBO 리그 I 하이라이트 I TVING,lUGFzDFMho4
"[KIA vs NC] 5/29 경기 I 2024 신한 SOL뱅크 KBO 리그 하이라이트
짜릿한 승부의 순간, TVING SPORTS: tving.com/kbo/home

#KBO리그 #야구 #티빙야구하이라이트 #KIA타이거즈 #NC다이노스",KIA,https://i.ytimg.com/vi/usV1v2llIK8/hqdefault.jpg,[KIA vs NC] 5/29 경기 I 2024 신한 SOL뱅크 KBO 리그 I 하이라이트 I TVING,usV1v2llIK8
"[KIA vs NC] 5/28 경기 I 2024 신한 SOL뱅크 KBO 리그 하이라이트
짜릿한 승부의 순간, TVING SPORTS: tving.com/kbo/home

#KBO리그 #야구 #티빙야구하이라이트 #KIA타이거즈 #NC다이노스",KIA,https://i.ytimg.com/vi/qiPY7OjWMHE/hqdefault.jpg,[KIA vs NC] 5/28 경기 I 2024 신한 SOL뱅크 KBO 리그 I 하이라이트 I TVING,qiPY7OjWMHE
"5월 26일 챔필덕관  | 기아 vs 두산
0:00 분위기 좋게 경기 전 파이팅!
0:36 선발투수 제임스 네일
1:34 나성범 선제 투런포!
2:21 최형우 백투백 홈런!
3:29 박찬호 시즌 첫 홈런!
3:48 첫 홈런은 조용..
6:28 승리의 하이파이브!
6:56 수훈선수 인터뷰 - 네일
9:08 너네 땜시 살어야
9:49 수훈선수 인터뷰 - 박찬호
13:01 🍪 새얀이




*영상과 관련이 없거나, 근거 없는 루머/욕설/비난/도배 댓글은
댓글 삭제 또는 ID 차단이 됩니다. 모두가 즐거운 갸티비를 만들어주세요.",KIA,https://i.ytimg.com/vi/G70mYJohtTM/hqdefault.jpg,네일 + 나성범 + 최형우 + 박찬호 = 승리 🔥 | 5월 26일 챔필덕관 (feat. 새얀이),G70mYJohtTM
"[두산 vs KIA] 5/26 경기 I 2024 신한 SOL뱅크 KBO 리그 하이라이트
짜릿한 승부의 순간, TVING SPORTS: tving.com/kbo/home

#KBO리그 #야구 #티빙야구하이라이트 #두산베어스 #KIA타이거즈",KIA,https://i.ytimg.com/vi/OlRe85CUubs/hqdefault.jpg,[두산 vs KIA] 5/26 경기 I 2024 신한 SOL뱅크 KBO 리그 I 하이라이트 I TVING,OlRe85CUubs
"5월 25일 기아 vs 두산 챔필덕관
💯 타임라인
0:00 경기 전 파이팅
1:52 김태군 적시타!
2:18 3회말 대량 득점 시작
2:41 주루로 만든 1점!
4:28 양현종 KBO 2번째 2400이닝
6:27 승리 확정 순간
6:43 하이파이브 🖐🏻
7:10 수훈선수 인터뷰 - 김태군
11:16 수훈선수 인터뷰 - 양현종


*영상과 관련이 없거나, 근거 없는 루머/욕설/비난/도배 댓글은
댓글 삭제 또는 ID 차단이 됩니다. 모두가 즐거운 갸티비를 만들어주세요.",KIA,https://i.ytimg.com/vi/kp-iwav54yc/hqdefault.jpg,’연패 스토퍼‘ 양현종 7이닝 투구! 오늘도 ㄱ1아타이거즈｜5월 25일 챔필덕관,kp-iwav54yc
"[두산 vs KIA] 5/25 경기 I 2024 신한 SOL뱅크 KBO 리그 하이라이트
짜릿한 승부의 순간, TVING SPORTS: tving.com/kbo/home

#KBO리그 #야구 #티빙야구하이라이트 #두산베어스 #KIA타이거즈",KIA,https://i.ytimg.com/vi/GAsR77a8NqY/hqdefault.jpg,[두산 vs KIA] 5/25 경기 I 2024 신한 SOL뱅크 KBO 리그 I 하이라이트 I TVING,GAsR77a8NqY
"양현종 KBO 통산 이닝 2위 기록,
9회 이우성 역전 홈런까지~!
뜨거웠던 스윕승의 현장! 

0:03 경기 전 파이팅💪
1:39 5회초 박찬호 선취점 적시타
2:07 양현종 KBO 통산 이닝 2위 달성
2:33 7회말 장현식 삼자범퇴
3:30 이우성 역전 홈런
3:55 특대자 두루치기!
4:30 9회말 병살로 경기 끝!
4:47 승리의 하이파이브 


*영상과 관련이 없거나, 근거 없는 루머/욕설/비난/도배 댓글은
댓글 삭제 또는 ID 차단이 됩니다. 모두가 즐거운 갸티비를 만들어주세요",KIA,https://i.ytimg.com/vi/xRKZoeRWI6w/hqdefault.jpg,2위와 승차를 벌린 싹쓸이 스윕!!!!ㅣ5월 19일 덕관ㅣ기아 vs NC,xRKZoeRWI6w
"[KIA vs NC] 5/19 경기 I 2024 신한 SOL뱅크 KBO 리그 하이라이트  
짜릿한 승부의 순간, TVING SPORTS: tving.com/kbo/home

#KBO리그 #야구 #티빙야구하이라이트 #KIA타이거즈 #NC다이노스",KIA,https://i.ytimg.com/vi/12CBvC5XoIQ/hqdefault.jpg,[KIA vs NC] 5/19 경기 I 2024 신한 SOL뱅크 KBO 리그 I 하이라이트 I TVING,12CBvC5XoIQ
"5월 19일 NC전 9회초 2아웃에서 역전!
#샤랄라_넣어드렸습니다


*영상과 관련이 없거나, 근거 없는 루머/욕설/비난/도배 댓글은
댓글 삭제 또는 ID 차단이 됩니다. 모두가 즐거운 갸티비를 만들어주세요.",KIA,https://i.ytimg.com/vi/bya4ZuL-8b0/hqdefault.jpg,우성신 9회 투아웃에서 역전 홈런!,bya4ZuL-8b0
"*영상과 관련이 없거나, 근거 없는 루머/욕설/비난/도배 댓글은
댓글 삭제 또는 ID 차단이 됩니다. 모두가 즐거운 갸티비를 만들어주세요.",KIA,https://i.ytimg.com/vi/Oa8CnZMfHyk/hqdefault.jpg,황동하 데뷔 첫 승 경기! 3연승!❤️ | 5월 18일 덕관 | 기아 vs NC,Oa8CnZMfHyk
"동하를 많이 사랑하는 형 동생들..❤️


*영상과 관련이 없거나, 근거 없는 루머/욕설/비난/도배 댓글은
댓글 삭제 또는 ID 차단이 됩니다. 모두가 즐거운 갸티비를 만들어주세요.",KIA,https://i.ytimg.com/vi/RHDZSBuN7lM/hqdefault.jpg,🎊 황동하 데뷔 첫 승 축하파티 현장 🎊,RHDZSBuN7lM
"[KIA vs NC] 5/18 경기 I 2024 신한 SOL뱅크 KBO 리그 하이라이트  
짜릿한 승부의 순간, TVING SPORTS: tving.com/kbo/home

#KBO리그 #야구 #티빙야구하이라이트 #KIA타이거즈 #NC다이노스",KIA,https://i.ytimg.com/vi/KqqjjvpuVcA/hqdefault.jpg,[KIA vs NC] 5/18 경기 I 2024 신한 SOL뱅크 KBO 리그 I 하이라이트 I TVING,KqqjjvpuVcA
"0:08 2회말 김사윤 나이스 피칭
0:53 3회초 홍종표-박찬호-최원준-나성범-최형우 역전!
2:44 3회말 나성범 홈 보살
3:43 7회초 홍종표-박찬호-최원준-나성범 어게인
5:18 7회말 김도현 나이스 피칭
5:39 8회말
5:58 9회초 나성범 쐐기포
6:40 9회말 이우성 슈퍼캐치
7:15 승리 하이파이브 🙏🏻


*영상과 관련이 없거나, 근거 없는 루머/욕설/비난/도배 댓글은
댓글 삭제 또는 ID 차단이 됩니다. 모두가 즐거운 갸티비를 만들어주세요.",KIA,https://i.ytimg.com/vi/Yy_fV4ARx4Q/hqdefault.jpg,1위가 누구라고요? 💪🏻 | 5월 17일 덕관 | 기아 vs NC,Yy_fV4ARx4Q
"[KIA vs NC] 5/17 경기 I 2024 신한 SOL뱅크 KBO 리그 하이라이트
짜릿한 승부의 순간, TVING SPORTS: tving.com/kbo/home

#KBO리그 #야구 #티빙야구하이라이트 #KIA타이거즈 #NC다이노스",KIA,https://i.ytimg.com/vi/TWzDJqOPtv4/hqdefault.jpg,[KIA vs NC] 5/17 경기 I 2024 신한 SOL뱅크 KBO 리그 I 하이라이트 I TVING,TWzDJqOPtv4
"5월 17일 NC전 장타성 타구를
슈퍼캐치로 잡아낸 이우성!



*영상과 관련이 없거나, 근거 없는 루머/욕설/비난/도배 댓글은
댓글 삭제 또는 ID 차단이 됩니다. 모두가 즐거운 갸티비를 만들어주세요.",KIA,https://i.ytimg.com/vi/zsP1ThRFovE/hqdefault.jpg,이우성 날다!,zsP1ThRFovE
"0:00 경기 전 파이팅!
0:09 챔필덕관 시작
7:19 수훈선수 인터뷰 - 나성범 
10:54 수훈선수 인터뷰 - 최지민

*영상과 관련이 없거나, 근거 없는 루머/욕설/비난/도배 댓글은
댓글 삭제 또는 ID 차단이 됩니다. 모두가 즐거운 갸티비를 만들어주세요.",KIA,https://i.ytimg.com/vi/U1e86HleXPA/hqdefault.jpg,(투런 포함 4타점) 나성범은 나성범이다! | 5월 15일 챔필덕관,U1e86HleXPA
"[두산 vs KIA] 5/15 경기 I 2024 신한 SOL뱅크 KBO 리그 하이라이트
짜릿한 승부의 순간, TVING SPORTS: tving.com/kbo/home

#KBO리그 #야구 #티빙야구하이라이트 #두산베어스 #KIA타이거즈",KIA,https://i.ytimg.com/vi/Gx4GpLP6xwk/hqdefault.jpg,[두산 vs KIA] 5/15 경기 I 2024 신한 SOL뱅크 KBO 리그 I 하이라이트 I TVING,Gx4GpLP6xwk
"5월 15일 나성범 타점 순간!


*영상과 관련이 없거나, 근거 없는 루머/욕설/비난/도배 댓글은
댓글 삭제 또는 ID 차단이 됩니다. 모두가 즐거운 갸티비를 만들어주세요.",KIA,https://i.ytimg.com/vi/XwtxP7z3ob0/hqdefault.jpg,나성범이 쓸어담은 4타점 그 순간! 관중석 반응 직캠 📸,XwtxP7z3ob0
"[SSG vs KIA] 5/12 더블헤더 1차전 I 2024 신한 SOL뱅크 KBO 리그 하이라이트
짜릿한 승부의 순간, TVING SPORTS: tving.com/kbo/home

#KBO리그 #야구 #티빙야구하이라이트 #SSG랜더스 #KIA타이거즈",KIA,https://i.ytimg.com/vi/KORaO1_73s8/hqdefault.jpg,[SSG vs KIA] 5/12 더블헤더 1차전 I 2024 신한 SOL뱅크 KBO 리그 I 하이라이트 I TVING,KORaO1_73s8
"5월 12일 더블헤더 1차전
1점차 리드 상황에서 1사 1, 2루 위기를 막아낸 정해영



*영상과 관련이 없거나, 근거 없는 루머/욕설/비난/도배 댓글은
댓글 삭제 또는 ID 차단이 됩니다. 모두가 즐거운 갸티비를 만들어주세요.",KIA,https://i.ytimg.com/vi/m7zXAKtKMwc/hqdefault.jpg,오늘 1점차에서 5OUT 만든 수호신!,m7zXAKtKMwc
"형우 선수 대기록 촬영하러 갔던 삼성전..!
치열했던 연장전 묵히기엔 아쉬워 내보냅니다
12회까지 치열하게 싸운 그 경기, 더그아웃 시점으로 보시죠!



*영상과 관련이 없거나, 근거 없는 루머/욕설/비난/도배 댓글은
댓글 삭제 또는 ID 차단이 됩니다. 모두가 즐거운 갸티비를 만들어주세요.",KIA,https://i.ytimg.com/vi/imayp60NdwY/hqdefault.jpg,역대급 연장전! 8회초~12회말 몰아보기｜5월 8일 기아 vs 삼성,imayp60NdwY
"[KIA vs 삼성] 5/8 경기 I 2024 신한 SOL뱅크 KBO 리그 하이라이트
짜릿한 승부의 순간, TVING SPORTS: tving.com/kbo/home

#KBO리그 #야구 #티빙야구하이라이트 #KIA타이거즈 #삼성라이온즈",KIA,https://i.ytimg.com/vi/7gWPRv5PpsM/hqdefault.jpg,[KIA vs 삼성] 5/8 경기 I 2024 신한 SOL뱅크 KBO 리그 I 하이라이트 I TVING,7gWPRv5PpsM
"더그아웃캠이 더 많이 나오게 하고
경기 장면은 작게 넣는 식으로 편집 스타일 바꿔봤는데 어떤가요?


5월 4일 기아 vs 한화 챔필덕관

*영상과 관련이 없거나, 근거 없는 루머/욕설/비난/도배 댓글은
댓글 삭제 또는 ID 차단이 됩니다. 모두가 즐거운 갸티비를 만들어주세요.",KIA,https://i.ytimg.com/vi/uWKY8SQra-0/hqdefault.jpg,크로우 다승 1위! 15안타 터졌다! | 5월 4일 챔필덕관,uWKY8SQra-0
"1회부터 5득점! 2회엔 4득점! 
5월 4일 기아 vs 한화 응원캠


*영상과 관련이 없거나, 근거 없는 루머/욕설/비난/도배 댓글은
댓글 삭제 또는 ID 차단이 됩니다. 모두가 즐거운 갸티비를 만들어주세요.",KIA,https://i.ytimg.com/vi/8hsRvi_sNig/hqdefault.jpg,[직캠] 1회 시작하자마자 빅이닝 직관한 팬 반응 🔥,8hsRvi_sNig
"[한화 vs KIA] 5/4 경기 I 2024 신한 SOL뱅크 KBO 리그 하이라이트
짜릿한 승부의 순간, TVING SPORTS: tving.com/kbo/home

#KBO리그 #야구 #티빙야구하이라이트 #한화이글스 #KIA타이거즈",KIA,https://i.ytimg.com/vi/rqvEV4V5Pi4/hqdefault.jpg,[한화 vs KIA] 5/4 경기 I 2024 신한 SOL뱅크 KBO 리그 I 하이라이트 I TVING,rqvEV4V5Pi4
"5월 1일 기아 vs KT 9:1 승리!
0:38 바로 동점 만듦
1:03 역전도 단숨에!
3:12 서건창 500타점 기록!
3:39 김선빈 3호 홈런
4:27 최형우 홈런
6:30 9회에 양현종 올라오자 팬 반응
8:38 수훈선수 인터뷰 - 김선빈
11:51 수훈선수 인터뷰 - 양현종



*영상과 관련이 없거나, 근거 없는 루머/욕설/비난/도배 댓글은
댓글 삭제 또는 ID 차단이 됩니다. 모두가 즐거운 갸티비를 만들어주세요.",KIA,https://i.ytimg.com/vi/_Kti4ZERCTM/hqdefault.jpg,1회부터 9회까지 단 한 명! 양현종 완투승 | 김선빈 최형우 홈런 포함 14안타! | 5월 1일 챔필덕관,_Kti4ZERCTM
"[KT vs KIA] 5/1 경기 I 2024 신한 SOL뱅크 KBO 리그 하이라이트
짜릿한 승부의 순간, TVING SPORTS: tving.com/kbo/home

#KBO리그 #야구 #티빙야구하이라이트 #KT위즈 #KIA타이거즈",KIA,https://i.ytimg.com/vi/zB6cibRsEdg/hqdefault.jpg,[KT vs KIA] 5/1 경기 I 2024 신한 SOL뱅크 KBO 리그 I 하이라이트 I TVING,zB6cibRsEdg
"5월 1일 KT전 3루 방향으로 날아오는 타구들을
깔끔히 잘 처리해낸  #김도영 



*영상과 관련이 없거나, 근거 없는 루머/욕설/비난/도배 댓글은
댓글 삭제 또는 ID 차단이 됩니다. 모두가 즐거운 갸티비를 만들어주세요.",KIA,https://i.ytimg.com/vi/gapqwnW3W-c/hqdefault.jpg,3루는 내가 지킨다,gapqwnW3W-c
"0:17 오랜만에 리드오프로 4출루(3안타) 활로를 만든 #김선빈
0:35 홈런 선취점 & 6:02 동점타까지 4타점 경기를 펼친 #최형우
6:18 7회초 역전 적시타를 때려낸 #이우성
4:22 돌아온 #나성범
이준영-장현식-최지민-전상현-곽도규-정해영 무실점!


*영상과 관련이 없거나, 근거 없는 루머/욕설/비난/도배 댓글은
댓글 삭제 또는 ID 차단이 됩니다. 모두가 즐거운 갸티비를 만들어주세요.",KIA,https://i.ytimg.com/vi/--fM7KqwjQ8/hqdefault.jpg,‘나성범이 왔다‘ 7회초 역전 현장 분위기 공개 🔥 | 4월 28일 덕관 | 기아 vs LG,--fM7KqwjQ8
"[KIA vs LG] 4/28 경기 I 2024 신한 SOL뱅크 KBO 리그 하이라이트
짜릿한 승부의 순간, TVING SPORTS: tving.com/kbo/home

#KBO리그 #야구 #티빙야구하이라이트 #KIA타이거즈 #LG트윈스",KIA,https://i.ytimg.com/vi/JoPn-pLj9Gg/hqdefault.jpg,[KIA vs LG] 4/28 경기 I 2024 신한 SOL뱅크 KBO 리그 I 하이라이트 I TVING,JoPn-pLj9Gg
"✅ 0:00 파이팅 넘치는 파이팅!
✅ 10:40 양현종 170승 파티 준비중


*영상과 관련이 없거나, 근거 없는 루머/욕설/비난/도배 댓글은
댓글 삭제 또는 ID 차단이 됩니다. 모두가 즐거운 갸티비를 만들어주세요.",KIA,https://i.ytimg.com/vi/BJv3ty_YXfQ/hqdefault.jpg,기록 타이거즈 스윕이요 스윕~~~ 🔥 | 4월 25일 기아 vs 키움 덕관,BJv3ty_YXfQ
"24일 키움전에서 100번째 세이브를 기록하며,
입단 후 22세 8개월 1일만에
KBO 최연소 100세이브 타이틀을 거머쥔 #정해영 🏆

✅ 0:00 데뷔 첫 세이브
✅ 0:39 해영 피셜 기억에 남는 세이브
✅ 1:12 KBO 최연소 30세이브
✅ 2:09 KBO 최연소 100세이브
✅ 2:30 'KBO의 새 역사' 정해영 인터뷰


*영상과 관련이 없거나, 근거 없는 루머/욕설/비난/도배 댓글은
댓글 삭제 또는 ID 차단이 됩니다. 모두가 즐거운 갸티비를 만들어주세요.",KIA,https://i.ytimg.com/vi/rH6bNsZoCBs/hqdefault.jpg,세이브 100개를 ‘가장 어린’ 나이에 달성한 정해영 H/L (인터뷰 有),rH6bNsZoCBs
"앞으로 남은 올시즌이 더 기대되는
김도영의 4월 홈런 모음집!

✅ 0:00 4월 1호~9호 홈런
✅ 0:26 데뷔 첫 두자릿수 홈런 순간
✅ 0:49 김도영 인터뷰


*영상과 관련이 없거나, 근거 없는 루머/욕설/비난/도배 댓글은
댓글 삭제 또는 ID 차단이 됩니다. 모두가 즐거운 갸티비를 만들어주세요.",KIA,https://i.ytimg.com/vi/qsiEWUU01Bc/hqdefault.jpg,김도영 'KBO 최초' 월간 10홈런 & 10도루 동시 달성! (인터뷰 有),qsiEWUU01Bc
"4월 25일 키움전 승리 투수이자
KBO에 단 두 명뿐인 170승 투수

오직 기아만을 위해 170경기를 승리로 이끈
#리빙레전드 #대투수 #양현종


*영상과 관련이 없거나, 근거 없는 루머/욕설/비난/도배 댓글은
댓글 삭제 또는 ID 차단이 됩니다. 모두가 즐거운 갸티비를 만들어주세요.",KIA,https://i.ytimg.com/vi/Eu59oDFgGSk/hqdefault.jpg,'통산 170승' 양현종 7이닝 6K 2실점 QS+ 하이라이트 🏆,Eu59oDFgGSk
"[KIA vs 키움] 4/25 경기 I 2024 신한 SOL뱅크 KBO 리그 하이라이트
짜릿한 승부의 순간, TVING SPORTS: tving.com/kbo/home

#KBO리그 #야구 #티빙야구하이라이트 #KIA타이거즈 #키움히어로즈",KIA,https://i.ytimg.com/vi/gxNfmJb2JVg/hqdefault.jpg,[KIA vs 키움] 4/25 경기 I 2024 신한 SOL뱅크 KBO 리그 I 하이라이트 I TVING,gxNfmJb2JVg
"4월 24일 기아 vs 키움 6:4 ✨

0:34 태군 진루 저지
1:54 동점!
3:00 역전!
4:15 김호령 호수비
6:28 8회초 3득점
8:43 수호신 정해영 등판
10:44 🍪 기록 축하해영!!!!



*영상과 관련이 없거나, 근거 없는 루머/욕설/비난/도배 댓글은
댓글 삭제 또는 ID 차단이 됩니다. 모두가 즐거운 갸티비를 만들어주세요.",KIA,https://i.ytimg.com/vi/ErrPSvIVyWc/hqdefault.jpg,"승리투수 윤영철, 김도영 결승타, 정해영 KBO 최연소 100세이브 💯| 4월 24일 덕관 | 기아 vs 키움",ErrPSvIVyWc
"[KIA vs 키움] 4/24 경기 I 2024 신한 SOL뱅크 KBO 리그 하이라이트
짜릿한 승부의 순간, TVING SPORTS: tving.com/kbo/home

#KBO리그 #야구 #티빙야구하이라이트 #KIA타이거즈 #키움히어로즈",KIA,https://i.ytimg.com/vi/ktyMqmIsKCU/hqdefault.jpg,[KIA vs 키움] 4/24 경기 I 2024 신한 SOL뱅크 KBO 리그 I 하이라이트 I TVING,ktyMqmIsKCU
"[KIA vs 키움] 4/23 경기 I 2024 신한 SOL뱅크 KBO 리그 하이라이트
짜릿한 승부의 순간, TVING SPORTS: tving.com/kbo/home

#KBO리그 #야구 #티빙야구하이라이트 #KIA타이거즈 #키움히어로즈",KIA,https://i.ytimg.com/vi/mrc5hWD-Y9I/hqdefault.jpg,[KIA vs 키움] 4/23 경기 I 2024 신한 SOL뱅크 KBO 리그 I 하이라이트 I TVING,mrc5hWD-Y9I
"0:13 김도영 시즌 9호 홈런
1:12 박찬호의 기가 막힌 더블아웃 수비
4:50 승리투수 곽도규
6:42 연장 10회초 시작
7:34 최형우 2타점 적시타

기아 vs 키움 4월 23일 경기 덕관


*영상과 관련이 없거나, 근거 없는 루머/욕설/비난/도배 댓글은
댓글 삭제 또는 ID 차단이 됩니다. 모두가 즐거운 갸티비를 만들어주세요.",KIA,https://i.ytimg.com/vi/i1HaAqR1-Ac/hqdefault.jpg,10회초 만루요? 해결사 최형우 등장하실게요 | 4월 23일 덕관 | 기아 vs 키움,i1HaAqR1-Ac
"4월 20일 기아 vs NC 9:2 !

0:00 챔필덕관
7:53 수훈선수 인터뷰
✔️ 7이닝 퀄리티스타트플러스 네일
✔️ 멀티히트 및 결승타 최원준



*5회말 더그아웃캠 오류로 리액션 장면을 사용할 수 없는 점 시청에 참고 부탁 드립니다

*영상과 관련이 없거나, 근거 없는 루머/욕설/비난/도배 댓글은
댓글 삭제 또는 ID 차단이 됩니다. 모두가 즐거운 갸티비를 만들어주세요.",KIA,https://i.ytimg.com/vi/aWzCvrQGVpM/hqdefault.jpg,⬅️ 요즘 이겨서 행복한 분들 클릭! | 4월 20일 챔필덕관 | 기아 vs NC,aWzCvrQGVpM
"[NC vs KIA] 4/20 경기 I 2024 신한 SOL뱅크 KBO 리그 하이라이트  
짜릿한 승부의 순간, TVING SPORTS: tving.com/kbo/home

#KBO리그 #야구 #티빙야구하이라이트 #NC다이노스 #KIA타이거즈",KIA,https://i.ytimg.com/vi/hA3kCOY8Q1s/hqdefault.jpg,[NC vs KIA] 4/20 경기 I 2024 신한 SOL뱅크 KBO 리그 I 하이라이트 I TVING,hA3kCOY8Q1s
"4월 19일 기아 VS NC 하이라이트 포함 챔필덕관

0:00 챔필덕관
5:40 끝내기 순간 더그아웃
7:06 수훈선수 인터뷰 - 양현종
6이닝 5K 2실점 퀄리티스타트
9:11 수훈선수 인터뷰 - 한준수
10회말 선두타자 대타 안타 & 결승 득점 주인공



*영상과 관련이 없거나, 근거 없는 루머/욕설/비난/도배 댓글은
댓글 삭제 또는 ID 차단이 됩니다. 모두가 즐거운 갸티비를 만들어주세요.",KIA,https://i.ytimg.com/vi/V9WdbL9ZSsA/hqdefault.jpg,연장 끝에 이기면 얼~마나 재밌게요?｜4월 19일 챔필덕관 | 기아 vs NC,V9WdbL9ZSsA
"[NC vs KIA] 4/19 경기 I 2024 신한 SOL뱅크 KBO 리그 하이라이트  
짜릿한 승부의 순간, TVING SPORTS: tving.com/kbo/home

#KBO리그 #야구 #티빙야구하이라이트 #NC다이노스 #KIA타이거즈",KIA,https://i.ytimg.com/vi/jpr-3KlxdLo/hqdefault.jpg,[NC vs KIA] 4/19 경기 I 2024 신한 SOL뱅크 KBO 리그 I 하이라이트 I TVING,jpr-3KlxdLo
"10회말 박찬호의 번트 타구에 이은
한준수의 홈 슬라이딩에 관중석 반응은?




*영상과 관련이 없거나, 근거 없는 루머/욕설/비난/도배 댓글은
댓글 삭제 또는 ID 차단이 됩니다. 모두가 즐거운 갸티비를 만들어주세요.",KIA,https://i.ytimg.com/vi/wzRODeuJFWg/hqdefault.jpg,아마도 올해 최고 데시벨🔥 (끝내기 챔필 관중석 직캠),wzRODeuJFWg
"4월 19일 기아 VS NC전
10회 연장 승부에서 한준수의 판단력 좋은 득점으로 경기 끝! ✨



*영상과 관련이 없거나, 근거 없는 루머/욕설/비난/도배 댓글은
댓글 삭제 또는 ID 차단이 됩니다. 모두가 즐거운 갸티비를 만들어주세요.",KIA,https://i.ytimg.com/vi/z9c2rkF_rmI/hqdefault.jpg,"10회말 끝내기 순간, 물 뿌리려 달려드는 직캠ㅋㅋㅋ",z9c2rkF_rmI
"기아 vs SSG 11:3 승리!

김도영 연타석 홈런
최형우 4000루타
김선빈 2경기 연속 홈런!


*영상과 관련이 없거나, 근거 없는 루머/욕설/비난/도배 댓글은
댓글 삭제 또는 ID 차단이 됩니다. 모두가 즐거운 갸티비를 만들어주세요.",KIA,https://i.ytimg.com/vi/VHkkZVC63Ns/hqdefault.jpg,응원캠이 함께 한 두자릿수 득점! 4월 17일 기아 vs SSG 덕관 📹,VHkkZVC63Ns
"[KIA vs SSG] 4/17 경기 I 2024 신한 SOL뱅크 KBO 리그 하이라이트
짜릿한 승부의 순간, TVING SPORTS: tving.com/kbo/home

#KBO리그 #야구 #티빙야구하이라이트 #KIA타이거즈 #SSG랜더스",KIA,https://i.ytimg.com/vi/p3zKGqI3Nic/hqdefault.jpg,[KIA vs SSG] 4/17 경기 I 2024 신한 SOL뱅크 KBO 리그 I 하이라이트 I TVING,p3zKGqI3Nic
"[KIA vs 한화] 4/14 경기 I 2024 신한 SOL뱅크 KBO 리그 하이라이트
짜릿한 승부의 순간, TVING SPORTS: tving.com/kbo/home

#KBO리그 #야구 #티빙야구하이라이트 #KIA타이거즈 #한화이글스",KIA,https://i.ytimg.com/vi/idHnfvu_6dI/hqdefault.jpg,[KIA vs 한화] 4/14 경기 I 2024 신한 SOL뱅크 KBO 리그 I 하이라이트 I TVING,idHnfvu_6dI
"[KIA vs 한화] 4/13 경기 I 2024 신한 SOL뱅크 KBO 리그 하이라이트
짜릿한 승부의 순간, TVING SPORTS: tving.com/kbo/home

#KBO리그 #야구 #티빙야구하이라이트 #KIA타이거즈 #한화이글스",KIA,https://i.ytimg.com/vi/xc8RMyBuXDQ/hqdefault.jpg,[KIA vs 한화] 4/13 경기 I 2024 신한 SOL뱅크 KBO 리그 I 하이라이트 I TVING,xc8RMyBuXDQ
"[KIA vs 한화] 4/12 경기 I 2024 신한 SOL뱅크 KBO 리그 하이라이트
짜릿한 승부의 순간, TVING SPORTS: tving.com/kbo/home

#KBO리그 #야구 #티빙야구하이라이트 #KIA타이거즈 #한화이글스",KIA,https://i.ytimg.com/vi/jsylD8vJQI8/hqdefault.jpg,[KIA vs 한화] 4/12 경기 I 2024 신한 SOL뱅크 KBO 리그 I 하이라이트 I TVING,jsylD8vJQI8
"*영상과 관련이 없거나, 근거 없는 루머/욕설/비난/도배 댓글은
댓글 삭제 또는 ID 차단이 됩니다. 모두가 즐거운 갸티비를 만들어주세요.",KIA,https://i.ytimg.com/vi/-lYXRCXwVww/hqdefault.jpg,여러분 스윕이에요!!! | 4월 11일 기아 vs LG 챔필덕관,-lYXRCXwVww
"[LG vs KIA] 4/11 경기 I 2024 신한 SOL뱅크 KBO 리그 하이라이트
짜릿한 승부의 순간, TVING SPORTS: tving.com/kbo/home

#KBO리그 #야구 #티빙야구하이라이트 #LG트윈스 #KIA타이거즈",KIA,https://i.ytimg.com/vi/fkXQ3aMywCg/hqdefault.jpg,[LG vs KIA] 4/11 경기 I 2024 신한 SOL뱅크 KBO 리그 I 하이라이트 I TVING,fkXQ3aMywCg
"[LG vs KIA] 4/10 경기 I 2024 신한 SOL뱅크 KBO 리그 하이라이트
짜릿한 승부의 순간, TVING SPORTS: tving.com/kbo/home

#KBO리그 #야구 #티빙야구하이라이트 #LG트윈스 #KIA타이거즈",KIA,https://i.ytimg.com/vi/SIm9rAFWsyI/hqdefault.jpg,[LG vs KIA] 4/10 경기 I 2024 신한 SOL뱅크 KBO 리그 I 하이라이트 I TVING,SIm9rAFWsyI
"4월 10일 기아 vs LG 5:4 승 


*영상과 관련이 없거나, 근거 없는 루머/욕설/비난/도배 댓글은
댓글 삭제 또는 ID 차단이 됩니다. 모두가 즐거운 갸티비를 만들어주세요.",KIA,https://i.ytimg.com/vi/vzd8BPt7dnc/hqdefault.jpg,그럼에도 승리! 10승 선착! 단독 1위! 🎉｜4월 10일 챔필덕관,vzd8BPt7dnc
"*영상과 관련이 없거나, 근거 없는 루머/욕설/비난/도배 댓글은
댓글 삭제 또는 ID 차단이 됩니다. 모두가 즐거운 갸티비를 만들어주세요.",KIA,https://i.ytimg.com/vi/XhBvNNRkPiE/hqdefault.jpg,등판하면 무조건 이기는 선발 투수 등장! 🫶🏻 ｜4월 9일 기아 VS LG 챔필덕관,XhBvNNRkPiE
"[LG vs KIA] 4/9 경기 I 2024 신한 SOL뱅크 KBO 리그 하이라이트
짜릿한 승부의 순간, TVING SPORTS: tving.com/kbo/home

#KBO리그 #야구 #티빙야구하이라이트 #LG트윈스 #KIA타이거즈",KIA,https://i.ytimg.com/vi/LJKUbOQmaA8/hqdefault.jpg,[LG vs KIA] 4/9 경기 I 2024 신한 SOL뱅크 KBO 리그 I 하이라이트 I TVING,LJKUbOQmaA8
"2024.4.5 삼성전 김도영 솔로 홈런! ⚡


*영상과 관련이 없거나, 근거 없는 루머/욕설/비난/도배 댓글은
댓글 삭제 또는 ID 차단이 됩니다. 모두가 즐거운 갸티비를 만들어주세요.",KIA,https://i.ytimg.com/vi/HYUSiXISpTs/hqdefault.jpg,챔필런 터졌다! (240405),HYUSiXISpTs
"[삼성 vs KIA] 4/5 경기 I 2024 신한 SOL뱅크 KBO 리그 하이라이트  
짜릿한 승부의 순간, TVING SPORTS: tving.com/kbo/home

#KBO리그 #야구 #티빙야구하이라이트 #삼성라이온즈 #KIA타이거즈 #기아타이거즈",KIA,https://i.ytimg.com/vi/NMGkTSQd53o/hqdefault.jpg,[삼성 vs KIA] 4/5 경기 I 2024 신한 SOL뱅크 KBO 리그 I 하이라이트 I TVING,NMGkTSQd53o
"ㄱ1아타이거즈


1~3회 더그아웃 카메라 영상 파일이 날아가
중계 화면으로 대체하는 점 양해 부탁 드립니다

*영상과 관련이 없거나, 근거 없는 루머/욕설/비난/도배 댓글은
댓글 삭제 또는 ID 차단이 됩니다. 모두가 즐거운 갸티비를 만들어주세요.",KIA,https://i.ytimg.com/vi/KgRK5Rw2XU4/hqdefault.jpg,"야구 잘한다 💯 김도영 최원준 홈런, 크로우 2승! ｜4월 5일 기아 VS 삼성 챔필덕관",KgRK5Rw2XU4
"이의리 5이닝 7K 첫 승!
3안타로 공수에서 활약한 박찬호
2타점을 올린 김선빈 최원준
승기를 잘 지켜낸 불펜진!
그리고 타이거즈 최다 홀드를 기록한 전상현


*영상과 관련이 없거나, 근거 없는 루머/욕설/비난/도배 댓글은
댓글 삭제 또는 ID 차단이 됩니다. 모두가 즐거운 갸티비를 만들어주세요.",KIA,https://i.ytimg.com/vi/1G7JVvOw91c/hqdefault.jpg,썸네일에 ✨빛✨만 넣었습니다 ｜4월 4일 기아 VS KT 덕관,1G7JVvOw91c
"8회말 순삭!

*영상과 관련이 없거나, 근거 없는 루머/욕설/비난/도배 댓글은
댓글 삭제 또는 ID 차단이 됩니다. 모두가 즐거운 갸티비를 만들어주세요.",KIA,https://i.ytimg.com/vi/Jf9o54sxKcc/hqdefault.jpg,수비왕 박찬호 (240404),Jf9o54sxKcc
"[KIA vs KT] 4/4 경기 I 2024 신한 SOL뱅크 KBO 리그 하이라이트
짜릿한 승부의 순간, TVING SPORTS: tving.com/kbo/home",KIA,https://i.ytimg.com/vi/Ijga29kCNqU/hqdefault.jpg,[KIA vs KT] 4/4 경기 I 2024 신한 SOL뱅크 KBO 리그 I 하이라이트 I TVING,Ijga29kCNqU
"*영상과 관련이 없거나, 근거 없는 루머/욕설/비난/도배 댓글은
댓글 삭제 또는 ID 차단이 됩니다. 모두가 즐거운 갸티비를 만들어주세요.",KIA,https://i.ytimg.com/vi/q7NTUbkzprM/hqdefault.jpg,서건창의 날 (240403),q7NTUbkzprM
"[KIA vs KT] 4/3 경기 I 2024 신한 SOL뱅크 KBO 리그 하이라이트  
짜릿한 승부의 순간, TVING SPORTS: tving.com/kbo/home",KIA,https://i.ytimg.com/vi/kI5XiYCjRm8/hqdefault.jpg,[KIA vs KT] 4/3 경기 I 2024 신한 SOL뱅크 KBO 리그 I 하이라이트 I TVING,kI5XiYCjRm8
"4월 3일 기아 vs KT 승리 경기 덕관


*영상과 관련이 없거나, 근거 없는 루머/욕설/비난/도배 댓글은
댓글 삭제 또는 ID 차단이 됩니다. 모두가 즐거운 갸티비를 만들어주세요.",KIA,https://i.ytimg.com/vi/FSqqazm-w9A/hqdefault.jpg,"'네일' 2경기 연속 퀄리티 스타트, '서건창' 3안타 3타점! 🔥｜4월 3일 기아 VS KT 덕관",FSqqazm-w9A
"*영상과 관련이 없거나, 근거 없는 루머/욕설/비난/도배 댓글은
댓글 삭제 또는 ID 차단이 됩니다. 모두가 즐거운 갸티비를 만들어주세요.",KIA,https://i.ytimg.com/vi/2WBrdZaMdt8/hqdefault.jpg,⚡️위닝 시리즈⚡️3월 31일 기아 VS 두산 원정덕관,2WBrdZaMdt8
"[KIA vs 두산] 3/31 경기 I 2024 신한 SOL뱅크 KBO 리그 하이라이트
짜릿한 승부의 순간, TVING SPORTS: tving.com/kbo/home",KIA,https://i.ytimg.com/vi/JXd5yfLK0CE/hqdefault.jpg,[KIA vs 두산] 3/31 경기 I 2024 신한 SOL뱅크 KBO 리그 I 하이라이트 I TVING,JXd5yfLK0CE
"[KIA vs 두산] 3/29 경기 I 2024 신한 SOL뱅크 KBO 리그 하이라이트  
짜릿한 승부의 순간, TVING SPORTS: tving.com/kbo/home",KIA,https://i.ytimg.com/vi/UxZjiVocBzs/hqdefault.jpg,[KIA vs 두산] 3/29 경기 I 2024 신한 SOL뱅크 KBO 리그 I 하이라이트 I TVING,UxZjiVocBzs
"*영상과 관련이 없거나, 근거 없는 루머/욕설/비난/도배 댓글은
댓글 삭제 또는 ID 차단이 됩니다. 모두가 즐거운 갸티비를 만들어주세요.",KIA,https://i.ytimg.com/vi/I9aFbHG3uX4/hqdefault.jpg,올해 한번도 지지 않았다!💥 3월 29일 기아 VS 두산 원정덕관,I9aFbHG3uX4
"단 1점도 허용하지 않는 기아타이거즈의 철벽 불펜
장현식-임기영-곽도규-최지민-전상현-정해영

*영상과 관련이 없거나, 근거 없는 루머/욕설/비난/도배 댓글은
댓글 삭제 또는 ID 차단이 됩니다. 모두가 즐거운 갸티비를 만들어주세요.",KIA,https://i.ytimg.com/vi/p8rzbZ7Lo-Q/hqdefault.jpg,최강불펜,p8rzbZ7Lo-Q
"*영상과 관련이 없거나, 근거 없는 루머/욕설/비난/도배 댓글은
댓글 삭제 또는 ID 차단이 됩니다. 모두가 즐거운 갸티비를 만들어주세요.",KIA,https://i.ytimg.com/vi/8mfoPNogw4s/hqdefault.jpg,"‘9K' 네일, 선제 투런포 최형우! ⭐️3연승⭐️한 3월 27일 기아 VS 롯데 챔필덕관",8mfoPNogw4s
"[롯데 vs KIA] 3/27 경기 I 2024 신한 SOL뱅크 KBO 리그 하이라이트  
짜릿한 승부의 순간, TVING SPORTS: tving.com/kbo/home",KIA,https://i.ytimg.com/vi/T5WWZoy1gfs/hqdefault.jpg,[롯데 vs KIA] 3/27 경기 I  2024 신한 SOL뱅크 KBO 리그 I 하이라이트 I TVING,T5WWZoy1gfs
"최형우의 동점 홈런, 박찬호 안타 후 소크라테스의 적시타
전상현 최지민 정해영의 무실점 피칭으로 2:1 승!


*영상과 관련이 없거나, 근거 없는 루머/욕설/비난/도배 댓글은
댓글 삭제 또는 ID 차단이 됩니다. 모두가 즐거운 갸티비를 만들어주세요.",KIA,https://i.ytimg.com/vi/lUxfK-TcsEY/hqdefault.jpg,개막 2연승 달려서 기쁜 분들 들어오세요~! | 3월 26일 기아 VS 롯데 챔필덕관,lUxfK-TcsEY
"[롯데 vs KIA] 3/26 경기 I 2024 신한 SOL뱅크 KBO 리그 하이라이트  
짜릿한 승부의 순간, TVING SPORTS: tving.com/kbo/home",KIA,https://i.ytimg.com/vi/wLzLtwRSp5o/hqdefault.jpg,[롯데 vs KIA] 3/26 경기 I  2024 신한 SOL뱅크 KBO 리그 I 하이라이트 I TVING,wLzLtwRSp5o
"많이 와주시는 날엔 응원캠을 가동합니다 :)

두번째날은 아쉽지만 우천 취소,,
화요일(3/26)에 다시 만나요! ✨


*영상과 관련이 없거나, 근거 없는 루머/욕설/비난/도배 댓글은
댓글 삭제 또는 ID 차단이 됩니다. 모두가 즐거운 갸티비를 만들어주세요.",KIA,https://i.ytimg.com/vi/coVtxPiJFkA/hqdefault.jpg,🎉 전석매진 🎉 팬으로 꽉 찬 챔필은 이렇습니다,coVtxPiJFkA
"0:00 덕관
9:29 수훈선수 인터뷰
12:53 🍪


*영상과 관련이 없거나, 근거 없는 루머/욕설/비난/도배 댓글은
댓글 삭제 또는 ID 차단이 됩니다. 모두가 즐거운 갸티비를 만들어주세요",KIA,https://i.ytimg.com/vi/5EsfrLweZeQ/hqdefault.jpg,첫 경기부터!!! 🎊 3월 23일 기아 VS 키움 챔필덕관 (현장감 넘치는 응원캠 포함!),5EsfrLweZeQ
"[키움 vs KIA] 3/23 경기 I 2024 신한 SOL뱅크 KBO 리그 하이라이트  
짜릿한 승부의 순간, TVING SPORTS: tving.com/kbo/home",KIA,https://i.ytimg.com/vi/7UdYlQpNmIY/hqdefault.jpg,[키움 vs KIA] 3/23 경기 I  2024 신한 SOL뱅크 KBO 리그 I 하이라이트 I TVING,7UdYlQpNmIY
"네일의 비자책 5이닝, 
황동하-곽도규-장현식-전상현의 무실점 피칭,
박민-황대인-김석환의 홈런포에 힘입어
마지막 시범경기 9:3 승!

#3월23일_개막전에서_만나요



*영상과 관련이 없거나, 근거 없는 루머/욕설/비난/도배 댓글은
댓글 삭제 또는 ID 차단이 됩니다. 모두가 즐거운 갸티비를 만들어주세요.",KIA,https://i.ytimg.com/vi/MopRoTKTk6U/hqdefault.jpg,개막 전 마지막 시범경기 승리한 3월 19일 기아 VS 삼성 챔필덕관 ✨,MopRoTKTk6U
"[삼성 vs KIA] 3/19 경기 I 2024 신한 SOL뱅크 KBO 리그 하이라이트  
짜릿한 승부의 순간, TVING SPORTS: tving.com/kbo/home",KIA,https://i.ytimg.com/vi/6sVAfniKPLM/hqdefault.jpg,[삼성 vs KIA] 3/19 시범경기 I 2024 신한 SOL뱅크 KBO 리그 I 하이라이트 I TVING,6sVAfniKPLM
"*24 시즌도 홈+수도권 원정 경기 승리 영상을 만듭니다.

*영상과 관련이 없거나, 근거 없는 루머/욕설/비난/도배 댓글은
댓글 삭제 또는 ID 차단이 됩니다. 모두가 즐거운 갸티비를 만들어주세요.",KIA,https://i.ytimg.com/vi/ZIRzoVtdSzo/hqdefault.jpg,무려 14점이 쏟아진!💥 3월 17일 기아 VS KT 챔필덕관,ZIRzoVtdSzo
"[KT vs KIA] 3/17 경기I 2024 신한 SOL뱅크 KBO 리그 하이라이트  
짜릿한 승부의 순간, TVING SPORTS: tving.com/kbo/home",KIA,https://i.ytimg.com/vi/06own91JIVo/hqdefault.jpg,[KT vs KIA] 3/17 시범경기 I 2024 신한 SOL뱅크 KBO 리그 I 하이라이트 I TVING,06own91JIVo
"[KIA vs 한화] 3/11 경기 I 2024 신한 SOL뱅크 KBO 리그 하이라이트  
짜릿한 승부의 순간, TVING SPORTS: tving.com/kbo/home",KIA,https://i.ytimg.com/vi/0uJbZttdY2A/hqdefault.jpg,[KIA vs 한화] 3/11 시범경기 I 2024 신한 SOL뱅크 KBO 리그 I 하이라이트 I TVING,0uJbZttdY2A
"[KIA vs NC] 3/9 시범경기 I 2024 신한 SOL뱅크 KBO 리그 하이라이트  
짜릿한 승부의 순간, TVING SPORTS: tving.com/kbo/home",KIA,https://i.ytimg.com/vi/UAfn6cdmSY0/hqdefault.jpg,[KIA vs NC] 3/9 시범경기 I 2024 KBO리그 I 하이라이트 I TVING,UAfn6cdmSY0
,삼성,https://i.ytimg.com/vi/7rj5AKuhfPc/hqdefault.jpg,일일알바생이 된 선수들&긴장MAX 무대 비하인드 | 2024 THE BLUE WAVE🌊 하이라이트⭐️ #라팍에서생긴일,7rj5AKuhfPc
,삼성,https://i.ytimg.com/vi/ffxf5sJoodU/hqdefault.jpg,2024 THE BLUE WAVE🌊 토크쇼 무편집본 Full ver. #라팍에서생긴일,ffxf5sJoodU
"00:00 장기자랑 행사 시작

00:30 배찬승 함수호 홍준영 (데이식스 - 예뻤어)

06:37 함수호 무반주 노래 (izi - 응급실)

07:35 배찬승 무반주 노래 (박상민 - 해바라기)

08:18 홍준영 무반주 노래 (에이치코드 - 꿈속에 너)

10:12 김헌곤 (이적 - 다행이다)

15:34 신경민 (버즈 - 나에게로 떠나는 여행)

19:47 신경민 (버즈 - 비망록)

23:07 김영웅 (폴킴 - 너를 만나)

28:30 이재현 등장

30:25 김영웅 이재현 (로제 및 Bruno Mars - APT.)

31:36 천겸 권현우 김상준 김백산 우승완 이진용 (크레용팝 - 어이)

36:34 윤정빈 (영탁 - 막걸리 한 잔)

42:53 윤정빈 이해승 박승규 (빅뱅 - 뱅뱅뱅)",삼성,https://i.ytimg.com/vi/Rl9oLy2Cenk/hqdefault.jpg,2024 THE BLUE WAVE🌊 장기자랑 무편집본 Full ver. #라팍에서생긴일,Rl9oLy2Cenk
#승리요정 #김강우 #허형규 #김연아 #양파 #양파콘서트 #원태인 #바이올리니스트 #라팍폴대 #시구자 #애국가 #야구 #푸른피 #엘도라도 #어린이회원 #대구문화예술회관 #플레이오프 #시구 #nct #nctdream #제노 #jeno #엔시티 #엔시티드림 #시구 #시구지도 #우천취소 #우취 #호야 #이호성 #원태인 #황동재 #김윤수 #애칭 #시즈니 #아이돌 #샤라웃 #버퍼링 #내향인,삼성,https://i.ytimg.com/vi/ZbdbnqNmt_w/hqdefault.jpg,라팍 폴대는 언제나 상시 대기중 🧚 | PO 시구자 모음 #라팍에서생긴일,ZbdbnqNmt_w
"메이크어위시 코리아는 2002년 11월, 세계에서 26번째로 설립되어, 현재까지 5,500여 명의 난치병 아동들의 소원을 이루어 주었으며, 더 많은 난치병 아동들이 소원을 이룰 수 있도록 노력하고 있습니다.",삼성,https://i.ytimg.com/vi/fBeLi00ewtY/hqdefault.jpg,당신의 소원을 들어드립니다⭐️ㅣMake A-Wish! 찬건의 소원을 들어주기 위해 나타난 영웅🧞‍♂️#라팍에서생긴일,fBeLi00ewtY
,삼성,https://i.ytimg.com/vi/9baqEioj3gc/hqdefault.jpg,이 영상..기다리셨죠? 내향형 라이온즈 레전드 댄스파티 있음.(소근소근) | 정규시즌 피날레 FESTA 현장 밀착 직캠.ver #라팍에서생긴일,9baqEioj3gc
,삼성,https://i.ytimg.com/vi/dbUTMFWPVno/hqdefault.jpg,우리 루키들 끼가 왜 이렇게 많아요~? 🐥 갤럭시GX 수트와 함께 한 아기 사자들의 라팍 첫날🦁 | 루키스데이 스케치 #라팍에서생긴일,dbUTMFWPVno
,삼성,https://i.ytimg.com/vi/y2OBFr4eZ1U/hqdefault.jpg,팬 여러분의 뜨거운 성원 다시 한번 감사드립니다💙 | 100만 관중 팬 감사 이벤트 스케치 #라팍에서생긴일,y2OBFr4eZ1U
,삼성,https://i.ytimg.com/vi/vGaU-nEoBLU/hqdefault.jpg,본격 덕썹일치😎 라이온즈 대학생 서포터즈 1기의 활동 종료🍀 라팍 투어 다녀왔습니다! #라팍에서생긴일,vGaU-nEoBLU
#허형규 #라이온즈파크 #라팍 #원태인 #박병호 #승요 #승리요정 #푸른피 #시구,삼성,https://i.ytimg.com/vi/JtFoLqZ6wwY/hqdefault.jpg,"라팍에 불어온 승리 요정의 기운🧚‍♂️ㅣ뼛속까지 푸른 피, 허형규 배우님의 두 번째 시구 도전!⚾️#라팍에서생긴일",JtFoLqZ6wwY
"#러블리즈 #지애 #아츄 #강민호 #구자욱 #육선엽
#걸그룹 #걸그룹댄스",삼성,https://i.ytimg.com/vi/3zaMKqE2rYY/hqdefault.jpg,우리 만날래 오랫동안 기다려왔어 | 행운의 '7' 등에 달고 나타난 쿨톤 요정님🧚‍♀️💙 전통시장과 동행한DAY #라팍에서생긴일,3zaMKqE2rYY
#팬타스틱데이 #선재업고튀어 #선업튀 #김태성 #송건희,삼성,https://i.ytimg.com/vi/n3foUxOqMXY/hqdefault.jpg,"삼성,, 네ㄱr 내 ⭐️별이다!!!! 🌟🔥☄️ 삼성.. 사랑한다.. 미치도록, 죽도록, 우주(galaxy)가 다 터져나가도록!  팬타스틱데이 (with 배우 송건희)",n3foUxOqMXY
#승요할명수 #할명수 #박명수 #명수팍 #거성박명수 #삼성라이온즈 #쪼쪼댄스 #무한도전 #정준하 #오승환 #강민호 #씨앤블루 #정용화 #외톨이야 #원태인,삼성,https://i.ytimg.com/vi/i7fsuD3mXzo/hqdefault.jpg,˗ˋˏ 승리 ˎˊ˗라는 무한도전 성공하고 간 연예인 박씨🍀 🥺 : 그래서 지금 지쳤나요? 😑 : 조금요,i7fsuD3mXzo
#galaxyzfold6 #갤럭시z폴드6 #삼성전자,삼성,https://i.ytimg.com/vi/fqDosLnApA0/hqdefault.jpg,"감사합니다! 라이온즈 승리를 위해 시즌 끝까지 거침없이 나아가겠습니다! | 갤럭시의 또 다른 이름은 빅토리, Galaxy Z FOLD 6 언박싱!",fqDosLnApA0
#에버랜드데이 #에버랜드,삼성,https://i.ytimg.com/vi/gpiSk5hi5OM/hqdefault.jpg,"대구 : 아, 뜨거워!!!😳 대프리카 자리를 넘보는 희대의 열정남이 나타났다🔥 #티타남 #트리플에스",gpiSk5hi5OM
,삼성,https://i.ytimg.com/vi/JwyUHxbuv1Y/hqdefault.jpg,20홈런의 주인공⚾️ 최강삼성 히어로 누구? 김영웅!day #라팍에서생긴일,JwyUHxbuv1Y
#대구대학교 #두두 #이호성 #김영웅,삼성,https://i.ytimg.com/vi/pVDS0uKs24Y/hqdefault.jpg,"영웅, 호성 선배님과 함께하는 대구대 입시박람회라니 완전 럭키비키잖아☘️",pVDS0uKs24Y
#삼성라이온즈 #롯데자이언츠 #클래식씨리즈,삼성,https://i.ytimg.com/vi/FUO3rqT9H9g/hqdefault.jpg,"우리가 남이가!! 낭만, 추억, 대머리, 채럼버스, 터보, 핑클 다 나오는 이 영상은 무룐데 편의점 봉투는 유료가!!!!",FUO3rqT9H9g
#삼성라이온즈 #롯데자이언츠 #클래식씨리즈,삼성,https://i.ytimg.com/vi/nRpUsGwWPaU/hqdefault.jpg,오늘 아무도 집에 못 가... (납량특집 아닙니다) 광기의 라팍콘서트🔥 + 불꽃놀이🎆,nRpUsGwWPaU
,삼성,https://i.ytimg.com/vi/ynD8X-4_gOk/hqdefault.jpg,??? : 어떤 사람은 시구를 이래 하데 ⚾️ 원태인의 엄격 모먼트 | 🌟2024 팬타스틱데이🌟 #라팍에서생긴일,ynD8X-4_gOk
,삼성,https://i.ytimg.com/vi/n9y5TibpGtM/hqdefault.jpg,"썸네일에서 분내가 나요.. 이모, 삼촌들 심쿵하는 소리 들린다🥹 | 주니어 모음 zip. #라팍에서생긴일",n9y5TibpGtM
,삼성,https://i.ytimg.com/vi/rwErfZgyARc/hqdefault.jpg,올해도 왔습니다. 배~홍~동~ 비빔면! ???: 옛날 사람은 차가운 면 먹어 #배홍동데이 #라팍에서생긴일 #경산에서생긴일,rwErfZgyARc
,삼성,https://i.ytimg.com/vi/6wyDTX6BcUw/hqdefault.jpg,"재밌는 놀이기구🎠부터 팬싸인회 현장🎥, 깨알같은 선수들의 어린시절 SSUL🎤까지 #라팍에서생긴일",6wyDTX6BcUw
"오승환데이 현장 비하인드 입니다
#삼성라이온즈 #라이온즈파크 #오승환",삼성,https://i.ytimg.com/vi/k8gRfRjJCp8/hqdefault.jpg,끝판대장 가족 총 출동!👼 오승환DAY 비하인드💙 #라팍에서생긴일,k8gRfRjJCp8
"라이온즈파크 개장 첫 선발투수였던 차우찬 전 야구선수의 시구 비하인드입니다
#삼성라이온즈 #라이온즈파크 #차우찬 #시구",삼성,https://i.ytimg.com/vi/AksqIgA-yig/hqdefault.jpg,잊지 못 할 순간이었습니다✨ 왕조 멤버👑 차우찬 시구⚾️ 비하인드 #라팍에서생긴일,AksqIgA-yig
"이제 반격을 시작합니다!
라이온즈 파크에서 거둔 KS 첫 승리!
PO MVP를 차지했던 레예스의 가을 야구 무결점 피칭, 7이닝 7K!
시원하게 터진 이성규의 선제 솔로포!
최강 삼성의 히어로, 김영웅의 홈런까지!
헌곤신, KS까지 이어진 타격감으로 추가 득점 솔로포!
오래 기다리셨습니다 라Park뱅 박병호의 백투백 홈런!

호랑이에게 반격하는 사자 군단의 덕아웃 분위기가 궁금하시다면?

WE ARE THE LIONS 

지금 바로 확인하세요!",삼성,https://i.ytimg.com/vi/43u1FhhX8FI/hqdefault.jpg,우리 이야기의 주인공은 우리니까 #덕아웃1열 (10.25 KS 3차전),43u1FhhX8FI
"사자 군단은 한국시리즈로 향합니다!
누구도 예측하지 못했지만 우리는 믿었습니다!
마운드를 지켜줬던 7이닝 무실점 레예스!
PO 2승 ERA 0.66로 PO MVP까지!
한국시리즈를 향한 강민호의 스윙,
8회에 터진 극적인 솔로포!
임창민-김재윤으로 이어지는 철벽 불펜진!

한국시리즈를 확정짓는 PO 4차전 덕아웃 분위기가 궁금하시다면?

WE ARE THE LIONS

지금 바로 확인하세요!",삼성,https://i.ytimg.com/vi/ln4DnU093S4/hqdefault.jpg,우리의 이야기는 이제 시작입니다! 📹 #덕아웃1열 (10.19 PO 4차전),ln4DnU093S4
"삼성 라이온즈가 PO 2차전도 가져갑니다!
푸른 피의 에이스, 원태인 6.2이닝 3K 데뷔 첫 PS 승리!
경기를 뒤집는 김영웅 솔로포!
하트 사냥꾼, 김헌곤 연타석 홈런!
역시 해결사, 디아즈 연타석 홈런!
팀 홈런 1위 팀 다운 득점 공식👊🏻
오늘도 탄탄했던 야수들의 수비까지!

한 경기 두 번의 연타석 홈런, 덕아웃 분위기가 궁금하시다면?

WE ARE THE LIONS",삼성,https://i.ytimg.com/vi/ER-FsaRS9z8/hqdefault.jpg,고민하지 마십시오. 의심하지 마십시오. 준비한 게 맞습니다. 📹 #덕아웃1열 (10.15 PO 2차전),ER-FsaRS9z8
"플레이오프 1차전 대승리!
오랜 휴식에도 살아있는 경기 감각으로 PO 1차전을 승리로 장식한 라이온즈💙
PS 첫 출전에도 불구하고 완벽한 피칭 보여준 레예스!
경기 초반 분위기를 가져오는 3점 홈런 구자욱,
이어지는 김영웅의 솔로포,
쐐기를 박는 디아즈의 2점 홈런
모든 야수들의 빗장 수비!
위기를 막는 김윤수의 3구 삼진
임창민-김태훈-김재윤으로 이어지는 철벽 마운드까지👊🏻

다 같이 미친 라이온즈 모습, 덕아웃 분위기가 궁금하시다면?

WE ARE THE LIONS

지금 바로 확인하세요!",삼성,https://i.ytimg.com/vi/Mk9Slffd1Uk/hqdefault.jpg,"""다 같이 미쳐야 할 것 같습니다"" 📹 #덕아웃1열 (10.13 PO 1차전)",Mk9Slffd1Uk
"오늘도 승리하리라🍂
1실점하면 곧바로 1득점하는 나이스한 팀👍
분위기를 이어 멀티히트 경기한 이병헌의 안타를 시작으로
3안타 경기를 한 성윤의 2루타, 
헌곤의 적시타로 역전에 성공
추가 득점을 만드는 영웅의 27호 홈런
또다시 영웅, 시즌 28호 홈런을 쏘아 올리며 쐐기 2득점
선발투수 레예스의 뒤를 이어 송은범, 김태훈, 이상민, 김재윤의 든든한 피칭까지🔥

낭만 미친 삼성 야구, 영웅의 1경기 2 홈런, 덕아웃 분위기가 궁금하시다면?

WE ARE THE LIONS 

지금 바로 확인하세요!",삼성,https://i.ytimg.com/vi/t60Pdqx16-I/hqdefault.jpg,강한 사람이 아니어도 괜찮습니다. 우리는 서로 도울 거니까요 📹 #덕아웃1열 (09.25 키움전),t60Pdqx16-I
"플레이오프 직행 확정🍂
선취득점은 박병호의 쓰리런👍
9월 9자욱의 연타석 홈런
시차 적응 끝난 아메리칸 보이 이창용의 초구 2루타!
이성규 이재현의 추가 안타로 쐐기 득점 성공!
오늘의 선발투수 푸.피 에이스 원태인의 6이닝 1실점 5K 피칭⚾️
송은범, 김태훈의 안정적인 무실점 피칭과
김재윤, 역대 9번째 5시즌 연속 10세이브 달성까지 🔥

선선한 가을바람과 함께 찾아온, 플레이오프 직행 확정의 순간, 덕아웃 분위기가 궁금하시다면?

WE ARE THE LIONS 

지금 바로 확인하세요!",삼성,https://i.ytimg.com/vi/7ZD5fj5YlE4/hqdefault.jpg,삼성라이온즈는 플레이오프 직행을 원하고 있습니다🍂 📹 #덕아웃1열 (09.22 키움전),7ZD5fj5YlE4
"추석연휴에는 역전승!
이재현의 적시타로 선취득점 성공
추가득점을 알리는 구월 자욱의 홈런
엎치락뒤치락 했던 경기에 시원한 역전 홈런을 날려준 디아즈!
레예스의 뒤를 이어 송은범, 김태훈, 이상민의 든든한 무실점 피칭까지 🔥

복덩이 디아즈, 역전 홈런의 순간, 덕아웃 분위기가 궁금하시다면?

WE ARE THE LIONS 

지금 바로 확인하세요!",삼성,https://i.ytimg.com/vi/CABwMHdAeF4/hqdefault.jpg,(※쿠키있음※) 새로 온 우리집 복덩이가 추석 선물로 역전승을 드립니다 📹 #덕아웃1열 (09.18 KT전),CABwMHdAeF4
"라이온즈가 신나게 말아주는 하트—♡
레예스의 복귀전! 5이닝 1실점 5K 시즌 10승 달성!
1회부터 디아즈의 적시타와 박병호의 쓰리런포로 4득점
3회 오랜만에 손맛을 느낀 김헌곤의 투런포와 류지혁의 쐐기 타점
레예스 뒤를 이어 나온 황동재, 오승환, 임창민의 무실점 피칭👊🏻
8,020일 만의 원정 10연승 달성까지💯

9월에 불어오는 하트 바람, 사랑이 넘치는 덕아웃 분위기가 궁금하시다면?

WE ARE THE LIONS 

지금 바로 확인하세요!",삼성,https://i.ytimg.com/vi/Nm-XGb660R4/hqdefault.jpg,"라이온즈야, 삼랑해💙 📹 #덕아웃1열 (09.12 한화전)",Nm-XGb660R4
"17안타 10득점 대폭발🔥
구자욱의 선제 투런포로 기선제압과 동시에
전 구단 상대 홈런 기록까지!
4회 김지찬의 1타점 기습 번트와
이어지는 찬스 상황
폭투와 남은 주자를 싹쓸이하는 구자욱의 적시타!
6회에 또 한 번 터진 구자욱의 투런포👊🏻
5타수 4안타 2홈런 6타점을 기록하고,
시즌 100타점까지 완성!
대타로 들어온
강민호, 김현준, 양도근, 김헌곤의 활약으로 두 자릿수 득점까지!
2피안타 1실점으로 든든하게 마운드를 지켜준
코너, 우승현, 이재익, 송은범, 육선엽💙

매서운 타격을 보여준 라이온즈, 덕아웃 분위기가 궁금하시다면?

WE ARE THE LIONS 

지금 바로 확인하세요!",삼성,https://i.ytimg.com/vi/Ti1go8quY1s/hqdefault.jpg,"믿고 올라타기만 해, 우리가 푸른 파도가 되어줄게 📹 #덕아웃1열 (09.11 한화전)",Ti1go8quY1s
"해피 베이스볼💙
오늘의 선발 투수 다승 단독 1위를 차지한 원태인의 5.2이닝 7K 피칭부터,
박병호의 희생플라이 타점으로 선취 득점 성공,
김지찬의 시즌 3번째 3루타로 추가 득점!
빠른 발로 홈인까지 성공하는 김지찬,
박병호의 내야 안타, 강민호의 안타로 또다시 득점,
가을 남자 전병우의 투런포,
쐐기를 박는 빼뱀 재현의 투런포
원태인의 뒤를 이은 최지광, 김대우, 김태훈, 이상민의 든든한 피칭까지 🔥

9월에 불어오는 가을바람, 득점과 호투의 순간, 덕아웃 분위기가 궁금하시다면?

WE ARE THE LIONS 

지금 바로 확인하세요!",삼성,https://i.ytimg.com/vi/-bijSMYOt8w/hqdefault.jpg,다시 푸른 가을 하늘이 삼성의 계절이 될 것만 같은 느낌입니다 📹 #덕아웃1열 (09.08 NC전),-bijSMYOt8w
"라이온즈가 말아주는 명품 수비와 홈런!
오늘의 선발 육선엽의 뒤를 이어 마운드를 든든하게 막아준 이재익, 우승현, 이상민, 김태훈, 송은범부터
1점 차를 단숨에 역전시키는 이재현의 3루타
큼지막한 홈런으로 사직을 넘겨버린 디아즈의 시즌 5호 홈런,
팀 수비율 1위의 위엄, 극도의 수비 집중력까지🔥

9월에 불어오는 가을바람, 명품 수비의 향연, 덕아웃 분위기가 궁금하시다면?

WE ARE THE LIONS 

지금 바로 확인하세요!",삼성,https://i.ytimg.com/vi/PcDyAcm5ZCQ/hqdefault.jpg,폭룡적인 명품 수비에 삼며들 시간입니다💙 📹 #덕아웃1열 (09.06 롯데전),PcDyAcm5ZCQ
"푸른피가되💙
오늘의 선발 투수 황동재의 5이닝 2K 피칭부터,
KBO 통산 400홈런을 달성하는 박병호,
안타로 복귀 신고하는 이재현,
추가 득점 신고! KBO 완벽 적응한 디아즈,
오늘 3안타 경기를 하는 강민호,
복귀 홈런 신고! 돌아온 이성규,
데뷔 첫 멀티히트의 양도근,
라팍에서 첫 3루타, 김지찬
황동재의 뒷문을 이어 차분히 마운드를 막아준 불펜까지🔥

9월에 불어오는 가을바람, 꺾이지 않는 삼성, 덕아웃 분위기가 궁금하시다면?

WE ARE THE LIONS 

지금 바로 확인하세요!",삼성,https://i.ytimg.com/vi/Myz4iQ36F6M/hqdefault.jpg,"팀 홈런 1위, 홈런라이온즈 진짜 권력있다 📹 #덕아웃1열 (09.04 두산전)",Myz4iQ36F6M
"따봉 👍 홈런라이온즈야 고마워!
오늘의 선발 투수 코너의 6이닝 6K 피칭부터,
김태훈, 임창민, 이상민, 김재윤으로 이어지는 든든한 불펜 투수들의 무실점 피칭,
단숨에 점수의 균형을 맞추는 라팍쓰는 박병호의 솔로 홈런,
가을의 시작이 왔음을 알리는 가을 남자 전병우의 역전 홈런,
점수는 홈런으로만 내는 팀, 홈런 파티에 빠질 수 없는 구자욱의 솔로포,
개인 3번째 연타석 홈런을 만들어내는 구자욱,
디아즈의 큼지막한 2루타로 추가 쐐기 득점까지🔥

9월에 불어오는 가을바람, 꺾이지 않는 삼성, 덕아웃 분위기가 궁금하시다면?

WE ARE THE LIONS 

지금 바로 확인하세요!",삼성,https://i.ytimg.com/vi/U-N7JrhDDfo/hqdefault.jpg,라팍에 강한 가을 바람이 불고 있습니다 📹 #덕아웃1열 (09.03 롯데전),U-N7JrhDDfo
"외쳐! 캡틴 KOO
선발투수 황동재의 5.2이닝 3K 무실점 피칭!
오승환, 최지광, 임창민, 김재윤으로 이어지는 든든한 불펜 투수들의 무실점 피칭,
기나긴 연장전 끝에 터진 캡틴 구자욱의 솔로 홈런까지 🔥

라이온즈는 단 한점도 내주지 않았습니다 😎

8월에만 3번째 스윕승, 꺾이지 않는 삼성, 덕아웃 분위기가 궁금하시다면?

WE ARE THE LIONS 

지금 바로 확인하세요!",삼성,https://i.ytimg.com/vi/lgBk9wbil40/hqdefault.jpg,영원히 야구장에 푸른 파도가 멈추지 않도록 📹 #덕아웃1열 (08.29 키움전),lgBk9wbil40
"이겼다 또 이겼다~
1회부터 선취득점을 만드는 구자욱의 적시타,
더 달아나는 박병호의 3점홈런,
좁혀진 점수차를 크게 벌리는 구자욱의 2점 홈런,
쐐기 추가득점까지 만드는 이병헌과 김지찬의 안타,
돌아온 오승환의 1이닝 2K 무실점 피칭까지 🔥

화려한 3연승, 고척 담장을 넘기는 큼지막한 홈런의 순간, 덕아웃 분위기가 궁금하시다면?

WE ARE THE LIONS 

지금 바로 확인하세요!",삼성,https://i.ytimg.com/vi/Qic3h--TfRA/hqdefault.jpg,"하늘엔 수많은 색깔의 별이 있잖아. 그 중에 가장 뜨거운 빛을 뿜어 내는 건, 파랑이래💙 📹 #덕아웃1열 (08.28 키움전)",Qic3h--TfRA
"1점차 승리! 2연승 묻고 더블로 가!
선발 투수 코너의 9이닝 113구 무실점 완봉승 피칭부터,
김지찬의 내야안타, 34번째 도루에 성공하며 2루에 도착,
윤정빈의 적시타로 귀중한 선취득점
1회부터 9회까지 투수는 단 한명, 코너 시볼드였습니다 🔥

코너의 탈삼진 show, 완봉승과 득점의 순간, 덕아웃 분위기가 궁금하시다면?

WE ARE THE LIONS 

지금 바로 확인하세요!",삼성,https://i.ytimg.com/vi/qergpNg580U/hqdefault.jpg,✨삼성라이온즈✨ 평점 10/10 도파민 터지는 삼성라이온즈 야구를 추천하오. 소인은 심장이 터지는 줄 알았소이다. 📹 #덕아웃1열 (08.27 키움전),qergpNg580U
"두 자릿수 득점! 10득점 파티!
선발 투수 원태인의 5이닝 1K 피칭부터
선취 득점을 그랜드 슬램으로 신고하는 박병호,
점수를 더 쌓는 구자욱의 안타,
좁혀진 점수차를 한 방에 해결하는 디아즈의 3점 홈런,
원태인의 뒤를 잇는 오늘의 생일자 임창민, 그리고 이상민의 든든한 피칭까지🔥

홈런 라이온즈, 만루홈런과 3점 홈런의 순간, 덕아웃 분위기가 궁금하시다면?

WE ARE THE LIONS 

지금 바로 확인하세요!",삼성,https://i.ytimg.com/vi/Bp8oJtlda3k/hqdefault.jpg,나만의 블루라이온즈 당신을 보고 첫눈에 반했습니다 📹 #덕아웃1열 (08.25 롯데전),Bp8oJtlda3k
"오늘도 역시 점수는 홈런으로! 거포 라이온즈🔥
4회 단숨에 분위기를 가져오는 강민호의 쓰리런
그리고 8회 동점 상황에서 나온 디아즈
라팍 데뷔전에서 약속의 투런💙
이어서 KBO 역대 10번째 3500루타를 달성한 05년생 강민호!
최지광의 1.2이닝 무실점 구원승과 김재윤의 세이브까지!

역전 홈런, 그리고 또 역전 홈런, 약속의 8회, 덕아웃 분위기가 궁금하시다면?

WE ARE THE LIONS 

지금 바로 확인하세요!",삼성,https://i.ytimg.com/vi/R21lZg5ziTs/hqdefault.jpg,잠들면 안돼..진실게임 하자 좋아하는 야구팀 있어? 나는 삼성라이온즈💙 📹 #덕아웃1열 (08.23 롯데전),R21lZg5ziTs
"4연승 연승 파티는 계속됩니다!
선발 투수 원태인의 6이닝 무실점 8K 피칭부터,
선취득점을 알리는 이재현의 안타,
추가득점을 뽑아내는 회춘한 강민호의 안타,
오늘 3안타 경기! 디아즈의 쐐기타,
위기를 이겨내는 김대우의 삼구삼진, 
마지막 이닝 호수비로 삼성을 구한 김지찬까지 🔥

도파민 터진 덕아웃, 득점과 호투의 순간, 덕아웃 분위기가 궁금하시다면?

WE ARE THE LIONS 

지금 바로 확인하세요!",삼성,https://i.ytimg.com/vi/HzNpsHjPFH4/hqdefault.jpg,우리가 안 한게 뭐가 있지? 4연승? 어어 맞다 증답! 📹 #덕아웃1열 (08.20 두산전),HzNpsHjPFH4
"1,900일 만의 엔팍에서의 스윕승!👍
선발 투수 백정현의 7이닝 무실점 5K 하이 퀄리티 스타트 피칭부터,
강민호의 타점으로 선취점을 알리는 라이온즈
5회초, 구자욱과 강민호의 연속 안타로 추가 득점!
9회초 다시 한번 구자욱의 안타로 5득점 완성!
든든한 불펜 최지광의 흔들리지 않는 피칭까지🔥

도파민 터진 덕아웃, 득점과 호투의 순간, 덕아웃 분위기가 궁금하시다면?

WE ARE THE LIONS 

지금 바로 확인하세요!",삼성,https://i.ytimg.com/vi/mkJBWlIH1ic/hqdefault.jpg,월요병 싸악 사라지는 느낌 좋은~ 영상 들어갑니다 📹 #덕아웃1열 (08.18 NC전),mkJBWlIH1ic
"홈런 공장 풀가동!👊🏻
류지혁의 시즌 3호 동점 솔로포,
구자욱-디아즈의 백투백 홈런!
KBO 데뷔 첫 안타를 홈런으로 장식한 뉴페이스 디아즈🔥
약속의 8회,
균형을 맞추는 김영웅의 동점 적시타와
돌아온 해결사 박병호의 역전 적시타까지!
철벽 마운드가 뒤를 책임지면서
짜릿한 역전승!💙

36번째 역전승, 덕아웃 분위기가 궁금하시다면?

WE ARE THE LIONS 

지금 바로 확인하세요!",삼성,https://i.ytimg.com/vi/iba3UxPu8WI/hqdefault.jpg,삼성라이온즈를 아냐구요? 제가 아는 프로야구팀 중 최고였어요👍 📹 #덕아웃1열 (08.17 NC전),iba3UxPu8WI
"투타의 집중력으로 승리를 가져온 라이온즈!
경기 초반부터 연속 볼넷으로 만루를 만들고
김헌곤의 적시타, 윤정빈의 밀어내기 타점으로 앞서갑니다🦁
3회 주자 김영웅을 불러들이는 이재현의 적시타로 3:0
오늘의 선발 투수 황동재의 5이닝 호투👊🏻
경기 후반 다시 모인 집중력으로 7회 역전,
9회 3득점으로 차이를 벌리는 타자들
그리고 이에 무실점으로 화답한 불펜진까지🔥

투타의 집중력이 빛난 경기! 9회 3득점, 덕아웃 분위기가 궁금하시다면?

WE ARE THE LIONS 

지금 바로 확인하세요!",삼성,https://i.ytimg.com/vi/LNt8a7n7an4/hqdefault.jpg,어머니 삼성이 너무~ 잘해요👶🏻👍🏻 📹 #덕아웃1열 (08.16 NC전),LNt8a7n7an4
"60승 도착!
승승승, 3연승입니다 👍
선발 투수 원태인의 7.2이닝 5K, 명품 투수의 품격부터,
선취점을 알리는 구자욱의 2루타,
김지찬의 기습번트 시도, 김지찬 효과로 득점에 성공,
윤정빈의 타구는 상대의 실책으로, 김지찬의 재치있는 주루로 추가득점까지 성공!
원태인의 뒤를 이어 마운드를 든든하게 막아준 최지광, 김재윤까지🔥

연승! 가자! 7회말 역전의 순간, 덕아웃 분위기가 궁금하시다면?

WE ARE THE LIONS 

지금 바로 확인하세요!",삼성,https://i.ytimg.com/vi/1P9fLkAxaes/hqdefault.jpg,요아정. (요)즘 (아)침에 눈 뜨면 생각나는 영상의 (정)석 📹 #덕아웃1열 (08.14 KT전),1P9fLkAxaes
"승리로 기분 좋은 한 주의 시작 라이온즈!
선발 투수 백정현의 5.1이닝 3K로 시즌 5승 달성
그리고 1회부터 가동된 홈런 라이온즈👍
이성규의 첫 시즌 20호 홈런은 곧 전 구단 상대 홈런👊🏻
이어서 나온 김영웅과 박병호의 백투백홈런⚾️⚾️
끝나지 않은 이들의 활약
박병호의 희생플라이 추가점과 김영웅의 적시타로 
계속해서 앞서나가는 라이온즈🦁
이후 8회 이성규의 쐐기 희생플라이 타점
만루 위기를 넘긴 우승현과 더불어 점수 차를 지킨 무실점 불펜진까지🔥

오늘도 홈런 세 방! 홈런 1위 팀의 순간, 덕아웃 분위기가 궁금하시다면?

WE ARE THE LIONS 

지금 바로 확인하세요!",삼성,https://i.ytimg.com/vi/3RslCXPiH0M/hqdefault.jpg,삼성라이온즈 별로.. 내 마음에 ⭐️ 별로 📹 #덕아웃1열 (08.13 KT전),3RslCXPiH0M
"선발 전원 안타!👍
선발 투수 레예스, 실점은 있었지만 2회부터 5회까지 무실점 피칭!
추격을 알리는 강민호의 솔로 홈런,
박병호의 2루타로 추격점을 만들고,
이성규의 안타로 동점!
박병호의 균형을 깨는 솔로 홈런으로 역전에 성공!
상대의 득점으로 다시 동점이 되었지만, 연장 11회에 또 다시 균형을 깨는 박병호의 홈런으로 분위기를 가져옵니다!
레예스를 뒤이어 마운드를 든든하게 막아준 최강불펜까지 🔥

역전은 홈런으로! 박병호의 역전 홈런의 순간, 덕아웃 분위기가 궁금하시다면?

WE ARE THE LIONS 

지금 바로 확인하세요!",삼성,https://i.ytimg.com/vi/ZEu7Nr0MHTw/hqdefault.jpg,진짜 삼성라이온즈 징하다.. 완전 어메이징 📹 #덕아웃1열 (08.11 KIA전),ZEu7Nr0MHTw
"선발 전원 안타! 그리고 2성라이온즈 👍
초반 실점이 있었지만 박병호의 추격을 가하는 안타부터,
현준, 헌곤, 자욱의 연속 안타로 1득점에 성공,
강민호의 추가 안타로 2점차로 좁힌 라이온즈,
김영웅의 균형을 맞추는 홈런으로 이 경기는 원점이 됩니다!
균형을 깨는 이재현의 안타로 단번에 역전에 성공하는 삼성!
7회말 이성규, 이재현의 추가안타로 쐐기 득점 성공,
8회말 구자욱의 희생플라이 타점으로 마지막 점수가 완성됩니다!
승리투수 백정현에 이어 든든하게 마운드를 지켜준 최지광, 김재윤, 오승환까지 🔥

기적같은 역전드라마! 5회말의 현장, 덕아웃 분위기가 궁금하시다면?

WE ARE THE LIONS 

지금 바로 확인하세요!",삼성,https://i.ytimg.com/vi/krUEUKchMl0/hqdefault.jpg,오늘 몽땅 히트야 히트 📹 #덕아웃1열 (08.07 한화전),krUEUKchMl0
"1494일만에 SSG 상대 3연전 스윕에 성공! 4연승라이온즈👍
선발 투수 코너의 6이닝 3K 피칭부터,
김영웅의 추격을 가하는 안타,
동점을 알리는 류지혁의 안타,
역전을 만들어내는 김영웅의 희생플라이 타점,
추가점을 가하는 이재현 쐐기 투런,
마지막 득점을 알리는 구자욱의 안타
선발투수에 뒤를 이어 마운드를 든든하게 막아준 최지광, 이상민, 김재윤까지 🔥

승리를 향한 그 이름! 삼성! 스윕시리즈의 현장, 덕아웃 분위기가 궁금하시다면?

WE ARE THE LIONS 

지금 바로 확인하세요!",삼성,https://i.ytimg.com/vi/iaKXuU3Htts/hqdefault.jpg,"스윕승..✨️ 낭만적이네요..이 조명, 온도, 습도.. 📹 #덕아웃1열 (08.04 SSG전)",iaKXuU3Htts
"3연승! 3연승! 3연승!
선발 투수 레예스의 6.2이닝 7K 완벽 피칭부터,
6게임 연속 멀티히트를 기록, 3안타 경기를 펼친 김지찬,
개인 최다안타 3안타 경기를 한 윤정빈,
복귀 후 3안타 돌아온 구주장,
삼성의 히어로 영웅의 투런포,
멀티히트에 3득점 경기를 펼친 안주형,
오늘 생일🎂이었던 성규의 멀티히트까지 🔥

승리를 향한 그 이름! 삼성! 타선 폭발의 현장, 덕아웃 분위기가 궁금하시다면?

WE ARE THE LIONS 

지금 바로 확인하세요!",삼성,https://i.ytimg.com/vi/e3r9TZ4WFt8/hqdefault.jpg,역시 삼성라이온즈 선배님들..완전 라팍을 뒤집어놓으셨다👍📹 #덕아웃1열 (08.03 SSG전),e3r9TZ4WFt8
"8월 시작이 매우 좋은 라이온즈! 연승으로 찾아왔습니다!
선발 투수 원태인의 9이닝 6K 완투승 피칭부터,
6회, 추격을 시작한 라이온즈 강민호의 안타로 1득점,
8회, 삼성은 포기 하지 않았고, 끝내 터진 윤정빈의 초구 솔로 홈런,
9회, 이성규의 솔로 홈런으로 동점!
주자를 쌓고 만루가 된 라이온즈 끝내기로 이 경기를 승리로 가져옵니다 🔥

승리를 향한 그 이름! 삼성! 끝내기의 순간 덕아웃 분위기가 궁금하시다면?

WE ARE THE LIONS 

지금 바로 확인하세요!",삼성,https://i.ytimg.com/vi/87FKZTjUHEY/hqdefault.jpg,"삼성라이온즈는 1회부터 9회까지 투수가 단 한명, 원태인이었다는 얘기가 있다. 나는 그 이야기를 무척 좋아한다 📹 #덕아웃1열 (08.02 SSG전)",87FKZTjUHEY
"잠실에서 위닝시리즈를 가져옵니다!
선발 투수 백정현의 6.2이닝 2K 무실점 피칭부터,
1회부터 05년생 포수 강민호의 안타로 선취득점을 가져온 라이온즈,
이어서 김헌곤의 안타로 추가득점에 성공!
멈추지 않는 라이온즈, 오늘 4안타 경기를 한 김현준의 안타로 추가점!
8회 안주형의 쐐기타로 홈런 없이 7득점을 만들어 낸 라이온즈,
백정현에 이어 임창민, 우승현의 안정적인 무실점 피칭까지🔥

승리를 향한 그 이름! 삼성! 위닝시리즈의 순간 덕아웃 분위기가 궁금하시다면?

WE ARE THE LIONS 

지금 바로 확인하세요!",삼성,https://i.ytimg.com/vi/igUtuYGBwoA/hqdefault.jpg,우리 삼성라이온즈가 와이리 기특해 👍 📹 #덕아웃1열 (08.01 LG전),igUtuYGBwoA
"역전을 하기엔 홈런 한방으로 충분했습니다!
8이닝 4K 1실점, 도미넌트 스타트를 달성한 오늘의 선발투수 코너,
4회 1점차를 뒤집은 강민호의 역전 투런,
뒤이어 삼성의 히어로 김영웅의 백투백 홈런,
5회 점수차를 벌리는 김헌곤의 안타,
7회 멈추지 않는 공격을 이어가는 김지찬과 이재현의 안타,
8회 이 경기의 쐐기포를 날리는 이성규,
9회 삼자범퇴 이닝으로 경기를 종료시킨 황동재까지🔥

꺾이지 않는 그 이름! 삼성! 백투백의 순간 덕아웃 분위기가 궁금하시다면?

WE ARE THE LIONS 

지금 바로 확인하세요!",삼성,https://i.ytimg.com/vi/tcUJcHlq0bo/hqdefault.jpg,'누'가 요즘 삼성라이온즈 야구를 보나요? 안녕하세요 '누'입니다 📹 #덕아웃1열 (07.30 LG전),tcUJcHlq0bo
"6.2이닝 6K 1실점, 시즌 9승 달성! 왕관의 무게를 이겨낸 에이스 원태인부터
동점 희생플라이 타점을 기록한 이재현,
김영웅데이의 주인공, 역전타를 날린 김영웅,
7회, 원태인의 마운드를 이어받은 최지광의 무실점 피칭,
이어지는 8회, 이상민의 든든한 피칭,
9회, 오승환의 최고령 세이브 기록까지🔥

승리의 최강삼성 라이온즈! 역전타의 순간 덕아웃 분위기가 궁금하시다면?

WE ARE THE LIONS 

지금 바로 확인하세요!",삼성,https://i.ytimg.com/vi/wP-Lb-D9FmA/hqdefault.jpg,저쪽 신사분이 보내주신 덕아웃 1열입니다😎  📹 #덕아웃1열 (07.27 KT전),wP-Lb-D9FmA
"한 점 한 점 열심히 따라붙은 라이온즈🏃🏼
마침내, 9회말 대역전극에 성공합니다😎

2회 경기를 원점으로 만든 강민호의 3게임 연속 홈런,
5회 카데나스의 적시 2루타로 한 점 추가,
강민호의 추가 타점으로 한 점 추가,
8회 대타 윤정빈 적중 적시타로 한 점 추가,
더불어 나온 황동재, 최지광의 무실점 불펜 피칭
8회말에 등판해 1.1이닝 삭제시킨 오늘의 승리투수 오승환
그리고 5:4의 스코어로 맞이한 9회말 
무사 1루에서 나온 카데나스의 역전 투런포로 경기 종료👊🏻

9회말 극적인 끝내기 역전 홈런의 순간! 덕아웃 분위기가 궁금하시다면?

WE ARE THE LIONS 

지금 바로 확인하세요!",삼성,https://i.ytimg.com/vi/W2_L1AppyZg/hqdefault.jpg,야오이마이! 야오이마이! '야구는 오래 이기고 있을 필요가 없다. 마지막에 이기면 된다' 📹 #덕아웃1열 (07.21 롯데전),W2_L1AppyZg
"22안타 21득점 !! 미친 타선이 폭발한 기특라이온즈👍
6이닝 2K, 시즌 8승 달성! 왕관의 무게를 이겨낸 에이스 원태인부터
시원한 동점타 포함 4안타 경기를 한 류지혁, 
쐐기 쓰리런을 날리면서 15시즌 연속 10홈런을 달성한 강민호,
3게임 연속 홈런, 이성규의 솔로포,
4타석 4출루를 해낸 김지찬,
홈런에 내가 빠질 수 없지! 김영웅의 시즌 18호 홈런!
4안타, 거침없는 타격으로 돌아온 김현준
두 경기만에 홈런 신고를 한 카데나스 
멀티히트 경기를 했던 윤정빈,
번트의 신, 번트 아티스트 안주형의 활약,
데뷔 첫 세이브를 달성한 이상민까지🔥

저희 팀 타선이 미쳤어요, 21득점의 순간! 덕아웃 분위기가 궁금하시다면?

WE ARE THE LIONS 

지금 바로 확인하세요!",삼성,https://i.ytimg.com/vi/1NHpjBXoKaw/hqdefault.jpg,삼성라이온즈는 진짜 유명한 덕아웃 1열 맛집임 📹 #덕아웃1열 (07.20 롯데전),1NHpjBXoKaw
"주간 4승 1패 ! 기특라이온즈👍
오늘의 선발투수 좌승현의 5.2이닝 2K 피칭부터,
5회, 좋은 선구안으로 만루를 만든 라이온즈, 이재현의 볼넷으로 밀어내기 득점 성공 !
좌승에 이어 우승현의 안정적인 무실점 피칭
7회, 이재현의 동점타에 이어 강민호의 역전 쓰리런
8회 김재윤, 9회 오승환 든든한 불펜까지 🔥

이재현의 동점타, 강민호의 역전 쓰리런의 순간! 덕아웃 분위기가 궁금하시다면?

WE ARE THE LIONS 

지금 바로 확인하세요!",삼성,https://i.ytimg.com/vi/p94MOcSO21Q/hqdefault.jpg,강민호 홈런 타구 속도로 날아왔습니다 ! 📹 #덕아웃1열 (07.14 두산전),p94MOcSO21Q
"3연승 소리질러!!! 😎
후반기 페이스 좋은 기특라이온즈👍
오늘의 선발투수 백정현의 5이닝 4K 피칭부터,
동점을 만들어내는 안주형의 안타
경기를 뒤집는 이성규의 역전 투런포
상대의 포일과 이재현의 희생플라이로 역전에 성공,
경기의 분위기를 가져오는 강민호의 투런포,
마지막 전병우의 쐐기타,
든든한 불펜 최지광의 삼진쑈, 
오늘의 마지막 투수 우승현의 안정적인 피칭까지🔥

이성규의 역전 투런, 강민호의 쐐기 투런포의 순간! 덕아웃 분위기가 궁금하시다면?

WE ARE THE LIONS 

지금 바로 확인하세요!",삼성,https://i.ytimg.com/vi/c08jKLkQpE0/hqdefault.jpg,"삼성라이온즈..내가 S면 넌 나의 A,M,S,U,N,G,L,I,O,N,S가 되어줘💙 📹 #덕아웃1열 (07.12 두산전)",c08jKLkQpE0
"홈런만으로 6점내는 삼성라이온즈 여기있습니다😎
3회에 터진 빅이닝
이재현의 쓰리런부터, 구자욱의 홈런, 강민호의 홈런으로 이어지는 홈런으로 KBO 역대 29번째 세 타자 연속 홈런 달성👍
이어지는 이닝 류지혁의 시즌 2호 홈런으로 추가 득점을 뽑아내는 라이온즈!
이어지는 중간계투의 무실점 피칭과
9회초 오승환의 세이브로 완벽한 경기 마무리까지 🔥

세 타자 연속 홈런, 대기록의 순간! 홈런 라이온즈의 덕아웃 분위기가 궁금하시다면?

WE ARE THE LIONS 

지금 바로 확인하세요!",삼성,https://i.ytimg.com/vi/1XXOpPEvwi0/hqdefault.jpg,홈런 더비가 열렸습니다. 삼튜브가 홈런을 친 건 아니고요 📹 #덕아웃1열 (07.11 NC전),1XXOpPEvwi0
"16안타 15득점!! 경기로 돌아온 덕아웃 1열🎉
1회말에 시작된 득점파티!
구자욱의 동점타, 강민호의 역전타, 김영웅의 쐐기타, 이성규의 쓰리런까지 1회말에만 6득점으로 경기의 시작을 알리는 라이온즈😎
4회에도 류지혁의 안타로 이어지는 득점의 향연 👍
5회초 구자욱의 홈런, 이성규의 안타로 2득점 이닝을 이어가며
끝나지 않은 파티는 8회에도 계속 되어 도합 15득점 경기를 완성시킨 승리의 순간 🔥

득점 파티의 순간! 득점 라이온즈의 덕아웃 분위기가 궁금하시다면?

WE ARE THE LIONS",삼성,https://i.ytimg.com/vi/zLj8a2z9yDc/hqdefault.jpg,"삼성라이온즈 득점 파티 시작, 파티 엄청 크게 시작, 빵빠레 불면서 시작 🎉 📹 #덕아웃1열 (07.10 NC전)",zLj8a2z9yDc
"다시 돌아온 2성라이온즈!!
오늘의 선발투수 좌승현의 6이닝 3K 무실점 피칭으로 6월 무패 행진!
4회초 구자욱, 맥키넌의 연속 안타부터 강민호의 희생플라이로 선취득점에 성공!
6회초 구자욱의 안타로 추가득점!
임창민, 김재윤의 호투부터
영원한 마무리 투수 오승환의 세이브 순간까지🔥
승리의 순간! 2성라이온즈의 덕아웃 분위기가 궁금하시다면?

WE ARE THE LIONS 

지금 바로 확인하세요!",삼성,https://i.ytimg.com/vi/ODmdvSsZj6Q/hqdefault.jpg,??? : 덕아웃 1열 나올 때까지 숨 참는다 / 삼튜브 : 떴어요!!! 📹 #덕아웃1열 (06.27 LG전),ODmdvSsZj6Q
"더블헤더 대승!!
1차전 선발 레예스의 6이닝 1실점 피칭부터
좋은 선구안으로 역전 득점에 성공하는 라이온즈
이어 5회에 터진 홈런으로 KBO 역대 59번째 150홈런이라는 기록을 달성하는 구자욱,
동점상황, 약속의 8회에 터진 윤정빈의 역전타에 이은 김동진의 쐐기타까지
2차전 선발 투수 백정현의 복귀전부터,
돌아온 맥키넌의 5타수 4안타 7타점 경기!
김영웅의 경기를 뒤집는 역전 홈런까지 🔥
더블헤더 연승, 흥이 터진 현장의 덕아웃 분위기가 궁금하시다면?

WE ARE THE LIONS 

지금 바로 확인하세요!",삼성,https://i.ytimg.com/vi/VF4yjtuZiXU/hqdefault.jpg,"포브스 선정 월요일 밥도둑 영상 1위 📹 #덕아웃1열 (06.23 두산전 DH1, DH2)",VF4yjtuZiXU
"삼성은 멈추지 않습니다👊
선발투수 이승현의 5이닝 4K 피칭부터
1점차를 홈런 한방으로 역전 시킨 거포 김지찬의 역전 쓰리런,
이어지는 4회에 이틀 연속 홈런을 치는 윤정빈의 투런,
5회, 쐐기 홈런을 날리는 구자욱의 투런,
이어지는 마운드를 무실점으로 막아낸 최성훈, 최지광, 이상민, 김태훈의 피칭,
그리고 700경기 출장을 달성한 오승환의 세이브까지 🔥
홈런의 연속, 거포라이온즈의 덕아웃 분위기가 궁금하시다면?

WE ARE THE LIONS 

지금 바로 확인하세요!",삼성,https://i.ytimg.com/vi/k25DMTtWN3s/hqdefault.jpg,배트와 바람만 있으면 역전 홈런이 될 수 있어~!✨️ 📹 #덕아웃1열 (06.21 두산전),k25DMTtWN3s
"2연승입니다!
선발투수 코너 시볼드의 7이닝 8K 무실점 피칭부터
뒤를 잇는 든든한 불펜 김재윤, 우승현의 무실점 피칭,
든든한 피칭에 힘입어 1회부터 선취득점 안타를 만들어내는 김영웅,
밀어내기 볼넷으로 득점에 성공하는 라이온즈
약속의 8회에, 윤정빈의 홈런으로 깨진 대기록
KBO 역대 첫 번째 50,000안타 달성의 순간🎉
이어지는 대타 김헌곤의 쐐기타까지! 🔥
기록의 팀, KBO 역대 최초 50,000안타 달성의 현장, 덕아웃 분위기가 궁금하시다면?

WE ARE THE LIONS 

지금 바로 확인하세요!",삼성,https://i.ytimg.com/vi/zsTYAXBMMuI/hqdefault.jpg,샤라웃 투 기록라이온즈💙 📹 #덕아웃1열 (06.20 SSG전),zsTYAXBMMuI
"돌아온 선발 투수 원태인의 6이닝 3K 피칭부터
6회말 대타 이성규의 동점타,
Hero, 김영웅의 역전 적시타,
7회에 터진 구자욱의 홈런으로 KBO 역대 첫 번째 5,200홈런 달성🎉
이어지는 이성규의 쐐기 홈런,
아직 식지 않은 불방망이, 김영웅의 홈런과 김지찬의 홈런까지!
마지막까지 쐐기 안타로 득점을 만들어낸 이재현, 이성규까지! 🔥
11안타 13득점, 타선 폭발의 현장과 대기록 달성의 현장, 덕아웃 안 오랑이들이 보고싶으시다면?
WE ARE THE LIONS 

지금 바로 확인하세요!",삼성,https://i.ytimg.com/vi/LymSueUVNeI/hqdefault.jpg,"사자가 자세를 바꾸면, 밀림이 긴장한다 📹 #덕아웃1열 (06.19 SSG전)",LymSueUVNeI
"파티는 계속된다🎉
6이닝 4실점 10K, 코너의 피칭으로 시작해,
그 뒤를 잇는 든든한 불펜 필승조의 활약,
1점차 상황에 홈런으로 균형을 맞춘 윤정빈의 홈런,
다시 벌어진 점수차에 또 홈런으로 역전을 만든 이재현의 투런,
또 동점이 된 상황, 7회에 역전을 만들어내는 구자욱의 2루타,
더 이상의 동점은 없다! 쐐기를 박는 구자욱의 추가 2루타까지 🔥
균형을 맞추는 홈런의 순간과 역전 홈런, 역전 2루타의 순간, 덕아웃 분위기가 궁금하다면?
WE ARE THE LIONS 

지금 바로 확인하세요!",삼성,https://i.ytimg.com/vi/2seak1k7I-E/hqdefault.jpg,"5연승 라이온즈, 좋은데 어떡하라고, 어떡콰라고, 어뜨카라고, 억떡하라고..📹 #덕아웃1열 (06.14 NC전)",2seak1k7I-E
"스윕 파티 시작, 파티 크게 시작, 빵빠레 불면서 시작✨️
오늘의 선발투수 이호성의 5.1이닝 2실점 3K 피칭부터
2회말, 터진 홈런 한 방으로 한미통산 400홈런을 기록하는 박병호,
최근 물 오른 타격감으로 홈런을 말아주는 강민호의 달아나는 솔로포,
동점이 된 경기에 윤정빈의 역전 안타와, 이재현의 복귀를 알리는 투런포,
8회 쐐기타로 점수를 만들어내는 구자욱의 안타,
그리고, 오늘의 마무리 투수 우승현의 데뷔 첫 세이브까지 🔥
기록적인 홈런의 순간과 역전 적시타의 순간, 덕아웃 분위기가 궁금하다면?
WE ARE THE LIONS 

지금 바로 확인하세요!",삼성,https://i.ytimg.com/vi/ytZFEgG2JZ0/hqdefault.jpg,"Ah~ 홈런 뱅뱅뱅~🎵 사자는 KING🤴이며, Scene이자 종결 📹 #덕아웃1열 (06.13 LG전)",ytZFEgG2JZ0
"주자의 재치가 흘러넘치는 3연승 라이온즈 입장🤗
초반에 실점 위기에 갇힌 라이온즈
그럼에도 불구하고 
4회말, 전병우의 안타로 추격을 알리는 2득점부터,
턱 밑까지 쫓아오는 구자욱의 솔로포,
마참내!! 역전에 성공하는 구자욱의 역전 적시타!!
초반 실점 이후 더 이상의 실점 없이 마운드를 지켜낸 든든한 불펜투수들까지 🔥
추격타와 역전 적시타의 순간, 덕아웃 분위기가 궁금하다면?
WE ARE THE LIONS 

지금 바로 확인하세요!",삼성,https://i.ytimg.com/vi/pMYbHe0zCmQ/hqdefault.jpg,"수비라이온즈, 주자의 재치라이온즈, 3성라이온즈 📹 #덕아웃1열 (06.12 LG전)",pMYbHe0zCmQ
"값진 승리에 이어 연승으로 달려가는 라이온즈☺️
선발투수 레예스의 5이닝 1실점 4K 피칭부터,
1회부터 주자의 재치로 선취 2득점!
추가점을 만드는 윤정빈의 안타,
오늘의 선발 포수 강민호의 시원한 2루타,
8회말 데뷔 첫 홈런, 김동진의 시원한 쐐기 홈런,
이 경기 종료로 KBO 기록 역대 첫 번째 팀 1,400세이브 달성까지 🔥
득점 폭발의 순간, 덕아웃 분위기가 궁금하다면?
WE ARE THE LIONS 

지금 바로 확인하세요!",삼성,https://i.ytimg.com/vi/K2d3Zp-cMGA/hqdefault.jpg,12시에 덕아웃 1열 챙겨보는 민첩한 하루 되세요~ 📹 #덕아웃1열 (06.11 LG전),K2d3Zp-cMGA
"오랜만에 얻은 값진 승리🥹
6이닝 3K 무실점, 선발투수 좌승현의 안정적인 호투부터
지금이 제철인 구자욱의 선취득점을 만드는 안타,
만루의 사나이, 이성규의 추가득점을 만드는 안타,
멈추지 않는 삼성, 공격을 가하는 강민호의 추가득점을 뽑아내는 안타,
마침내 터진, 박병호의 쓰리런까지🔥
선발 투수의 호투의 순간과 득점 폭발의 순간, 덕아웃 분위기가 궁금하다면?
WE ARE THE LIONS 

지금 바로 확인하세요!",삼성,https://i.ytimg.com/vi/Nse0lzJpW1U/hqdefault.jpg,"일요일 = 승리, 일요라이온즈는 공식이다 📹 #덕아웃1열 (06.09 키움전)",Nse0lzJpW1U
"5연승🖐 약속의 8회, 또 너야?
6이닝 1실점 5K, 선발투수 좌승현의 호투에 이어 마운드를 든든하게 지켜낸 우승현, 승현이들의 호투부터
기다렸던 약속의 8회 김지찬 동점 적시타, 끝내 역전을 만들어내는 구자욱의 2타점 역전 적시타
8회 김재윤의 호투와, 9회 영원한 마무리 오승환의 단독 세이브 1위 기록까지🔥
득점과 호투의 순간, 덕아웃 분위기가 궁금하다면?
WE ARE THE LIONS 

지금 바로 확인하세요!",삼성,https://i.ytimg.com/vi/y7tDi1rbHrU/hqdefault.jpg,"약속 장소는 8회입니다, 8회에서 만나시죠 📹 #덕아웃1열 (06.04 SSG전)",y7tDi1rbHrU
"낭만적인 4연승, 승리의 라이온즈🫶
8회초까지 치열한 투수전으로 마무리
그리고, 약속의 8회 기다리던 1득점을 만들어낸 푸른 피 박병호의 결정타까지🔥
득점과 호투의 순간, 덕아웃 분위기가 궁금하다면?
WE ARE THE LIONS 

지금 바로 확인하세요!",삼성,https://i.ytimg.com/vi/dl0Zi1bZUkI/hqdefault.jpg,스윕승.. 늘 새로워😎 짜릿해✨️ 📹 #덕아웃1열 (06.02 한화전),dl0Zi1bZUkI
"3연승 라이온즈💙
1회부터 터진 박병호의 선제 쓰리런 부터
상대의 역전 후, 곧바로 동점을 만들어 낸 맥키넌의 동점타
Hero, 김영웅의 희생 플라이 타점으로 역전
그리고, 승리를 가져오는 강민호의 쐐기 솔로 홈런까지🔥
득점과 호투의 순간, 덕아웃 분위기가 궁금하다면?
WE ARE THE LIONS 

지금 바로 확인하세요!",삼성,https://i.ytimg.com/vi/F7wF-rtvtSQ/hqdefault.jpg,사자는 3연승을 찢어 🦁 📹 #덕아웃1열 (06.01 한화전),F7wF-rtvtSQ
"삼성라이온즈, 연승을 해냈습니다!
1회부터 3득점으로 산뜻한 시작을 알린 기특라이온즈😎
상대의 역전 후 분위기가 넘어가는 듯 했으나
6회에 이어지는 김지찬, 맥키넌의 연속 적시타부터
완근이 이성규의 동점타!
그리고, 전학생 푸른피의 박병호가 넘기는 역전 쓰리런까지🔥
빅이닝의 6회, 덕아웃 분위기가 궁금하다면?
WE ARE THE LIONS 

지금 바로 확인하세요!",삼성,https://i.ytimg.com/vi/Bdb2lDCV5mw/hqdefault.jpg,난 대학시절 홈런왕을 전공했단 사↘️실↘️ 역전을 해내 눈물 콧물 쏙 다 빼주마!! 📹 #덕아웃1열 (05.31 한화전),Bdb2lDCV5mw
"레예스의 7이닝 무실점 완벽 피칭!
데뷔 첫 QS+를 달성하며 시즌 6승 달성🔥
무서운 수비 집중력과 더불어
1회 선취점, 4회 추가 2득점
그리고 승부에 쐐기를 박는 이성규의 솔로 홈런까지👊🏻
승리의 순간, 덕아웃 분위기가 궁금하다면?
WE ARE THE LIONS 

지금 바로 확인하세요!",삼성,https://i.ytimg.com/vi/138CiHnuA3E/hqdefault.jpg,당신의 17분을 훔쳐가겠습니다 -괴도삼튜브- 📹 #덕아웃1열 (05.30 키움전),138CiHnuA3E
"12안타 11득점!
1회부터 5득점에 성공한 기특라이온즈!
쫓아오는 점수에 도망가 추가점을 뽑아낸 류지혁의 안타!
더 도망가 쐐기점을 만들어내는 이재현 이병헌의 안타까지🔥
빅이닝의 순간, 덕아웃 분위기가 궁금하다면?
WE ARE THE LIONS 

지금 바로 확인하세요!",삼성,https://i.ytimg.com/vi/oBCUXUoboCA/hqdefault.jpg,삼성라이온즈 좋아하지마. 그게 뭔데? 그거 어떻게 하는 건데 📹 #덕아웃1열 (05.24 롯데전),oBCUXUoboCA
"이제 다시 시작입니다!
6이닝 1실점 9K, 2경기 연속 QS와 함께 개인 통산 최다 탈삼진을 기록한 코너부터
기분 좋은 선취점을 뽑아낸 김태훈의 2루타!
쐐기 홈런을 날린 구자욱의 홈런까지 🔥
투타의 완벽 조화의 순간, 덕아웃 분위기가 궁금하다면?
WE ARE THE LIONS 

지금 바로 확인하세요!",삼성,https://i.ytimg.com/vi/fLu09Shok1A/hqdefault.jpg,"승리는 다가와 Ah Oh Ay, 거세게 몰아쳐 Ah Oh Ay 📹 #덕아웃1열 (05.22 KT전)",fLu09Shok1A
"만원 관중 앞에서 9회말 역전 끝내기 홈런으로 승리했습니다!!
1회부터 폭발한 타선과 역전, 재역전에 이르는 접전,
김영웅의 5회 역전 투런과 오재일의 8회 동점 홈런
그리고 기가 막히는 맥키넌의 시즌 첫 9회말 끝내기 홈런까지🔥
김영웅의 투런, 오재일의 동점 홈런, 맥키넌의 끝내기 순간 덕아웃 분위기가 궁금하다면?
WE ARE THE LIONS 

지금 바로 확인하세요!",삼성,https://i.ytimg.com/vi/ElPJ69kncKk/hqdefault.jpg,"""야구""라는 드라마, 삼성라이온즈 📹 #덕아웃1열 (05.18 한화전)",ElPJ69kncKk
"홈 매진 경기 첫 승리를 가져왔습니다!!
5이닝 4K, 좋은 피칭을 보여준 좌승현부터
1점차 승부에 균형을 맞추는 이재현의 홈런,
승리를 부르는 이성규의 역전 투런
그리고 식을 줄 모르는 삼성 ver. 불방망이들!!까지 🔥
이재현의 홈런, 이성규의 역전 투런, 득점의 순간 덕아웃 분위기가 궁금하다면?
WE ARE THE LIONS 

지금 바로 확인하세요!",삼성,https://i.ytimg.com/vi/P7FM86-Fi4M/hqdefault.jpg,"뭐든 될 것 같은 분위기, 삼성의 분위기입니다 📹 #덕아웃1열 (05.17 한화전)",P7FM86-Fi4M
"상대전적을 깨고 대승리 했습니다!
7이닝 8K, 시즌 첫 QS+를 달성한 코너의 호투부터
차근차근 따라가려는 김영웅의 솔로홈런, 끝내 동점을 만들어내는 류지혁의 2루타
역전 투런포의 주인공 완근이, 이성규 
그 뒤를 이어 백투백 홈런을 완성한 김헌곤의 홈런
식을 줄 모르는 9회초의 불방망이까지 🔥
코너의 호투와, 이성규의 역전 투런, 김헌곤의 백투백쇼의 순간 덕아웃 분위기가 궁금하다면?
WE ARE THE LIONS 

지금 바로 확인하세요!",삼성,https://i.ytimg.com/vi/huNgSGr0aVQ/hqdefault.jpg,"엘도라도는, 삼성은 멈추지 않습니다. 📹 #덕아웃1열 (05.16 SSG전)",huNgSGr0aVQ
"이번 시리즈 위닝으로 장식합니다🤗
6.2이닝 10K, 개인 한 경기 최다 탈삼진! 레예스의 호투부터
캡틴 구, 구자욱의 시원한 홈런
봄바람처럼 살랑~ 찾아온 오재일의 복귀 신고 3루타와 역전타!
추가 득점을 뽑아내는 김영웅, 맥키넌의 안타까지 🔥
오재일의 화려한 복귀전, 그를 뒷받쳐 주는 선수들의 안타의 순간 덕아웃 분위기가 궁금하다면?
WE ARE THE LIONS 

지금 바로 확인하세요!",삼성,https://i.ytimg.com/vi/HAmhYfTzgPo/hqdefault.jpg,에라이 기분이다 삼성라이온즈 공동 2등! 📹 #덕아웃1열 (05.12 NC전),HAmhYfTzgPo
"7회입니다. 빅이닝의 시작
위기의 상황에서도 든든하게 마운드를 지켜준 최강 불펜부터
역전의 시동을 건 구자욱의 안타
역전타로 팀의 승리를 만들어낸 김영웅까지🔥
최강 불펜의 호투와 7회의 득점 순간 덕아웃 분위기가 궁금하다면?
WE ARE THE LIONS 

지금 바로 확인하세요!",삼성,https://i.ytimg.com/vi/rucpBrDrH_c/hqdefault.jpg,삼성라이온즈가 좋다고 말해💙 📹 #덕아웃1열 (05.11 NC전),rucpBrDrH_c
"약속의 8회🙏
좌승현의 6이닝 3K 피칭 부터
선취득점을 알리는 이재현의 안타
시원한 홈런으로 동점을 만들어 낸 삼성의 히어로, 김영웅
대망의 8회에 터진 빛헌곤, 김헌곤의 역전타까지 🔥
선발투수의 호투와 8회의 득점 순간 덕아웃 분위기가 궁금하다면?
WE ARE THE LIONS 

지금 바로 확인하세요!",삼성,https://i.ytimg.com/vi/WmMFFZpkkgA/hqdefault.jpg,덕아웃 1열..기다리셨죠? 📹 #덕아웃1열 (05.09 KIA전),WmMFFZpkkgA
"에이스는 에이스! 😎
토종 에이스 원태인의 6이닝 비자책 2K QS 달성부터
선취점을 만들어내는 김영웅의 안타
역전을 이뤄낸 구자욱의 결승타
추가점까지 뽑아내는 이재현, 류지혁의 안타
7회 임창민, 8회 김재윤, 9회 오승환 임김오 필승조의 활약까지 🔥
필요할 때 점수를 내주는 타선의 득점 순간과 선발투수와 필승조의 호투의 순간 덕아웃 분위기가 궁금하다면?
WE ARE THE LIONS 

지금 바로 확인하세요!",삼성,https://i.ytimg.com/vi/JK-RFid1kn0/hqdefault.jpg,"삼성라'2'온즈, 그냥 즐겨, '2'성라이온즈 📹 #덕아웃1열 (05.02 두산전)",JK-RFid1kn0
"삼성라이온즈, 날 이끌어 to victory✌️
승리투수 이호성의 5.2이닝 2실점 2K 피칭
선발투수의 호투에 힘입어 6회와 7회 연속으로 빅이닝을 만들어낸 최강 타자들
슈퍼루키 육선엽의 성공적인 데뷔전까지 🔥
한번 터지면 멈출 수 없는 타선의 득점 순간과 선발투수와 슈퍼루키의 호투의 순간 덕아웃 분위기가 궁금하다면?
WE ARE THE LIONS 

지금 바로 확인하세요!",삼성,https://i.ytimg.com/vi/aKVeZJ6rzhs/hqdefault.jpg,"신인의 맛 티비😍 승리투수 이호성, 슈퍼루키 육선엽의 데뷔전 📹 #덕아웃1열 (05.01 두산전)",aKVeZJ6rzhs
"* 오디오 문제로 재업로드 되었습니다. 양해부탁드립니다. *

삼성라이온즈가 또 해냈습니다 여러분!! 4,291일만에 고척 첫 스윕승✌️
선발투수 레예스의 6이닝 7K 피칭부터
4회와 5회 빅이닝을 만들어내는 미쳐버린 타선까지🔥
한번 터지면 멈출 수 없는 타선의 득점 순간 덕아웃 분위기가 궁금하다면?
WE ARE THE LIONS 

지금 바로 확인하세요!",삼성,https://i.ytimg.com/vi/AZbP-xYXFyA/hqdefault.jpg,스윕승 한 팀 팬은 월요병도 없다면서요? 📹 #덕아웃1열 (04.28 키움전),AZbP-xYXFyA
"고척에서 위닝 시리즈를 확보한 라이온즈🦁
선발투수 코너의 5이닝 무실점 피칭과 
김태훈-임창민-최성훈-이승민으로 이어지는 철벽 마운드 !
5회 구자욱의 적시타 
8회 7득점 빅이닝과 더불어
9회 3득점까지 🔥
매서운 타격을 보여준 라이온즈, 득점의 순간 덕아웃 분위기가 궁금하다면?
WE ARE THE LIONS 

지금 바로 확인하세요!",삼성,https://i.ytimg.com/vi/90crCqRh_vU/hqdefault.jpg,팩트만 말할게요. 삼성라이온즈 퍼팩트 📹 #덕아웃1열 (04.27 키움전),90crCqRh_vU
"올 시즌 첫 고척에서 당당히 승리를 가져온 라이온즈✌️
선발투수 원태인의 7이닝 8K 무실점 피칭, 시즌 첫 QS+ 달성부터
선취점을 알리는 김지찬의 안타
추가점을 알리는 류지혁의 안타
선발투수를 이어 든든하게 승리를 지켜낸 김재윤, 오승환까지 🔥
원태인의 삼진쇼와 뒤를 잇은 든든한 불펜의 피칭, 득점의 순간 덕아웃 분위기가 궁금하다면?
WE ARE THE LIONS 

지금 바로 확인하세요!",삼성,https://i.ytimg.com/vi/E9o-n8MNFII/hqdefault.jpg,"원태인이 말아주는 QS+, 썸네일에 빛만 넣어봤습니다✨️ 📹 #덕아웃1열 (04.26 키움전)",E9o-n8MNFII
"4연승? 쉽지 않음 내가 쉽게 easy✌️
선취득점을 알리는 류지혁의 안타부터
데뷔 첫 연타석 홈런의 주인공 김영웅
추가점을 신고하는 김지찬의 안타까지 🔥
김영웅의 데뷔 첫 연타석 홈런과 좌승현의 상남자식 피칭의 순간 덕아웃 분위기가 궁금하다면?
WE ARE THE LIONS 

지금 바로 확인하세요!",삼성,https://i.ytimg.com/vi/SDCbkmIC_SY/hqdefault.jpg,강팀 특. 상대에게 1피안타만 허용함 📹 #덕아웃1열 (04.24 LG전),SDCbkmIC_SY
"3연승 가보자고👊 6회말에 터진 빅이닝
추격을 알리는 구자욱, 강민호의 안타부터
류지혁의 동점타, 그리고 이성규의 데뷔 첫 만루홈런까지 🔥
6회말 득점 순간 덕아웃 분위기가 궁금하다면?
WE ARE THE LIONS 

지금 바로 확인하세요!",삼성,https://i.ytimg.com/vi/e7Dod68SUcE/hqdefault.jpg,"세상에서 가장 참을 수 없는 3가지. 기침, 사랑 그리고 최강삼성 📹 #덕아웃1열 (04.23 LG전)",e7Dod68SUcE
"다시 한 번 위닝, 다시 한 번 연승 시작! 
따라가는 점수를 투런포로 만들어 낸 이재현부터
동점타의 주인공 맥키넌, 추가 득점을 만들어 낸 류지혁의 볼넷과 강민호의 내야안타
오늘도 마운드를 든든하게 지켜낸 임김오 트리오까지 🔥
명품 투수들의 호투와 득점 순간 덕아웃 분위기가 궁금하다면?
WE ARE THE LIONS 

지금 바로 확인하세요!",삼성,https://i.ytimg.com/vi/ZaVmoLvrU6Y/hqdefault.jpg,팬 여러분! 월요병 퇴치 영상 나갑니다! 📹 #덕아웃1열 (04.21 한화전),ZaVmoLvrU6Y
"연패란 없다.
6이닝 102구 7K 무실점 피칭, 삼성라이온즈 에이스 원태인부터
맥키넌+김영웅의 합작으로 만들어 낸 귀한 1득점,
단, 1점차를 든든하게 지켜낸 임김오 트리오까지 🔥
명품 투수들의 호투와 득점 순간 덕아웃 분위기가 궁금하다면?
WE ARE THE LIONS 

지금 바로 확인하세요!",삼성,https://i.ytimg.com/vi/QDqybfKAQ_M/hqdefault.jpg,원태인이 어딨어? ✨️ 빛 ✨️밖에 안 보이는데? 📹 #덕아웃1열 (04.20 한화전),QDqybfKAQ_M
"3966일만의 두산전 스윕!!
5이닝 6K 무실점 피칭, 선발 데뷔전을 승리투수로 장식한 이승현부터
구자욱의 선취 득점 안타, 추가득점을 알리는 이성규의 2루타,
미친 타격감 김영웅의 홈런까지🔥
스윕승을 맞이한 덕아웃 분위기가 궁금하다면?
WE ARE THE LIONS 

지금 바로 확인하세요!",삼성,https://i.ytimg.com/vi/U9UuUxnjkE4/hqdefault.jpg,빗자루 갖고 오세요🧹 스윕승 했으니까 📹 #덕아웃1열 (04.18 두산전),U9UuUxnjkE4
"4홈런과 16안타로 압승을 거둔 홈런 라이온즈🔥
선발 전원 안타라는 대기록까지🥹
WE ARE THE LIONS 

지금 바로 확인하세요!",삼성,https://i.ytimg.com/vi/HwAZ62lIZkM/hqdefault.jpg,홈런 파티에 참석하실 분들은 손을 들어주세요🙌 저요?👋 저요!✋ 저요!✊ 📹 #덕아웃1열 (04.17 두산전),HwAZ62lIZkM
"홈에서의 2연승!
5.1이닝 6K, 삼성의 에이스 호투를 펼친 코너와 
구자욱의 연타석 홈런, 이재현의 시즌 첫 홈런까지🔥
쳤다 하면 넘어가는 홈런 라이온즈!
WE ARE THE LIONS 

지금 바로 확인하세요!",삼성,https://i.ytimg.com/vi/EvKieGKQrL0/hqdefault.jpg,"홈런 라이온즈 사건. 한 경기에 구주장의 연타석 홈런, 엄청난 회복 속도로 복귀한 이재현의 시즌 첫 홈런이 나온 사건이다. 📹 #덕아웃1열 (04.16 두산전)",EvKieGKQrL0
"오래 기다리셨습니다! 홈에서 첫 승리 가져왔습니다!
5.1이닝 3K, 삼성의 에이스 면모를 보여준 원태인부터
이성규의 연타석 홈런, 김재상의 투런포,
7회에 터진 맥키넌 쐐기 홈런까지 🔥
불타는 방망이와 흥이 넘치는 덕아웃 분위기!
WE ARE THE LIONS 

지금 바로 확인하세요!",삼성,https://i.ytimg.com/vi/QEiTUvLoXj8/hqdefault.jpg,펑펑! 날아가는 홈런 따라~ 사자들이 걸어다닙니다~ ♫ 짜릿한 홈 첫 승! 📹 #덕아웃1열 (04.14 NC전),QEiTUvLoXj8
"5연승 그리고 24시즌 첫 스윕승 = 삼성라이온즈가 해냄 😎
6.2이닝 무실점, 완벽한 피칭을 보여준 레예스부터 
강민호가 쏘아올린 선취 투런포,
9회에 터진 김헌곤의 쐐기타점까지🔥
WE ARE THE LIONS 

지금 바로 확인하세요!",삼성,https://i.ytimg.com/vi/l9uA_-BeZiY/hqdefault.jpg,"5연승, 시즌 첫 스윕승, 제법인데 삼? 너야말로 성! 📹 #덕아웃1열 (04.11 롯데전)",l9uA_-BeZiY
"팔공산 구자욱 타격감 최고! 😎
김영웅의 데뷔 첫 4안타!
4시간 32분, 기나긴 연장전 끝에 승리를 따낸 삼성라이온즈 ✨️
약속의 8회에 만들어낸 구자욱의 동점 적시타부터
연장전 10회에 터진 김영웅의 쐐기 홈런까지🔥
WE ARE THE LIONS 

지금 바로 확인하세요!",삼성,https://i.ytimg.com/vi/_0jG8WetCB8/hqdefault.jpg,"4시간 32분, 연장혈투 끝에 이뤄낸 4연승 📹 #덕아웃1열 (04.10 롯데전)",_0jG8WetCB8
"사직에서 3연승 진행중인 우리 사자들 ✨️
우리의 거포, 김지찬의 역전 쓰리런부터
2안타, 1홈런, 2볼넷으로 전타석 출루한 김헌곤🔥
덕아웃에서의 빅이닝 순간들!😎

지금 바로 확인하세요!",삼성,https://i.ytimg.com/vi/c0ITnZFwaCU/hqdefault.jpg,엘도라도와 함께 부활한 남자 김헌곤👑과 홈런타자 김지찬⚾️의 신구 조화✨📹 #덕아웃1열 (04.09 롯데전),c0ITnZFwaCU
"남자는 뭐? 자신감!
광주에서 위닝시리즈를 가져온 기특 라이온즈 ✨️
동점을 만들어내는 공민규의 홈런부터
김헌곤의 쐐기 홈런까지🔥
덕아웃 흥 폭발의 현장😎

지금 바로 확인하세요!",삼성,https://i.ytimg.com/vi/aIU_YTBh9Cs/hqdefault.jpg,이겼다🎵 또 이겼다~🎶 두 번째 위닝시리즈🥹💙 #덕아웃1열 (04.07 KIA전),aIU_YTBh9Cs
"어두웠던 터널 끝에 가져온 값진 승리! 승리의 라이온즈는 계속 됩니다!🦁 
시작이 좋은 선취득점 순간부터 
대타 김헌곤의 결승타로 연패를 끊는 덕아웃의 순간까지! 👊

지금 바로 확인하세요",삼성,https://i.ytimg.com/vi/jXhIynnlUiU/hqdefault.jpg,"길었던 터널 끝에 만난 승리, 이제 시작입니다!  📹 #덕아웃1열 (04.06 KIA전)",jXhIynnlUiU
"15년만에 개막시리즈 2연승!✨️
18안타 11득점을 만들어낸 기특 라이온즈
흥이 넘쳐흐르는 덕아웃 분위기 🔥
WE ARE THE LIONS

지금 바로 확인하세요!",삼성,https://i.ytimg.com/vi/NPLzr9IIWf8/hqdefault.jpg,남자는 뭐? 자신감! 15년만에 개막시리즈 2연승! 📹 #덕아웃1열 (03.24 KT전),NPLzr9IIWf8
"첫 시작이 좋습니다!
6년만에 개막전 승리!✨️
강민호의 초구 홈런부터
연장 혈투 끝에 터진 빅이닝까지!
따봉라이온즈👍 덕아웃 분위기 최곱니다!

지금 바로 확인하세요!

#덕아웃1열 #엘도라도 #김현준",삼성,https://i.ytimg.com/vi/HZoy7HalYwc/hqdefault.jpg,"야구, 좋아하세요? 6년만의 짜릿한 개막전 승리. 그리고 엘도라도!📹 #덕아웃1열 (03.23 KT전)",HZoy7HalYwc
"#야구를_사랑하기_때문에 #여전히_치열하게🎇

매 대사 하나 하나
명언의 향연📖
김현수의 야구 인생 퍼즐은
찬란히 맞춰 지는 중입니다!💖",LG,https://i.ytimg.com/vi/R3k3U7YbgBQ/hqdefault.jpg,인생이 곧 야구! 김현수 EP.2 [엘튜브가 만난 사람들],R3k3U7YbgBQ
"#자기애_만렙 #야구에_대한_열정도_만렙💯

트윈스 선수단 집중 탐구 콘텐츠, 
엘튜브가 만난 사람들 2탄
최원태 편!

재밌어요😩수다떠는거🤩
엘튜브 출연을 오매불망(?) 갈망했던 
최원태의 진솔한 이야기!",LG,https://i.ytimg.com/vi/5pGV1P8GcW8/hqdefault.jpg,쫑알쫑알 수다 개미🐜💓 최원태 [엘튜브가 만난 사람들],5pGV1P8GcW8
"#야구선수_김현수의_시작부터 #여전히_노력_ing

트윈스 선수단 집중 탐구 콘텐츠, 
엘튜브가 만난 사람들!

첫 타자는 
성공한 야구 덕후 김현수🌟 
동기 부여가 필요한 모든 이들에게
이 영상을 바칩니다👀",LG,https://i.ytimg.com/vi/i0xHlYvl0jg/hqdefault.jpg,노력의 아이콘! 김현수 EP.1 [엘튜브가 만난 사람들],i0xHlYvl0jg
"#꿈꾸던_마운드_위에서 #넘버원을_새겨나가는_중☝️ #엘튜브

트윈스 선수단 집중 탐구 콘텐츠, 
엘튜브가 만난 사람들 3탄
임찬규 편!

?? : 오늘은 텐션 3분의 1이에요..👂🩸
어릴 적 LG트윈스를 꿈꾸던 소년의
낭만으로 가득한 이야기를 함께하세요✨

🎈엘.만.사 타임 스탬프

00:00 엘.만.사_임찬규 편
00:56 낭만 찬규, 야구를 처음 만나다
02:13 찬규의 야구 인생 첫 포지션은?
03:54 2010년 대통령배 MVP 휘문고 임찬규
07:09 그토록 바래 온! LG트윈스 입단!
08:32 지금의 임찬규를 있게 한 신인 시절
09:05 미디어데이 참석 위해 미용실 방문
10:13 무기력함이 낳은 슬럼프, 그리고 차우찬  
11:56 투수 조장 a.k.a 멘탈 코치
14:00 메이크업과 함께 시작된 슬럼프 극복기
16:03 팬분들의 개그맨(?) 임미첼
17:15 장안의 화제, 야구선수의 성대결절
18:21 평생 잊지 못할 2023년, 그리고 통합 우승
20:50 되짚어보는 SD전 전설의 개구리 작전!
22:57 엘만사를 마무리하며 DJ찬규의 주차추천곡",LG,https://i.ytimg.com/vi/jX7XYPpsXVM/hqdefault.jpg,돌아온 성대와 함께하는 토크 콘서트🍀 임찬규 [엘튜브가 만난 사람들],jX7XYPpsXVM
"#귀하디_귀한 #홍창기_혼자_떠드는_영상😂 #엘튜브

창기코인 상장과 떡상, 그 이전의
발자취!👣
안산공고 투수, 건국대 외야수 홍창기의
비하인드 스토리를 지금 엘튜브에서 확인하세요🥰

📍엘만사 홍창기편

00:00 코인에서 악마까지, 엘만사 홍창기편
01:29 악마의 첫 포지션은 투수
02:00 용된 창기의 안산공고 시절
03:37 입스가 바꿔놓은 야구 인생
05:40 첫 드래프트 그리고 낙방
07:20 야구 인생의 변곡점 건국대학교
09:12 충주요? 저 건대인데요? 
10:00 건대 12학번 야구부 인싸 조수행
11:11 건대 야구부에도 악마가 산다(Feat 삼장법사)
12:58 대학 4년동안의 건야행야
13:42 다시 돌아온 두번째 드래프트
15:32 앞만 보고 걸었던 잠실 첫 방문
16:38 쫓겨난 싱글레이디 전사들",LG,https://i.ytimg.com/vi/F_iCMFZ8s_w/hqdefault.jpg,창기코인이 악마 리드오프가 되😈 홍창기 EP.1 [엘튜브가 만난 사람들],F_iCMFZ8s_w
"#첫_콜업부터 #프로_데뷔_8주년이_오기까지 #엘튜브

더 긴 분량으로 찾아왔습니다🙌
트윈스 입단 후부터 지금까지의 이야기를 엘튜브에서 확인하세요😉

📍엘만사 홍창기편

00:00 코인에서 악마까지, 엘만사 홍창기편
00:22 잠실을 왜 가요? 추억의 첫 1군 콜업
01:37 경찰청 입대, 그리고 퓨처스 타격왕까지
02:20 홍덜덜 홍차차! 프로 데뷔 첫 시상식 썰
03:08 어린 악마의 프로 데뷔 첫 보살은?
04:00 아픔, 시련, 그리고 성숙의 2019년
06:15 질롱코리아 수위타자
07:23 트레이드 불가 자원! 솔직한 심경은?
08:40 Shout out to 해원! 응원가와의 첫 만남
09:28 홍창기가 좋아하는 아이돌은?
09:55 드디어! 고기 굽습니다...
10:03 1할대 타율로 출루율 5할을 만드는 사나이
10:51 창기 코인 떡상각?! 데뷔 첫 홈런을 끝내기로
11:31 21시즌 인기도 성적도 커리어하이
12:43 가을야구, 계속되던 고민
14:28 트윈스의 1번에는 악마가 산다
16:40 창기와 아이들, 민재 성주 보경 재원
18:36 할 말 다하는 홍독사
23:39 어찌 할 줄 몰랐던 첫 올스타전
25:20 과거 홍창기와의 재회 소감
25:52 창기 코인 플니폼에 악마를 곁들인..",LG,https://i.ytimg.com/vi/G045uOgEUes/hqdefault.jpg,트윈스 1번에는 악마가 산다! 악마 리드오프 😈 홍창기 EP.2 [엘튜브가 만난 사람들],G045uOgEUes
"#신입생_엔스의_훈련은 #오늘도_좋아썹👍

2024 애리조나 스프링캠프에도
애리조각은 계속 됩니다!🧩

새로 합류한 외국인 투수, 엔스의 훈련 대공개!
엔스의 빠른 적응 현장을 엘튜브에서 만나보세요😉",LG,https://i.ytimg.com/vi/XvS9JDn21aQ/hqdefault.jpg,엔스는 지금 엘며드는 중🙌 [2024 스프링캠프 애리조각.clip],XvS9JDn21aQ
"#타격ASMR #힘내자💪

스프링캠프에서 올 시즌 힘찬 도약을 위해
고군분투 중인 김범석의 야간 훈련 현장을 공개합니다🙌",LG,https://i.ytimg.com/vi/HjLKxwH62IM/hqdefault.jpg,Level up! ↗ 김범석은 성장 중🌱 [2024 스프링캠프 애리조각.clip],HjLKxwH62IM
"#백문이_불여일견 #타격_폼_교정부터_관찰까지👀

감코진의 열혈 코칭과 함께
스프링캠프 스케줄을 소화 중인 김민수 선수의 
타격 훈련 현장을 지금 만나보세요!",LG,https://i.ytimg.com/vi/zXYCvgzgf94/hqdefault.jpg,열정 범벅! 끝나지 않는 타격 훈련🔥 [2024 스프링캠프 애리조각.clip],zXYCvgzgf94
"#엄청난_집중력으로 #빠르게_성장_중!

유틸리티 내야수 구본혁의
수비 훈련 영상과 짧은 인터뷰를 
엘튜브에서 만나보세요😊",LG,https://i.ytimg.com/vi/dLDhccPGd3U/hqdefault.jpg,오늘보다 내일이 더 기대되는 구본혁👏 [2024 스프링캠프 애리조각.clip],dLDhccPGd3U
"#피드백_하나하나_흡수하며 #꾸준히_성장_중

살아있는 교본들 속에서📚
신인 외야수 김현종의 훈련 현장!
많은 응원과 기대 부탁드립니다💞",LG,https://i.ytimg.com/vi/5Spng8cNwm8/hqdefault.jpg,달을 향해 나아갈 김현종🌙 [2024 스프링캠프 애리조각.clip],5Spng8cNwm8
"#전설의_19드래프트 #마지막_퍼즐

포수에서 1루수로 전향한
김성진의 훈련 현장과 인터뷰를
엘튜브에서 만나보세요😊",LG,https://i.ytimg.com/vi/7IDcADGwfeI/hqdefault.jpg,더 완벽한 변신을 위해🔥 [2024 스프링캠프 애리조각.clip],7IDcADGwfeI
"Song : Fredji - Happy Life   / fredjimusic  
Music promoted by Vlog Copyright Free Music 
Link :    • [Vlog No Copyright Music] Bright Happ...",두산,https://i.ytimg.com/vi/O0BRRXErLik/hqdefault.jpg,최승용 曰 나는 내년에 3대 좌완이 될 것 같다 |  APBC 국가대표 발탁! 곽빈&최승용 인터뷰 (11.02),O0BRRXErLik
"BGM
----
오정석-Bouble Gum
출처및저작권 - 공유마당, CC BY
링크: https://gongu.copyright.or.kr/gongu/w...
𝑴𝒖𝒔𝒊𝒄 𝑷𝒍𝒂𝒚𝒍𝒊𝒔𝒕 :   
 • https://youtu.be/jYDyPM5MT6s?si=7f9Vuz-FBvaXjl1P",두산,https://i.ytimg.com/vi/9-RYB9eMYFk/hqdefault.jpg,곽빈이 베어스tv 다시 구독하게 하는 방법... | APBC 국대베어스 입국 현장📸,9-RYB9eMYFk
"퓨처스 북부리그 평균자책점상 : 이원재
                              타율상, 홈런상, 타점상 : 홍성호

KBO 도루상 : 정수빈

KBO 수비상 3루수 부문 : 허경민
                      포수 부문 : 양의지

다시 한 번 수상 축하드립니다🏆",두산,https://i.ytimg.com/vi/GKTOM9IZjZk/hqdefault.jpg,5명이서 7개의 트로피🏆 곰들이 찢었다! | KBO 시상식 (11.27),GKTOM9IZjZk
,두산,https://i.ytimg.com/vi/L4carPyOexE/hqdefault.jpg,“두산베어스 잔류가 최우선” J.S.D.S 양석환 FA 계약 현장,L4carPyOexE
"🎵Music provided by 브금대통령
🎵Track : The Walking Cat 2 - https://youtu.be/YUidlOGp5GI

🎵Music provided by 브금대통령
🎵Track : 붕어빵 - https://youtu.be/Id_qRi0WjAY",두산,https://i.ytimg.com/vi/HSQrmLXt2c8/hqdefault.jpg,오래 기다리셨습니다. 제대로 모시겠습니다. (12.06),HSQrmLXt2c8
,두산,https://i.ytimg.com/vi/ei0WdjyE5dE/hqdefault.jpg,"""말벌 아저씨와 연탄 수염단의 등장"" 2023 사랑의 연탄 나눔 2조 직캠! (12.07)",ei0WdjyE5dE
,두산,https://i.ytimg.com/vi/D6l25Tew5lI/hqdefault.jpg,돌아온 베어스TV 대주주의 활약🔥 연탄봉사 1조의 하루(12.07),D6l25Tew5lI
"🎵Music provided by 브금대통령
🎵Track : 붕어빵 - https://youtu.be/Id_qRi0WjAY",두산,https://i.ytimg.com/vi/ktZLuGUH5-I/hqdefault.jpg,"골든글러브 포수 부문 최다 수상자 ""두산베어스"" 양의지 [2023 골든글러브 시상식] (12.11)",ktZLuGUH5-I
,두산,https://i.ytimg.com/vi/ak7LuzpxyrM/hqdefault.jpg,"보고 싶었던 사람들이 한자리에, 김명신의 결혼식 직캠! (12.16)",ak7LuzpxyrM
,두산,https://i.ytimg.com/vi/GcUXRStjHUc/hqdefault.jpg,26일에 일어날 사람 모여라🎅🏻 ㅣ선수단의 크리스마스 계획은? (12.24),GcUXRStjHUc
,두산,https://i.ytimg.com/vi/VvXI2222KNw/hqdefault.jpg,Merry Christmas! 허경민 & 허서우의 유치원 발표회 VLOG (12.25),VvXI2222KNw
♡,두산,https://i.ytimg.com/vi/Eqv3p3nkN-8/hqdefault.jpg,세계 각지에서 온 베어스 선수들의 새해 메시지! #2024,Eqv3p3nkN-8
,두산,https://i.ytimg.com/vi/Ae14MCGvbSI/hqdefault.jpg,"""전역하면 형 없다.."" 입대 일주일 전 김재호와 만난 안재석 (01.02)",Ae14MCGvbSI
,두산,https://i.ytimg.com/vi/9WHOk8_QjUY/hqdefault.jpg,"용띠 베어스 (김재환,김강률) 와 최승'용'의 신년운세는!? (01.05)",9WHOk8_QjUY
"BGM: oneul - Snack Time, Catous, Cheese Burger, Penguin Adventure, Happy Avocado",두산,https://i.ytimg.com/vi/RGNUCCCAeOc/hqdefault.jpg,나 기다렸시우? | 양석환의 베트남 여행 1편 vlog (01.08),RGNUCCCAeOc
,두산,https://i.ytimg.com/vi/BFuwOsvk2fo/hqdefault.jpg,"""타로 맛집, 부산"" 점성술로 몰래 본 윤준호, 백승우, 박지훈의 2024년 운세는? (01.07)",BFuwOsvk2fo
,두산,https://i.ytimg.com/vi/-gqa50mXNEk/hqdefault.jpg,고기를 끊은 자 & 🕺오나나🕺를 끊은 자 | 강현구 & 이교훈 전역 완료! (01.11),-gqa50mXNEk
,두산,https://i.ytimg.com/vi/P7Lw9WfW2ho/hqdefault.jpg,'베어스 신입사원' 신성현이 말아주는 펑고는? 24년 신인 캠프 훈련 직캠! (01.11),P7Lw9WfW2ho
"🎵 Oneul - CheeseBurger, Sweet potato, Bubble Tea, Little Bird
🎵 오늘의 일기 - 카페인 바운스 https://youtu.be/KqYZ4ext84I?si=r-F3GvXUM-VIudaI",두산,https://i.ytimg.com/vi/eSGKRLuYggs/hqdefault.jpg,아기곰이 셀프캠도 찍나요? | 양석환의 베트남 여행 2편 vlog (01.13),eSGKRLuYggs
,두산,https://i.ytimg.com/vi/svOFCV25Y9g/hqdefault.jpg,"비시즌 금요일 오후 1시, 잠실야구장엔 누가 있었을까 (01.12)",svOFCV25Y9g
,두산,https://i.ytimg.com/vi/7oJws9P0i2U/hqdefault.jpg,이승엽 감독이 주장 양석환에게 바라는 한가지 [2024 창단 42주년 기념식 비하인드] (01.15),7oJws9P0i2U
,두산,https://i.ytimg.com/vi/_XvAg9qvtWA/hqdefault.jpg,KBO에 특이점이 온다? | 로봇 심판에 대한 선수들의 생각은? #전설의 30볼넷 경기 (01.15),_XvAg9qvtWA
,두산,https://i.ytimg.com/vi/zlBGT5P6NOs/hqdefault.jpg,'18세의 5연투' 투구 금지령이 내렸던 김택연의 첫 하프 피칭 (01.18),zlBGT5P6NOs
,두산,https://i.ytimg.com/vi/cAUgN8ZXNXY/hqdefault.jpg,2024 신인선수 체력측정! | 전종목 상위권인 선수가 있다! (01.25),cAUgN8ZXNXY
,두산,https://i.ytimg.com/vi/7G_G4kaccWY/hqdefault.jpg,[이 곳.. 야구에 진심이다] 2024 신인 선수들의 분당 두산타워 방문기! (01.22),7G_G4kaccWY
,두산,https://i.ytimg.com/vi/5WfFrtSlLHI/hqdefault.jpg,망곰 포토카드 촬영 비화 | 휘&철원 교수님의 『성공하는 마구마구』 | 24드랲즈 실세는 김택연?! [두런두런],5WfFrtSlLHI
,두산,https://i.ytimg.com/vi/LG5yzqQ1EtY/hqdefault.jpg,"'나야, 롤링페이퍼'🧑‍🍳 니퍼트 은퇴식 롤링페이퍼 비하인드✏️ [두런두런]",LG5yzqQ1EtY
,두산,https://i.ytimg.com/vi/Tk3u6zCDXis/hqdefault.jpg,이병헌 통장 잔액 단독 공개 | 허경민에게 요아정을 묻다 | 서우 시구•윤우 유튜버 데뷔 비화 [두런두런],Tk3u6zCDXis
,두산,https://i.ytimg.com/vi/dkfauxCf4Lw/hqdefault.jpg,프로 1년 차 🐥가 25드래프트 신인들에게 [두런두런],dkfauxCf4Lw
두런두런 보다가 경기보면 딱..👀,두산,https://i.ytimg.com/vi/2vYMKgAJuRQ/hqdefault.jpg,선수들의 제러드 영 첫인상ㅣ포르쉥의 친구를 소개합니다 🙋🏻‍♂️ㅣ휘의 타석 데뷔&병헌의 타석 데뷔 무산 소감 🎤 [두런두런],2vYMKgAJuRQ
,두산,https://i.ytimg.com/vi/2ed3WCivhco/hqdefault.jpg,베어스에 감자가 또 있다고요?? 웅장한 두 감자의 첫 만남🥔🌱| 시라카와 베어스 첫 출근 비하인드 [두런두런] (07.11),2ed3WCivhco
,두산,https://i.ytimg.com/vi/DmDPNuB3HT8/hqdefault.jpg,경기 빼고 다 한 후반기 첫 출근 날🌧️ | 우취 비하인드 [두런두런] (07.09),DmDPNuB3HT8
,두산,https://i.ytimg.com/vi/dLM49RgXWZ0/hqdefault.jpg,조심스럽게 얘기할래요..🎶 올스타 뽑아달라고 용기내 볼래요..🌟 [두런두런],dLM49RgXWZ0
광주 원정 에피소드..✏️ 최대한 열심히 담아봤습니다! 👀,두산,https://i.ytimg.com/vi/v9SrAibBP80/hqdefault.jpg,광주에서 날아온.. 두런두런 특별편 💭 (feat. 무물) (5.24-26),v9SrAibBP80
,두산,https://i.ytimg.com/vi/2aBOUGVTR1o/hqdefault.jpg,의지가 니퍼트 형에게 (With 영상편지)ㅣ양석환의 베어스티비 일침ㅣ'형은 반삭이 어울려요' 김택연&이병헌 커피차 비하인드 [두런두런],2aBOUGVTR1o
,두산,https://i.ytimg.com/vi/A3ErUPCdRNg/hqdefault.jpg,잠실 커피숍 앰버서더 허경민ㅣ곽빈&최준호 우취 릴스 비하인드 ㅣ반가운 얼굴! 윤준호&이교훈이 전하는 인사 (4.30-5.10) [두런두런],A3ErUPCdRNg
,두산,https://i.ytimg.com/vi/YupZErUqt-U/hqdefault.jpg,박기량 두산 데뷔전ㅣ이병헌의 글러브가 망가진 이유ㅣae-경민을 마주한 허경민 (4.19-25) [두런두런],YupZErUqt-U
,두산,https://i.ytimg.com/vi/bh7dofaMxuk/hqdefault.jpg,안타 세리머니 탄생 비화 | 김대한 배트의 비밀ㅣ미리 보는 김택연 신인왕 공약? | 홈 6연전 비하인드(4.9-14) [두런두런],bh7dofaMxuk
,두산,https://i.ytimg.com/vi/27rdRqyth40/hqdefault.jpg,6년만에 베어스티비와 만난 '민뱅' 민병헌 | 잠실 오프닝 시리즈 비하인드 [두런두런],27rdRqyth40
,두산,https://i.ytimg.com/vi/fmHK7uLRrxU/hqdefault.jpg,507호 양석환 송승환 재회 | 대주주의 분개 | 응원가 비하인드 [개막시리즈 두런두런],fmHK7uLRrxU
,두산,https://i.ytimg.com/vi/njAEfOZn1G0/hqdefault.jpg,시범경기 1위로 돌아온 팀두산 | 막걸리 뿌리는 투수 조장 | 2024 잠실 첫 커피차의 주인공 [두런두런],njAEfOZn1G0
,두산,https://i.ytimg.com/vi/9k8KmusS3LU/hqdefault.jpg,이거 마시면 브이로그 찍는거다..?!  2억 뷰 기념 커피를 받은 곰들의 [두런두런],9k8KmusS3LU
,두산,https://i.ytimg.com/vi/HQIarOjrXO4/hqdefault.jpg,수달 하우스 최초 공개!? 정수빈이 찍어오...려 노오오력한 영상 | 제 3차 고교대전 발발 신일고 VS 충암고 | 차기 주장이야기 [두런두런],HQIarOjrXO4
,두산,https://i.ytimg.com/vi/Crhs8Au_zGg/hqdefault.jpg,정수빈 아빠되다!!! 태어난 지 1시간 만에 자몽이를 꼬셔야(?) 하는 아기수달 영접기! [두런두런] (09.13),Crhs8Au_zGg
,두산,https://i.ytimg.com/vi/lrCfhRG9H2A/hqdefault.jpg,"""니퍼트? 최고의 투수였죠"" 심장 코치님 & 박준영이 만난 베어스 투수들 이야기 [두런두런]",lrCfhRG9H2A
,두산,https://i.ytimg.com/vi/1SC0VkQCIlA/hqdefault.jpg,"우취, 또 우취!  DH 포함 + 9연전 소식을 듣게 된 베어스의 [두런두런]",1SC0VkQCIlA
,두산,https://i.ytimg.com/vi/S-gOBxEr6-8/hqdefault.jpg,"""저, 장가갑니다"" 성공한 남자, 김명신의 결혼 발표! (오피셜) | 투수조 축가 이슈 [두런두런]",S-gOBxEr6-8
,두산,https://i.ytimg.com/vi/-vAslfl2mRs/hqdefault.jpg,"※마스크걸 스포주의※ 고척의 천장, 밑에서 볼까? 옆에서 볼까? [두런두런]",-vAslfl2mRs
,두산,https://i.ytimg.com/vi/m1DKa1LamQo/hqdefault.jpg,NEW 90즈 탄생!? | 잠실에 놀러 온 베어스 가족들! 소율&그루&시엘 [두런두런],m1DKa1LamQo
,두산,https://i.ytimg.com/vi/UniPCBkWcDc/hqdefault.jpg,'아기 수달'이 태어난다고? | '츄' 습격 사건을 직접 해명하는 곰들의 대화! [두런두런],UniPCBkWcDc
,두산,https://i.ytimg.com/vi/RyUoPoo0v2A/hqdefault.jpg,‘류현준의 데뷔 첫 안타&타점’ 스타팅핑이 된 막내들이 이끈 승리로 정규 시즌 마무리 🔚 | 9월 28일 두산 vs NC | 2024 경기 H/L,RyUoPoo0v2A
,두산,https://i.ytimg.com/vi/fam8h8D0YWc/hqdefault.jpg,팀을 포스트시즌으로 이끈 강승호의 연타석 홈런! | 9월 24일 두산 vs NC | 2024 경기 H/L,fam8h8D0YWc
,두산,https://i.ytimg.com/vi/xXBwQvsDpaI/hqdefault.jpg,4위 쟁탈전 중심타선 폭발💥💥 | 9월 23일 두산 vs SSG | 2024 경기 H/L,xXBwQvsDpaI
,두산,https://i.ytimg.com/vi/1YH6TLJYvE8/hqdefault.jpg,형님들의 든든한 득점지원에 힘입어 가져온 최승용의 QS와 시즌 첫승 🥟 | 9월 19일 두산 vs 기아 | 2024 경기 H/L,1YH6TLJYvE8
,두산,https://i.ytimg.com/vi/ZFqeqWjxI3g/hqdefault.jpg,안타치고 도루하고 호수비하는 조수행의 만점 활약 ✨| 9월 17일 두산 vs 삼성 | 2024 경기 H/L,ZFqeqWjxI3g
,두산,https://i.ytimg.com/vi/qHYZko1QHxE/hqdefault.jpg,가을의 남자 정수빈이 끝냈다💥🍁 | 9월 16일 두산 vs 키움 | 2024 경기 H/L,qHYZko1QHxE
,두산,https://i.ytimg.com/vi/IHWsrI4ZML8/hqdefault.jpg,타선 폭발 + 곽빈의 호투로 연패 끊고 다시 질주 😍 | 9월 7일 두산 vs KT | 2024 경기 H/L,IHWsrI4ZML8
,두산,https://i.ytimg.com/vi/JiN40tCnV9A/hqdefault.jpg,영점의 균형을 깬 기연 & 의지의 3루타로 시작된 9회 초 빅이닝💥💥💥 | 8월 28일 두산 vs NC | 2024 경기 H/L,JiN40tCnV9A
김재환 4타수 4안타 시즌 25호 홈런 + 이병헌 구단 역대 좌완 최다 홀드타이 + 김택연 고졸신인 역대 최다 세이브(17) 달성 🎉,두산,https://i.ytimg.com/vi/oj7RGLqIq-Y/hqdefault.jpg,연패를 끊는 팀두산의 2800승🔥| 8월 27일 두산 vs NC | 2024 경기 H/L,oj7RGLqIq-Y
곽빛..🤩,두산,https://i.ytimg.com/vi/DF0AWwA5ZiY/hqdefault.jpg,‘7.2이닝 110구 5피안타 4K’ 30일 만의 QS+🔥 우리의 에이스 곽빈 | 8월 17일 두산 vs KT | 2024 경기 H/L,DF0AWwA5ZiY
,두산,https://i.ytimg.com/vi/GtPhFm9VE2c/hqdefault.jpg,‘8이닝 102구 4피안타 3K 무실점’ 시라카와의 완벽했던 무결점 피칭 🌟 | 8월 16일 두산 vs KT | 2024 경기 H/L,GtPhFm9VE2c
,두산,https://i.ytimg.com/vi/d6Zff5Xks6g/hqdefault.jpg,광복절 더위를 날리는 김재환의 시원한 시즌 21호 홈런💨💥 | 8월 15일 두산 vs 롯데 | 2024 경기 H/L,d6Zff5Xks6g
,두산,https://i.ytimg.com/vi/MdpDIr6ekcQ/hqdefault.jpg,이병헌 데뷔 첫 세이브✨ 와 함께 위닝 시리즈 달성 | 8월 10일 두산 vs SSG | 2024 경기 H/L,MdpDIr6ekcQ
,두산,https://i.ytimg.com/vi/AhHfNQAJPb4/hqdefault.jpg,양의지의 역전 쓰리런으로 가져오는 위닝시리즈✨ | 8월 7일 두산 vs LG | 2024 경기 H/L,AhHfNQAJPb4
,두산,https://i.ytimg.com/vi/r3YUx8hxRqw/hqdefault.jpg,마무리 김택연이 지켜낸 1점차 승리👊🏻ㅣ 8월 6일 두산 vs LG | 2024 경기 H/L,r3YUx8hxRqw
,두산,https://i.ytimg.com/vi/tbrrLt7VSmU/hqdefault.jpg,발라조빅의 첫 퀄스와 첫 승! 그리고 오랜만에 스윕🎉 | 8월 1일 두산 vs KIA | 2024 경기 H/L,tbrrLt7VSmU
두산베어스가 쓴 KBO리그의 역사 📝,두산,https://i.ytimg.com/vi/393f2v3HI1A/hqdefault.jpg,‘제러드 8타점’ 팀두산의 점수는 10점? 20점? 아니고 무려 30점❗️ | 7월 31일 두산 vs KIA | 2024 경기 H/L,393f2v3HI1A
,두산,https://i.ytimg.com/vi/5QJWcG1TQs0/hqdefault.jpg,양석환의 시원한 한 방과 함께한 곽빈의 10승😁 | 7월 30일 두산 vs KIA | 2024 경기 H/L,5QJWcG1TQs0
,두산,https://i.ytimg.com/vi/cgoCBOTzooI/hqdefault.jpg,한 경기에 만루홈런이 두 번🤩! | 7월 3일 두산 vs 롯데 | 2024 경기 H/L,cgoCBOTzooI
,두산,https://i.ytimg.com/vi/8LDyHVW7164/hqdefault.jpg,알칸타라의 무실점 호투! 위닝시리즈로 마무리 🙌 | 6월 20일 두산 vs NC | 2024 경기 H/L,8LDyHVW7164
,두산,https://i.ytimg.com/vi/-06o9KdVZ7E/hqdefault.jpg,강승호의 역전 쓰리런☄ 시즌 11호포 작렬! | 6월 18일 두산 vs NC | 2024 경기 H/L,-06o9KdVZ7E
,두산,https://i.ytimg.com/vi/o0fD-Vw5SqE/hqdefault.jpg,강승호 3타수 3안타 맹타🔥 시즌 40승 선착!  | 6월 15일 두산 vs 키움 | 2024 경기 H/L,o0fD-Vw5SqE
,두산,https://i.ytimg.com/vi/BRH81L7Uf9k/hqdefault.jpg,적시타 또 적시타! #전민재 데뷔 첫 3타점 경기 🤟🏻 | 6월 14일 두산 vs 키움 | 2024 경기 H/L,BRH81L7Uf9k
,두산,https://i.ytimg.com/vi/PeSzn-vT76Y/hqdefault.jpg,연패를 끊은 두산베어스🐻 하위타선이 만들어낸 다득점 경기‼ | 6월 13일 두산 vs 한화 | 2024 경기 H/L,PeSzn-vT76Y
KBO리그 생중계는 오직 “TVING”에서 🙌🏻,두산,https://i.ytimg.com/vi/3d7TWnJ1fLQ/hqdefault.jpg,양캡틴의 홈런 또 홈런💥 또다시 연장 승부💧 끝에 연승은 여전히 진행 중! | 6월 7일 두산 vs 기아 | 2024 경기 H/L,3d7TWnJ1fLQ
KBO리그 생중계는 오직 “TVING”에서 🙌🏻,두산,https://i.ytimg.com/vi/cYeJPKXtPLo/hqdefault.jpg,두산! 승리를 위해 다같이~ 김!재!환!의 4타점 경기🔥 4057일만의 창원 원정 스윕🧹🧹🧹 | 6월 6일 두산 vs NC | 2024 경기 H/L,cYeJPKXtPLo
KBO리그 생중계는 오직 “TVING”에서 🙌🏻,두산,https://i.ytimg.com/vi/VWiw57uUsSQ/hqdefault.jpg,이틀 연속 연장 승부 💦 이영하의 호투 그리고 대타 강승호의 결승타로 위닝시리즈 확보✌🏻 | 6월 5일 두산 vs NC | 2024 경기 H/L,VWiw57uUsSQ
KBO리그 생중계는 오직 “TVING”에서 🙌🏻,두산,https://i.ytimg.com/vi/avlRsRE5apw/hqdefault.jpg,베어스는 이겨내👊 시즌 첫 연장 승리!! 3연패 탈출!! | 6월 4일 두산 vs NC | 2024 경기 H/L,avlRsRE5apw
KBO리그 생중계는 오직 “TVING”에서 🙌🏻,두산,https://i.ytimg.com/vi/OoV-Qvrgsos/hqdefault.jpg,5안타로 6득점! 에이스 곽빈과 함께 주중시리즈 위닝 ☀️ | 5월 30일 두산 vs KT | 2024 경기 H/L,OoV-Qvrgsos
KBO리그 생중계는 오직 “TVING”에서 🙌🏻,두산,https://i.ytimg.com/vi/2NfbXTaZ-FQ/hqdefault.jpg,4회 말 6득점 빅이닝 ‼ 승리를 이끄는 완벽한 투타 조화🔥 | 5월 29일 두산 vs KT | 2024 경기 H/L,2NfbXTaZ-FQ
KBO리그 생중계는 오직 “TVING”에서 🙌🏻,두산,https://i.ytimg.com/vi/4ypgJrqfQXg/hqdefault.jpg,에이스 곽빈과 경기를 끝낸 두 방의 홈런. 1위와의 게임차 '0' | 5월 24일 두산 vs 기아 | 2024 경기 H/L,4ypgJrqfQXg
"KBO리그 생중계는 오직 “TVING”에서 🙌🏻

베어스.. 좀 하는데? 😎",두산,https://i.ytimg.com/vi/8Jn-uAuvxlc/hqdefault.jpg,"🔥2,909일 만의 SSG전 스윕!!!!!🔥 | 5월 23일 두산 vs SSG | 2024 경기 H/L",8Jn-uAuvxlc
KBO리그 생중계는 오직 “TVING”에서 🙌🏻,두산,https://i.ytimg.com/vi/LTJrH12bzpQ/hqdefault.jpg,승리를 이끈 김민규의 무실점 호투 👊🏻 | 5월 22일 두산 vs SSG | 2024 경기 H/L,LTJrH12bzpQ
KBO리그 생중계는 오직 “TVING”에서 🙌🏻,두산,https://i.ytimg.com/vi/xcbYDiYV9W4/hqdefault.jpg,베어스 좌-우 거포들의 홈런 그리고 김택연의 데뷔 첫 세이브⭐️ | 5월 21일 두산 vs SSG | 2024 경기 H/L,xcbYDiYV9W4
KBO리그 생중계는 오직 “TVING”에서 🙌🏻,두산,https://i.ytimg.com/vi/m-d27VArVvg/hqdefault.jpg,이승엽 감독의 100승을 이끈 캡틴의 2홈런 5타점 & 에이스 곽빈의 호투✨ | 5월 18일 두산 vs 롯데 | 2024 경기 H/L,m-d27VArVvg
KBO리그 생중계는 오직 “TVING”에서 🙌🏻,두산,https://i.ytimg.com/vi/7GQY8y7ErHk/hqdefault.jpg,거포 곰 군단🐻 9️⃣경기 연속 두 자릿수 안타 그리고 #9연승 !!?!! | 5월 14일 두산 vs 기아 | 2024 경기 H/L,7GQY8y7ErHk
KBO리그 생중계는 오직 “TVING”에서 🙌🏻,두산,https://i.ytimg.com/vi/bLe5W-VgmGg/hqdefault.jpg,웬만해선 그들을 막을 수 없다🐻‍ 8연승승승승승승승승 | 5월 12일 두산 vs KT DH2 | 2024 경기 H/L,bLe5W-VgmGg
KBO리그 생중계는 오직 “TVING”에서 🙌🏻,두산,https://i.ytimg.com/vi/5pSl7PLwNu8/hqdefault.jpg,🏆최준호 데뷔 첫 승 & 허경민 4타수 4안타 맹활약🔥으로 7연승 질주! | 5월 12일 두산 vs KT DH1 | 2024 경기 H/L,5pSl7PLwNu8
KBO리그 생중계는 오직 “TVING”에서 🙌🏻,두산,https://i.ytimg.com/vi/j1UF9nhoUDI/hqdefault.jpg,베어스 역사의 한 페이지 📝 두산베어스 좌타자 최초 잠실구장 100홈런 달성💥 | 5월 10일 두산 vs KT | 2024 경기 H/L,j1UF9nhoUDI
KBO리그 생중계는 오직 “TVING”에서 🙌🏻,두산,https://i.ytimg.com/vi/dvuvbJd0flM/hqdefault.jpg,허경민의 시즌 첫 결승타와 함께 시즌 첫 스윕!!!!! 🔥파죽의 5연승🔥 | 5월 9일 두산 vs 키움 | 2024 경기 H/L,dvuvbJd0flM
KBO리그 생중계는 오직 “TVING”에서 🙌🏻,두산,https://i.ytimg.com/vi/V4jOHPcEQlE/hqdefault.jpg,브랜든든💪🏻의 시즌 4승과 함께 4연승 질주! | 5월 8일 두산 vs 키움 | 2024 경기 H/L,V4jOHPcEQlE
KBO리그 생중계는 오직 “TVING”에서 🙌🏻,두산,https://i.ytimg.com/vi/t5q9plCFGTQ/hqdefault.jpg,두산베어스 양의지 '2155일'만의 연타석 홈런💥 & 곽빈 시즌 2승✌️| 5월 7일 두산 vs 키움 | 2024 경기 H/L,t5q9plCFGTQ
"KBO리그 생중계는 오직 “TVING”에서 🙌🏻

아뜨…!거운 잠실 낮경기… 강승호는 오늘도 뜨거웠다…☀️",두산,https://i.ytimg.com/vi/jkZsQ5wkJSY/hqdefault.jpg,어린이날 잠실 더비 위닝시리즈 예약!!!🐻🧨 5월 4일 두산 vs LG | 2024 경기 H/L,jkZsQ5wkJSY
"KBO리그 생중계는 오직 “TVING”에서 🙌🏻

작은 날개짓으로 날아오르는 투수 이병헌🧚 어린이날 시리즈 기선을 제압해😎🐻",두산,https://i.ytimg.com/vi/r_UqG962T8E/hqdefault.jpg,이병헌 시즌 3승! 돌아온 천유와 함께 기분 좋은 승리🧨 5월 3일 두산 vs LG | 2024 경기 H/L,r_UqG962T8E
KBO리그 생중계는 오직 “TVING”에서 🙌🏻,두산,https://i.ytimg.com/vi/JuJT56Q1DQ8/hqdefault.jpg,승리로 출발하는 시리즈 ✌🏻 4월 30일 삼성 vs 두산 | 2024 경기 H/L,JuJT56Q1DQ8
"KBO리그 생중계는 오직 “TVING”에서 🙌🏻

김재환&양석환 홈런 4방 11타점! 타선 폭발 17-8 승리로 가져온 위닝 시리즈 🧨 
(는 김택연의 데뷔 첫 승을 싣고..🍀💫)",두산,https://i.ytimg.com/vi/HdggSf8zmXM/hqdefault.jpg,중심타선 대폭발 💥 4월 28일 두산 vs 한화 | 2024 경기 H/L,HdggSf8zmXM
KBO리그 생중계는 오직 “TVING”에서 🙌🏻,두산,https://i.ytimg.com/vi/O3vtdkJ-ltg/hqdefault.jpg,김유성의 데뷔 첫 승 🌟 4월 26일 두산 vs 한화 | 2024 경기 H/L,O3vtdkJ-ltg
"[00:00] 오프닝
[00:30] 하이라이트",두산,https://i.ytimg.com/vi/u1NUR1kPcOs/hqdefault.jpg,[시범경기 TVING 하이라이트] 키움 vs 두산 (03.09),u1NUR1kPcOs
"입대를! 명! 받았습니다✨
논산에서 만난 까까머리 마법사들!
정운과 현인이 준영이에게 해준 조언은...?

00:00 머리 미는 삐약이...
00:20 심신 삐딱한 상태
00:36 지금 기분 어떤지
00:44 머리 소개
01:00 논산 오면서 무슨 생각 했는지
01:12 우리 강아지...
01:28 팬페 이후 어떻게 지냈는지
01:38 경) 운전면허 합격 (축
02:06 최후의 만찬: 한우
02:15 한 번 와봐...
02:37 꿀팁: 몸소 느끼기
02:53 날씨 걱정
03:03 수상 소감 말하는 줄
03:29 선임이 된 내 친구
03:50 오빠가 되고 싶은 삐약이
04:12 상무 체조 기대하겠습니다
04:23 상무 목표
04:44 팬분들께 한마디
04:56 마음이 안 좋은 호준이
05:08 상현이 눈매 교정 후기
05:19 친구의 마지막 포옹
05:30 입구에 도착
06:20 엇갈릴 뻔한 승주...
07:25 굿바이 째깐이 (ft. 쏘니)

#정준영 #한승주 #김영현 #상무 #입대 #논산 #V2 #ktwiz #KT위즈 #위즈티비 #위즈 #KT #야구 #KBO #Baseball #프로야구 

*본 영상과 무관한 내용의 댓글 및 허위사실, 출연자에 대한 과한 욕설, 비난 및 조롱 등 악의적인 댓글은 무통보 삭제될 수 있습니다.",KT,https://i.ytimg.com/vi/0OAnm8TFe-k/hqdefault.jpg,다녀오겠습니다! 정준영 한승주 상무 입대 D-DAY (ft. 굿바이 째깐이) [위즈티비],0OAnm8TFe-k
"아 오바야!!! 눈 뜨고 볼 수 없는 내 동료의 리허설 현장
선배들과 팬분들 앞에서 제대로 신고식 치룬 2025신인들✌

00:00 연습실 도착
02:24 춤 빼고 다 잘하조 연습
04:57 승리 요정 연습
07:23 못 말리는 끝쪽이 연습
11:34 팬 페스티벌 당일
14:02 본격적인 리허설
17:40 드디어 뽐낼 시간
17:49 백스테이지

#팬페스티벌 #루키가요제 #신인 #V2 #ktwiz #KT위즈 #위즈티비 #위즈 #KT #야구 #KBO #Baseball #프로야구

*본 영상과 무관한 내용의 댓글 및 허위사실, 출연자에 대한 과한 욕설, 비난 및 조롱 등 악의적인 댓글은 무통보 삭제될 수 있습니다.",KT,https://i.ytimg.com/vi/jLmmY98GsgA/hqdefault.jpg,언뜻 보면 아이돌 연습실이랑 다를 거 없음👀 루키 가요제 비하인드 [위즈티비],jLmmY98GsgA
"선수들이 더 편하게 던질 수 있는 역할을 하고 싶고,
그 역할을 해내다 보면 팀 성적도 좋아질 거라고 생각합니다!

00:00 자기소개
00:13 새로운 시작을 하게 된 소감
00:40 kt wiz는 어떤 팀이었는지
00:57 연락받았을 때 어땠는지
01:20 투수들의 본보기 이강철 감독님
01:41 규민이형, 민섭이, 정대, 윤석이랑 친함
02:06 규민이 형이랑 40분 동안 통화
02:30 가족들 반응
02:44 경민 선수와 입단 동기에서 이적 동기
02:56 재균이 형이랑 같은 팀이라 다행
03:18 LG트윈스를 만난다면
03:43 준원이가 양보한 등번호
04:23 가지고 싶은 마법
04:53 응원해 주신 LG트윈스 팬분들 감사합니다
05:43 kt wiz 팬분들 잘 부탁드립니다

#최동환 #웰컴 #인터뷰 #V2 #ktwiz #KT위즈 #위즈티비 #위즈 #KT #야구 #KBO #Baseball #프로야구 

*본 영상과 무관한 내용의 댓글 및 허위사실, 출연자에 대한 과한 욕설, 비난 및 조롱 등 악의적인 댓글은 무통보 삭제될 수 있습니다.",KT,https://i.ytimg.com/vi/kSi8HMLZ94E/hqdefault.jpg,kt wiz로 이적했더니 규민이 형이 40분 동안 전화를 안 끊더라고요 [위즈티비],kSi8HMLZ94E
"19년 만에 불펜 투수가 기록한 승률상
2년 연속 수상한 3루 수비상
친해지는 중인 든든이와 경민의 시상식 비하인드

00:00 화려한 등장
00:16 해영이 형이다!
01:15 천천히 알아가요
01:50 미래 메이저리거 접선
02:10 출신 논란
02:32 국가대표는 어땠나요
02:59 또해영 등장
04:23 KBO 시상식 시작
05:13 승률상 수상
06:03 수상 후기
06:46 고프로를 잊지 말아요
07:25 분량을 찾아서
08:25 수비상 수상
10:13 수상 후기
10:56 수상 오류
11:29 특별한 손님과 경민 인터뷰
14:07 든든이 소감
15:01 MVP가 오고 그런 날 있잖아요
16:42 다시 이어가는 소감
18:07 미래의 KBO리그 선수
19:27 미래 메이저리거의 예언

#KBO시상식 #시상식 #허경민 #박영현 #수비상 #승률상 #V2 #ktwiz #KT위즈 #위즈티비 #위즈 #KT #야구 #KBO #Baseball #프로야구 

*본 영상과 무관한 내용의 댓글 및 허위사실, 출연자에 대한 과한 욕설, 비난 및 조롱 등 악의적인 댓글은 무통보 삭제될 수 있습니다.",KT,https://i.ytimg.com/vi/SrVn-skfePI/hqdefault.jpg,멋있게 차려입고 상 받으러 왔어요! 혜성피셜 내년은 kt wiz가 우승! KBO 시상식 비하인드🏆[위즈티비],SrVn-skfePI
"어린이 입맛 저격 유부초밥 vs 눈과 입이 즐거운 카나페
공기팟을 건 25신인들의 플레이팅(?) 대결 승자는?

00:00 흑백 루키 요리사
00:15 환복 완료
00:29 설레는 키 차이(?)
00:51 안성재 셰프 특별출연
01:11 백종원까지
01:22 준비 완료
01:30 설레요!
01:49 또리 팀의 새우 카나페
02:15 빅 팀의 참치 유부초밥
02:27 유부! 유부! 초밥!
02:47 유부가 작다
03:10 츄라이
03:30 카나페 만드는 기계
03:41 먹잘알 건우
03:51 멍 때리는 거 아닙니다
04:05 재료 먹어치우기 작전
04:30 용현이의 색다른 유부초밥
05:03 보기 좋은 밥이 먹기도 좋다!
05:21 빅 팀의 요리 설명
05:27 풀?
05:38 또리 팀의 요리 설명
06:05 안성재 셰프 빙의
06:34 재료를 존중하는 박성재(?) 셰프
06:59 빅 팀의 용병 투입
07:10 견제
07:15 먹는 게 도와주는 것
07:33 두번! 두번! 카나페!
07:39 입장 시작!
08:15 새우 싫어하는 애기
08:22 DIY 유부초밥
08:41 상품이 가지고 싶습니다...!
08:49 유튜버 민석이
08:59 팬분들의 투표
09:18 발로 뛰는 영업
09:42 말벌 아저씨 동현
10:05 사실 넘 불안했어요...
10:18 특별 평가단 성호 출동
11:10 이길 수 없었던 학연, 지연...
11:21 특별 평가단 삐약이 출동
11:34 삐약이 성대모사
11:54 사랑니 이슈
12:10 먹느랴 인사하랴
12:25 잘할 거면서...
12:27 삐약이의 투표는?
12:51 우승 팀 공개!
13:01 소감
13:50 드디어 상품 증정 시간!

#팬페스티벌 #흑백루키요리사 #신인 #V2 #ktwiz #KT위즈 #위즈티비 #위즈 #KT #야구 #KBO #Baseball #프로야구

*본 영상과 무관한 내용의 댓글 및 허위사실, 출연자에 대한 과한 욕설, 비난 및 조롱 등 악의적인 댓글은 무통보 삭제될 수 있습니다.",KT,https://i.ytimg.com/vi/CUKJSV8gEH0/hqdefault.jpg,정성을 중요시 여기거덩요✨ 25신인들의 흑백 루키 요리사 [위즈티비],CUKJSV8gEH0
"평소 보지 못한 선수들의 모습을 볼 수 있는 팬 페스티벌
새내기 선수들도 함께한 비하인드 영상이 왔습니다

00:00 신인즈의 출근
01:28 장외 이벤트 & 팬 인터뷰
02:45 우당탕 리허설
03:24 성호의 깜짝 발표
03:47 준영이의 에너지
04:40 무대의상 실착
05:04 무한 신뢰 & 무한 칭찬
05:54 무대 퍼포먼스 제안
06:57 천병장의 상무썰
08:06 입단 동기의 거리
09:18 베어스티비 출연은 왜?
10:09 JD 뉴 아이템
10:36 콘텐츠라면 어디든
11:05 슬림해져 나타난 한 남자
11:50 단국대 토크토크
12:36 진혁이가 만나고 싶었습니다
13:22 정대가 팬 사인회 하는 법
15:07 kt wiz 신입생 인사드립니다
16:52 루키 가요제 춤 빼고 다 잘하조
17:35 루키 가요제 승리요정
18:09 못말리는 킅쪽이
18:51 익명의 제보자가 던진 대기획
19:53 상무체조
21:57 수상자들 말말말
24:39 브루노 성호 등장
26:04 삐약이가 부르는 챔피언
28:34 원석의 POWER 신고식
29:43 주장 이취임식

#팬페스티벌 #fanfestival #비하인드 #V2 #ktwiz #KT위즈 #위즈티비 #위즈 #KT #야구 #KBO #Baseball #프로야구 

*본 영상과 무관한 내용의 댓글 및 허위사실, 출연자에 대한 과한 욕설, 비난 및 조롱 등 악의적인 댓글은 무통보 삭제될 수 있습니다.",KT,https://i.ytimg.com/vi/wfKBMfXpsNA/hqdefault.jpg,NEW 마법사들도 참석 완! 2024 팬 페스티벌 비하인드📽 [위즈티비],wfKBMfXpsNA
"♪ 춤 빼고 다 잘하조 - 우리집
♪ 승리요정 - Supernova
♪ 못말리는 킅쪽이 - 잘자요아가씨
♪ 천성호 - Up town funk
♪ 오원석 - POWER

#2025신인 #천성호 #오원석 #팬페스티벌 #릴레이댄스 #V2 #ktwiz #KT위즈 #위즈티비 #위즈 #KT #야구 #KBO #Baseball #프로야구 

*본 영상과 무관한 내용의 댓글 및 허위사실, 출연자에 대한 과한 욕설, 비난 및 조롱 등 악의적인 댓글은 무통보 삭제될 수 있습니다.

00:00 ♪ 춤 빼고 다 잘하조 - 우리집
01:48 ♪ 못말리는 킅쪽이 - 잘자요아가씨
02:24 ♪ 승리요정 - Supernova
03:36 ♪ 천성호 - Up town funk
06:13 ♪ 오원석 - POWER",KT,https://i.ytimg.com/vi/3VXRviNMaaU/hqdefault.jpg,[릴레이댄스] kt wiz 2024 팬 페스티벌,3VXRviNMaaU
"어색하게 건네는 첫인사💦
어색해서 차도 원정팀 입구에 주차한 진혁...
kt wiz의 두 번째 혁이 오빠 인사드립니다!

00:00 새로운 얼굴
00:07 어색
00:15 광주일고 선배 허경민
00:27 마법사로 변신
00:34 실감 나는 것 같아요
01:05 어색해서 원정 입구에 주차함
01:14 단국대 선배 서비서비
01:28 팬페 참석 예정!
01:40 팬페가 궁금하다
01:51 마법사 장진혁의 자기소개
01:56 수원KT위즈파크 어떤지?
02:04 보상 선수 소식 들었을 때 상황
02:09 한화이글스 선수들이 해주신 말
02:20 kt wiz는 강팀
02:34 배정대 선수
02:41 비슷한 사람끼리 끌리는 법
03:03 단국대 선배님
03:13 나이차이로 비껴가는 인연
03:45 승주 선수랑 연락했는지
04:12 같은 팀이 돼서 다행인 선수
04:26 가장 만나고 싶었던 선수
04:33 현진이 형 상대해 보고 싶습니다
04:50 진혁이 본 kt wiz 외야수
04:58 광주일고 대선배님
05:44 시즌 시작 전 목표
06:02 한화이글스 팬분들께 한마디
06:17 kt wiz 팬분들께 한마디
06:27 각오
06:42 진혁의 하루 끝

#장진혁 #웰컴 #인터뷰 #V2 #ktwiz #KT위즈 #위즈티비 #위즈 #KT #야구 #KBO #Baseball #프로야구 

*본 영상과 무관한 내용의 댓글 및 허위사실, 출연자에 대한 과한 욕설, 비난 및 조롱 등 악의적인 댓글은 무통보 삭제될 수 있습니다.",KT,https://i.ytimg.com/vi/fSnEXkVua3I/hqdefault.jpg,"""현진이 형 상대해 보고 싶습니다"" 마법사가 된 장진혁 [위즈티비]",fSnEXkVua3I
"자고 일어났더니 휴대폰 렉 걸려서
kt wiz 이적 소식 알게 된 썰(?)
이제 kt wiz 선수가 된 한승주 선수 환영합니다!

00:00 음료수 ASMR...
00:09 자기소개
00:20 어머니한테 들은 이적 소식
00:36 이적 소감
01:04 한화이글스 선수들이 해주신 말
01:25 시환이 형은 무조건 직구죠
01:37 같은 유니폼 입게 된 진혁 선수
01:57 같은 팀이 돼서 다행인 선수
02:07 인사성 좋은 원쪽이
02:35 01년생 시너지
03:08 상무 입대 전 계획
03:35 입대 후 계획
04:23 바짝 긴장해
04:38 한화이글스 팬분들께 한마디
05:01 kt wiz 팬분들께 한마디

#한승주 #웰컴 #인터뷰 #V2 #ktwiz #KT위즈 #위즈티비 #위즈 #KT #야구 #KBO #Baseball #프로야구 

*본 영상과 무관한 내용의 댓글 및 허위사실, 출연자에 대한 과한 욕설, 비난 및 조롱 등 악의적인 댓글은 무통보 삭제될 수 있습니다.",KT,https://i.ytimg.com/vi/5KEzFvR8p48/hqdefault.jpg,Welcome 한승주! 수원에서 야구 오래 하도록 하겠습니다 [위즈티비],5KEzFvR8p48
"ㅇ 투표 링크 : https://forms.gle/qg13ASBKcj64Vbe3A
ㅇ 투표 기간 : 11월 15일(금) ~ 11월 21일(목) 18:00

Awards 시상 분야
ㅇ 올해의 기량발전상
ㅇ 올해의 명장면상
ㅇ 올해의 투수상
ㅇ 올해의 타자상
ㅇ 올해의 아이콘상
ㅇ 올해의 선수상

2024 Fan Festival Awards 투표에 참여해주신 팬 여러분 중 분야 별 1명 (총 6명)을 추첨하여 시상 기회를 드립니다! 

#팬페스티벌 #FanFestivalAwards #시상식 #V2 #ktwiz #KT위즈 #위즈티비 #위즈 #KT #야구 #KBO #Baseball #프로야구 

*본 영상과 무관한 내용의 댓글 및 허위사실, 출연자에 대한 과한 욕설, 비난 및 조롱 등 악의적인 댓글은 무통보 삭제될 수 있습니다.",KT,https://i.ytimg.com/vi/DdJWkiZz2pM/hqdefault.jpg,올해의 선수상 후보⭐ [2024 Fan Festival Awards],DdJWkiZz2pM
"ㅇ 투표 링크 : https://forms.gle/qg13ASBKcj64Vbe3A
ㅇ 투표 기간 : 11월 15일(금) ~ 11월 21일(목) 18:00

Awards 시상 분야
ㅇ 올해의 기량발전상
ㅇ 올해의 명장면상
ㅇ 올해의 투수상
ㅇ 올해의 타자상
ㅇ 올해의 아이콘상
ㅇ 올해의 선수상

2024 Fan Festival Awards 투표에 참여해주신 팬 여러분 중 분야 별 1명 (총 6명)을 추첨하여 시상 기회를 드립니다! 

#팬페스티벌 #FanFestivalAwards #시상식 #V2 #ktwiz #KT위즈 #위즈티비 #위즈 #KT #야구 #KBO #Baseball #프로야구 

*본 영상과 무관한 내용의 댓글 및 허위사실, 출연자에 대한 과한 욕설, 비난 및 조롱 등 악의적인 댓글은 무통보 삭제될 수 있습니다.",KT,https://i.ytimg.com/vi/4dZD4BPy1fE/hqdefault.jpg,올해의 아이콘상 후보⭐ [2024 Fan Festival Awards],4dZD4BPy1fE
"ㅇ 투표 링크 : https://forms.gle/qg13ASBKcj64Vbe3A
ㅇ 투표 기간 : 11월 15일(금) ~ 11월 21일(목) 18:00

Awards 시상 분야
ㅇ 올해의 기량발전상
ㅇ 올해의 명장면상
ㅇ 올해의 투수상
ㅇ 올해의 타자상
ㅇ 올해의 아이콘상
ㅇ 올해의 선수상

2024 Fan Festival Awards 투표에 참여해주신 팬 여러분 중 분야 별 1명 (총 6명)을 추첨하여 시상 기회를 드립니다! 

#팬페스티벌 #FanFestivalAwards #시상식 #V2 #ktwiz #KT위즈 #위즈티비 #위즈 #KT #야구 #KBO #Baseball #프로야구 

*본 영상과 무관한 내용의 댓글 및 허위사실, 출연자에 대한 과한 욕설, 비난 및 조롱 등 악의적인 댓글은 무통보 삭제될 수 있습니다.",KT,https://i.ytimg.com/vi/LRo9SrKCrio/hqdefault.jpg,올해의 타자상 후보⭐ [2024 Fan Festival Awards],LRo9SrKCrio
"ㅇ 투표 링크 : https://forms.gle/qg13ASBKcj64Vbe3A
ㅇ 투표 기간 : 11월 15일(금) ~ 11월 21일(목) 18:00

Awards 시상 분야
ㅇ 올해의 기량발전상
ㅇ 올해의 명장면상
ㅇ 올해의 투수상
ㅇ 올해의 타자상
ㅇ 올해의 아이콘상
ㅇ 올해의 선수상

2024 Fan Festival Awards 투표에 참여해주신 팬 여러분 중 분야 별 1명 (총 6명)을 추첨하여 시상 기회를 드립니다! 

#팬페스티벌 #FanFestivalAwards #시상식 #V2 #ktwiz #KT위즈 #위즈티비 #위즈 #KT #야구 #KBO #Baseball #프로야구 

*본 영상과 무관한 내용의 댓글 및 허위사실, 출연자에 대한 과한 욕설, 비난 및 조롱 등 악의적인 댓글은 무통보 삭제될 수 있습니다.",KT,https://i.ytimg.com/vi/LIwFAI3jY3c/hqdefault.jpg,올해의 투수상 후보⭐ [2024 Fan Festival Awards],LIwFAI3jY3c
"ㅇ 투표 링크 : https://forms.gle/qg13ASBKcj64Vbe3A
ㅇ 투표 기간 : 11월 15일(금) ~ 11월 21일(목) 18:00

Awards 시상 분야
ㅇ 올해의 기량발전상
ㅇ 올해의 명장면상
ㅇ 올해의 투수상
ㅇ 올해의 타자상
ㅇ 올해의 아이콘상
ㅇ 올해의 선수상

2024 Fan Festival Awards 투표에 참여해주신 팬 여러분 중 분야 별 1명 (총 6명)을 추첨하여 시상 기회를 드립니다! 

#팬페스티벌 #FanFestivalAwards #시상식 #V2 #ktwiz #KT위즈 #위즈티비 #위즈 #KT #야구 #KBO #Baseball #프로야구 

*본 영상과 무관한 내용의 댓글 및 허위사실, 출연자에 대한 과한 욕설, 비난 및 조롱 등 악의적인 댓글은 무통보 삭제될 수 있습니다.",KT,https://i.ytimg.com/vi/uUoFdZrzt9M/hqdefault.jpg,올해의 명장면상 후보⭐ [2024 Fan Festival Awards],uUoFdZrzt9M
"ㅇ 투표 링크 : https://forms.gle/qg13ASBKcj64Vbe3A
ㅇ 투표 기간 : 11월 15일(금) ~ 11월 21일(목) 18:00

Awards 시상 분야
ㅇ 올해의 기량발전상
ㅇ 올해의 명장면상
ㅇ 올해의 투수상
ㅇ 올해의 타자상
ㅇ 올해의 아이콘상
ㅇ 올해의 선수상

2024 Fan Festival Awards 투표에 참여해주신 팬 여러분 중 분야 별 1명 (총 6명)을 추첨하여 시상 기회를 드립니다! 

#팬페스티벌 #FanFestivalAwards #시상식 #V2 #ktwiz #KT위즈 #위즈티비 #위즈 #KT #야구 #KBO #Baseball #프로야구 

*본 영상과 무관한 내용의 댓글 및 허위사실, 출연자에 대한 과한 욕설, 비난 및 조롱 등 악의적인 댓글은 무통보 삭제될 수 있습니다.",KT,https://i.ytimg.com/vi/WSAF7YIkyKs/hqdefault.jpg,올해의 기량발전상 후보⭐ [2024 Fan Festival Awards],WSAF7YIkyKs
"옷이 예쁘네요! 원석이가 보여주는 옷피셜👕
기다렸던 오원석 선수 인터뷰가 준비됐습니다

#오원석 #웰컴 #인터뷰 #트레이드 #V2 #ktwiz #KT위즈 #위즈티비 #위즈 #KT #야구 #KBO #Baseball #프로야구 

*본 영상과 무관한 내용의 댓글 및 허위사실, 출연자에 대한 과한 욕설, 비난 및 조롱 등 악의적인 댓글은 무통보 삭제될 수 있습니다.

00:00 드디어 만난 원석
00:28 처음 뵙겠습니다! 위즈티비
00:46 훈련은 언제부터
01:02 팬 여러분께 첫 인사
01:08 트레이드 소식은 언제?
01:33 지금 몸 상태
01:43 원석이 본 kt wiz는?
02:07 오랜만이야 형준이
02:32 형준 얘기의 진실
02:53 원석 피셜 형준이
03:05 트레이드 당시 통화
03:28 이제는 같은 팀
03:46 이제는 다른 팀
04:12 준비하고 있는 것은?
04:41 레인맨의 소문
05:14 SSG 랜더스 선수들의 아쉬움
06:01 SSG 랜더스 팬 여러분에게
06:26 kt wiz 팬 여러분에게",KT,https://i.ytimg.com/vi/bE1sN8igOvw/hqdefault.jpg,대형준 피셜) 까불고 뺀질거리는데 할 건 다함. 본인 등판으로 알려드립니다 [위즈티비],bE1sN8igOvw
"올해 공부 하시느라 고생 많으셨고, 내년에 편하게 야구 보면서 놀아봅시다
kt wiz가 모든 수험생 여러분들을 응원합니다!

00:00 97년생 아저씨들의 응원 메시지
00:10 투수 95즈의 응원 메시지
00:15 윤석의 응원 메시지
00:24 상현의 응원 메시지
00:39 건&용주의 응원 메시지
00:51 태완&민석의 응원 메시지
00:57 민석&현우의 응원 메시지
01:11 동진&민성의 응원 메시지
01:23 성민의 응원 메시지
01:32 25신인의 응원 메시지
01:41 차현의 응원 메시지
01:47 대현&현우&민석&현민의 응원 메시지
01:56 수험생 여러분들 응원합니다!

#수능 #파이팅 #응원메시지 #V2 #ktwiz #KT위즈 #위즈티비 #위즈 #KT #야구 #KBO #Baseball #프로야구

*본 영상과 무관한 내용의 댓글 및 허위사실, 출연자에 대한 과한 욕설, 비난 및 조롱 등 악의적인 댓글은 무통보 삭제될 수 있습니다.",KT,https://i.ytimg.com/vi/I_Bz2etFbxI/hqdefault.jpg,일본 와카야마에서 전하는 수능 응원 메시지✉ [위즈티비],I_Bz2etFbxI
"드디어 친구를 만나네요!
열심히가 아닌 잘 하려고 온 허경민 선수의 인터뷰를 보시죠!

#허경민 #영입 #FA #첫이적 #V2 #ktwiz #KT위즈 #위즈티비 #위즈 #KT #야구 #KBO #Baseball #프로야구

*본 영상과 무관한 내용의 댓글 및 허위사실, 출연자에 대한 과한 욕설, 비난 및 조롱 등 악의적인 댓글은 무통보 삭제될 수 있습니다.

00:00 한적한 수원KT위즈파크의 새로운 소식
00:33 kt wiz의 선수가 된 소감
00:50 계약을 결심한 계기
01:13 첫 이적이 긴장되지 않는지
01:33 몰래왔어요
01:54 가족들의 반응
02:07 보여주고 싶은 모습
02:35 웰컴 메시지 어때요?
03:04 위즈TV가 기대합니다
03:31 팬 여러분에게
03:50 문이 열리네요",KT,https://i.ytimg.com/vi/xCs_mPP2DW8/hqdefault.jpg,Welcome 허경민! '전력 질주'로 왔습니다 [위즈티비],xCs_mPP2DW8
"이게 얼마만에 마운드 위 마법사야😂
투수 등판 이슈로 평가전 양일 가게 된 사연...
(ft. 쓱병현&독수리서현)

00:00 2024 WBSC 프리미어 12 평가전
00:31 1차전 훈련 시작
00:52 역시나 했더니 역시나
01:03 차민아 친하게 지내자
01:31 차민이랑 친해지는 꿀팁
02:00 고영표가 고영표 했다
02:44 아기 독수리 서현
03:14 아기 독수리의 기개
03:41 민 선수..
03:58 형준의 NEW 마법사 소개
04:25 소형준 5명 vs 5살 소형준
04:58 고영표 5명 vs 5살 고영표
05:18 문학 아이돌의 NEW 마법사 소개
05:50 천병장 상무 동기 문학 아이돌
06:15 I believe..~
06:31 1차전 시작
07:34 1차전 퇴근길
09:08 2차전 훈련 시작
09:26 고차민 귀 빠진 날 🎉
09:52 생일 안 챙기는 스타일
10:51 엄상백 어록
11:23 2차전 시작
11:38 3회말 고영표 등판
12:43 4회말 엄상백 등판
13:31 6회말 소형준 등판
14:40 8회초 대량 득점 즐겨
15:47 승용군 당근 흔들어도 돼요
17:14 오늘 나란히 등판한 고엄소

#고영표 #엄상백 #소형준 #박영현 #프리미어12 #국가대표 #2024시즌 #V2 #ktwiz #KT위즈 #위즈티비 #위즈 #kt #야구 #KBO #Baseball #KBO리그

*본 영상과 무관한 내용의 댓글 및 허위사실, 출연자에 대한 과한 욕설, 비난 및 조롱 등 악의적인 댓글은 무통보 삭제될 수 있습니다.",KT,https://i.ytimg.com/vi/l__k454-k8s/hqdefault.jpg,마법사가 무한리필 되는 마운드가 있다? 2024 WBSC 프리미어 12 평가전🇰🇷 [위즈티비],l__k454-k8s
"2024 WBSC 프리미어 12
국가대표 예비 명단에 들어간 고엄소박👍
첫 훈련 그 현장은? (ft. SSG 박성한)

#고영표 #엄상백 #소형준 #박영현 #프리미어12 #국가대표 #2024시즌 #V2 #ktwiz #KT위즈 #위즈티비 #위즈 #kt #야구 #KBO #Baseball #KBO리그

*본 영상과 무관한 내용의 댓글 및 허위사실, 출연자에 대한 과한 욕설, 비난 및 조롱 등 악의적인 댓글은 무통보 삭제될 수 있습니다.

00:00 마법사 군단 도착
00:19 어쩐 일이래?
00:33 그라운드 입장
00:43 동안 엄쎄리
00:59 웜업 시간
01:13 신사 브라키오
01:25 파이팅과 곡소리가 공존
01:32 힘들어...
01:49 알뜰살뜰 위즈티비 챙기기
01:56 되로 주고 말로 받기
02:15 쿨톤 공룡
02:25 주장 고영표
02:45 마음 좋아
03:01 팀 컬러가 동안
03:20 열정 과다인 아저씨(?)들
03:56 패트와 매트 논란 (ft. KIA해영, 두산빈)
04:18 훈련 끝!
04:28 영표 인터뷰
05:14 상백 인터뷰
05:57 형준 인터뷰
06:22 영현 인터뷰
06:43 쎄리가 부산에 간 이유
07:10 쎄리는 쿨톤? 웜톤?
07:21 시간 참 빠르다...
07:45 YOUNG한 상백이
07:49 KT티비라뇽... (ft. SSG성한)
08:03 그저 즐거운 대형준
08:17 주장 영표 등장
08:22 ♥차민이♥
08:35 최연장자 영표
09:06 동료에서 적으로
09:25 연습 경기에서 만나요!",KT,https://i.ytimg.com/vi/zhNIsvGeWhc/hqdefault.jpg,시간 참 빠르다... 세월이 야속했던 국대 예비 명단 첫 훈련🇰🇷 (ft. 쓱성한) [위즈티비],zhNIsvGeWhc
"수줍음 가득한 야수조의 직접 쓰는 프로필!
미술 수행평가 만점자의 그림 실력은?

00:00 야수편 시작!
00:10 잠깐!
00:21 자칭 그림 천재 용현이
00:32 그림은 재능
00:39 미술 수행평가 만점자 민석이
00:46 급히 수정...
01:00 승준▶영웅
01:16 영웅▶용현
01:35 용현▶민석
01:50 민석▶서진
02:20 서진▶정환
02:35 정환▶승준
02:53 프로필 작성 시작!
02:55 원상현 미담
03:14 승준TIME
03:59 사실...
04:08 영웅TIME
04:42 영웅이의 찐친 NC 영규 선수
04:57 용현TIME
05:16 강릉고즈 콘텐츠
05:36 민석TIME
05:49 모르겠습니다
06:38 서진TIME
07:00 용현 브이로그 (ft. 서진)
07:17 정환TIME
07:43 박제 완!!
07:55 마지막으로 팬분들께 한마디
08:18 뾰로롱~★

#박민석 #오서진 #이용현 #이정환 #정영웅 #이승준 #신인 #2025 #2024시즌 #V2 #ktwiz #KT위즈 #위즈티비 #위즈 #kt #야구 #KBO #Baseball #신한은행 #SOL #KBO리그

*본 영상과 무관한 내용의 댓글 및 허위사실, 출연자에 대한 과한 욕설, 비난 및 조롱 등 악의적인 댓글은 무통보 삭제될 수 있습니다.",KT,https://i.ytimg.com/vi/dULK6PY876g/hqdefault.jpg,마이쮸 나눠줄 것 같은 새 학기 분위기...🌸 직접 쓰는 미니 프로필 -야수편- [위즈티비],dULK6PY876g
"팬분들과 아직 어색한 2025 신인 선수들을 위해
위즈티비가 준비한 프로필 작성 시간!
근데 이제 그림을 곁들인...🎨

야수조편에서 다시 만나요!

00:00 미리보기
00:16 입단을 축하합니다 (초상화를 곁들인 프로필)
00:25 프로필 배급 
00:39 시작이 어려운 법
00:47 그림 실력은?
01:01 누구 그리는 거야...?
01:12 공사장 소음의 범인
01:25 준혁▶재원
01:47 재원▶동현
02:21 동현▶건우
02:58 건우▶상인
03:21 상인▶준혁
04:01 원만한 합의하시길...
04:23 본격적인 프로필 작성 시간!
04:40 준혁TIME
04:43 어떻게 별명이 경비 아저씨
05:32 재원TIME
05:57 대형준 본인 등판
06:37 그저 부럽...
06:59 동현TIME
08:35 6대4 가르마 동현
09:17 건우TIME
09:25 건우의 암산 교실
10:26 상인TIME
11:20 지우고 싶은 사진...
11:57 팬분들께 한마디
12:18 빠질 수 없는 뾰로롱
12:26 야수편 예고

#김동현 #박건우 #김재원 #박준혁 #윤상인 #신인 #2025 #2024시즌 #V2 #ktwiz #KT위즈 #위즈티비 #위즈 #kt #야구 #KBO #Baseball #신한은행 #SOL #KBO리그

*본 영상과 무관한 내용의 댓글 및 허위사실, 출연자에 대한 과한 욕설, 비난 및 조롱 등 악의적인 댓글은 무통보 삭제될 수 있습니다.",KT,https://i.ytimg.com/vi/b_aGYtF1qsM/hqdefault.jpg,수학계가 놓친 암산 천재가 우리 팀에? 2025 신인들의 직접 쓰는 미니 프로필✏ -투수편- [위즈티비],b_aGYtF1qsM
"올해도 수원 KT위즈파크에 모인 2025 뉴 마법사들과 가족들
구독자 10만 만들어 드리겠다는 당찬 신인들의 하루를 담았습니다

#신인선수 #구장방문 #뉴마법사 #신인 #2024시즌 #V2 #ktwiz #KT위즈 #위즈티비 #위즈 #kt #야구 #KBO #Baseball #신한은행 #SOL #KBO리그

*본 영상과 무관한 내용의 댓글 및 허위사실, 출연자에 대한 과한 욕설, 비난 및 조롱 등 악의적인 댓글은 무통보 삭제될 수 있습니다.

00:00 환영 행사 시작
02:00 제보가 있어요
03:46 프로 첫 사인볼 전달
05:40 위즈티비 10만 만들겠습니다
06:22 선수단 상견례
08:31 시구 행사
10:00 신인 선수들 경기 관람
10:51 떨리는 자기소개
13:40 하루의 마감",KT,https://i.ytimg.com/vi/uE2xckvymIs/hqdefault.jpg,kt wiz의 2025 뉴 마법사들 등장! 응원가쯤은 기본 장착한 신인 입단식🎵[위즈티비],uE2xckvymIs
"kt wiz의 야구는 계속됩니다
가을의 마법사들과 5년 연속 포스트시즌을 함께해 주세요

#5년연속 #포스트시즌 #진출 #가을야구 #2024시즌 #V2 #ktwiz #KT위즈 #위즈티비 #위즈 #kt #야구 #KBO #Baseball #신한은행 

*본 영상과 무관한 내용의 댓글 및 허위사실, 출연자에 대한 과한 욕설, 비난 및 조롱 등 악의적인 댓글은 무통보 삭제될 수 있습니다.",KT,https://i.ytimg.com/vi/NGF8L-hOqkE/hqdefault.jpg,마법 같은 응원에 힘입어 5년 연속 포스트시즌 진출! [위즈티비],NGF8L-hOqkE
"마지막 홈경기 승리와 함께
아직 끝나지 않은 kt wiz의 야구⚾
kt wiz의 가을 마법은 이제부터 시작입니다!

00:00 84만 명의 팬 여러분의 함성으로
00:15 홈 마지막 경기 승리
00:57 그리고 캡틴의 진심 어린 한마디
03:02 더 높은 목표를 향해 나아가겠습니다

#출정식 #타이브레이커 #5위결정전 #2024시즌 #V2 #ktwiz #KT위즈 #위즈티비 #위즈 #kt #야구 #KBO #Baseball #신한은행 #SOL #KBO리그

*본 영상과 무관한 내용의 댓글 및 허위사실, 출연자에 대한 과한 욕설, 비난 및 조롱 등 악의적인 댓글은 무통보 삭제될 수 있습니다.",KT,https://i.ytimg.com/vi/VEkB8NR2gRY/hqdefault.jpg,팬 여러분의 함성으로 만든 kt wiz의 가을 마법을 기대해 주세요🍂 [위즈티비],VEkB8NR2gRY
"선발과 불펜을 오가며 스스로를 믿고 끊임없이 오른 800번의 등판
역대 투수 6번째로 만든 대기록! 축하합니다

#우규민 #800경기출장 #역대투수 #6번째 #2024시즌 #V2 #ktwiz #KT위즈 #위즈티비 #위즈 #kt #야구 #KBO #Baseball #신한은행 #SOL #KBO리그

*본 영상과 무관한 내용의 댓글 및 허위사실, 출연자에 대한 과한 욕설, 비난 및 조롱 등 악의적인 댓글은 무통보 삭제될 수 있습니다.",KT,https://i.ytimg.com/vi/jwD7OsLKk7Q/hqdefault.jpg,우규민 개인 통산 800경기 출장 달성!🎉 [위즈티비],jwD7OsLKk7Q
"포수가 있으면 투수도 있어야 되고 투수가 있으면 야수도...
선수들의 마음까지 사로잡은 피너츠 굿즈🐶
기다려주신 팬분들을 위한 즉흥 이벤트까지!

00:00 스누피 유니폼 대형준 마킹해야 하는 이유
00:50 쎄리의 스누피 유니폼 후기
01:24 드디어! 스누피 유니폼 출시
01:42 영표 형 사줘요!
02:04 영표 형 지갑만 들고 갑니다
02:20 굴러들어온 썸네일
02:28 진짜 귀여워♥
02:47 UM....
02:53 썸네일 완전체
03:39 본격적인 쇼핑 스타트
04:26 쎄리의 모자 사랑
04:56 고퀄스와 대형준의 취향
05:12 즉흥 나눔 이벤트
05:41 쿨결제 완!
06:05 쇼핑 도돌이표
06:57 넙죽
07:20 나눔 방법 결정
07:43 이벤트 하러 가자~
08:24 낚시 갔다와?

#고영표 #엄상백 #소형준 #Peanuts #Snoopy #피너츠 #스누피 #2024시즌 #V2 #ktwiz #KT위즈 #위즈티비 #위즈 #kt #야구 #KBO #Baseball #신한은행 #SOL #KBO리그

*본 영상과 무관한 내용의 댓글 및 허위사실, 출연자에 대한 과한 욕설, 비난 및 조롱 등 악의적인 댓글은 무통보 삭제될 수 있습니다.",KT,https://i.ytimg.com/vi/mgxU8dGxG0s/hqdefault.jpg,※텅장 주의※ 이것도 사면 이것도 사야지! 거침없이 채워지는 장바구니...💸 [위즈티비],mgxU8dGxG0s
"심광호 스카우트가 말하는 11명의 신인 지명 이유와
선수 비하인드까지 모두 말해 드립니다!

#신인드래프트 #드래프트 #신인 #스카우트 #스카우트리포팅 #2025 #2024시즌 #V2 #ktwiz #KT위즈 #위즈티비 #위즈 #kt #야구 #KBO #Baseball #신한은행 #SOL #KBO리그

*본 영상과 무관한 내용의 댓글 및 허위사실, 출연자에 대한 과한 욕설, 비난 및 조롱 등 악의적인 댓글은 무통보 삭제될 수 있습니다.

00:00 드래프트 기준
00:42 김동현 선수 총평
04:03 박건우 선수 총평
05:40 김재원 선수 총평
07:22 박준혁 선수 총평
08:34 박민석 선수 총평
09:23 오서진 선수 총평
10:40 이용현 선수 총평
11:36 윤상인 선수 총평
12:07 이정환 선수 총평
13:14 정영웅 선수 총평
14:10 이승준 선수 총평
15:11 좌완 투수나 포수를 지명하지 않은 이유
16:44 신인 선수들은 어떻게 성장해야 할까?
17:35 김동현 선수 각오
18:41 박건우 선수 각오
19:12 김재원 선수 각오
20:14 박준혁 선수 각오
20:54 박민석 선수 각오
21:41 오서진 선수 각오
22:24 이용현 선수 각오
23:15 윤상인 선수 각오
23:47 이정환 선수 각오
24:31 정영웅 선수 각오
25:10 이승준 선수 각오",KT,https://i.ytimg.com/vi/bWJHS3gkTm4/hqdefault.jpg,스카우트팀 등판! 직접 말하는 2025 신인 드래프트 지명 이유는? [위즈티비],bWJHS3gkTm4
"이걸 어떻게 조용히 먹어요...?
마법사들을 당황시킨 셀프(?) 추석 간식 데시벨 게임🌰🥮
믿고 보는 짝꿍 케미까지! (ft. 뿅망치)

#추석 #한가위 #데시벨 #엄상백 #고영표 #2024시즌 #V2 #ktwiz #KT위즈 #위즈티비 #위즈 #kt #야구 #KBO #Baseball #신한은행 #SOL #KBO리그

00:00 미리보기
00:12 쉿...
00:29 추석하면 생각나는 음식
01:29 추석 특집 데시벨 게임
01:46 첫 번째 타자 상백&영표
02:38 상백이부터 시작
03:52 살벌한 둘리
03:59 영표 시작
05:01 재도전 찬스!
05:23 우리 상백이는요...
05:47 영표의 재도전
06:44 상품 증정
07:20 95즈 등장
07:55 용익이의 도전
08:53 상동이도 도전
09:45 두 번째 음식
10:07 다시 도전
10:15 ????
11:26 민성&준혁
11:44 까꿍
11:52 민성이 도전
12:40 혁이 동생의 도전
14:06 재도전 찬스!
14:45 스껄의 등장
16:20 (섭섭)
16:43 준혁이의 재도전
18:12 상품 증정
19:10 쏘니&째깐이
19:37 프로 유튜바
19:44 쏘니 도전
20:28 째깐이 도전
21:58 체념
22:13 영화관으로 하나 된 현현즈
22:40 상품 증정
23:15 두 얼간이 쌍촐&도미니카맨
23:55 윤석 도저헌
25:36 쌍촐 도즈언
26:25 쌍촐 상품 증정
27:01 마법사들의 추석 인사

*본 영상과 무관한 내용의 댓글 및 허위사실, 출연자에 대한 과한 욕설, 비난 및 조롱 등 악의적인 댓글은 무통보 삭제될 수 있습니다.",KT,https://i.ytimg.com/vi/n0OBWuEEHiA/hqdefault.jpg,풍성한 한가위 보내시라고 풍성한 분량... 그 데시벨을 넘어선 안 돼!🔇 [위즈티비],n0OBWuEEHiA
"편집 중 30번 흘린 눈물로 빚은 대형준의 복귀전 하이라이트
건강하게 돌아와 줘서 고마워 대형준!!!

#소형준 #복귀전 #대형준 #영케이 #데이식스 #눈물주의 #하이라이트 #2024시즌 #V2 #ktwiz #KT위즈 #위즈티비 #위즈 #kt #야구 #KBO #Baseball #신한은행 #SOL #KBO리그

*본 영상과 무관한 내용의 댓글 및 허위사실, 출연자에 대한 과한 욕설, 비난 및 조롱 등 악의적인 댓글은 무통보 삭제될 수 있습니다.",KT,https://i.ytimg.com/vi/3CVQQyHY__U/hqdefault.jpg,491일 동안 기다렸어! 오늘만을 형준이만을 이날을! [위즈티비],3CVQQyHY__U
"위즈티비... 킅동현&킅건우&킅재원...
이 넷의 만남 기쁘다💧
풋풋한 2025 KBO 신인 드래프트 현장!

00:00 2025 KBO 신인 드래프트
00:22 선수들 입장!
00:34 본격적으로 시작
01:02 1라운드 서울고 투수 김동현
03:17 2라운드 충암고 투수 박건우
03:43 3라운드 장충고 투수 김재원
04:14 11인의 신인 마법사들!
04:43 2025 신인들의 단체 사진
04:52우리 가좤...
05:03 위즈티비, 동현, 건우, 재원 넷의 만남 기쁘다
05:53 kt wiz 전통 행사
06:43 킅동현 패밀리
08:32 동현이에게
09:08 킅건우 패밀리
10:15 건우에게
11:08 킅재원 패밀리
12:19 재원이에게
12:39 킅동현 인터뷰
14:49 대주주의 향기가 난다...
15:04 서울고 선배 호백이
15:29 동생이 kt wiz 팬!?
16:16 관심 받는 거 좋아할 나이
16:29 미래 대주주의 콘텐츠 추천
17:20 kt wiz 최장신
17:30 건우.. 웃는다...
17:34 킅건우 인터뷰
19:07 츤데레 건우
19:39 킅재원 인터뷰
21:29 패기 있는 후배
23:08 긴급점검!!!!!!!!!!!!
23:34 킅재원의 첫 구독...
23:45 이 될 뻔 (아무튼 운명)
23:55 신인 필수

#김동현 #박건우 #김재원 #신인드래프트 #2024시즌 #V2 #ktwiz #KT위즈 #위즈티비 #위즈 #kt #야구 #KBO #Baseball #신한은행 #SOL #KBO리그 

*본 영상과 무관한 내용의 댓글 및 허위사실, 출연자에 대한 과한 욕설, 비난 및 조롱 등 악의적인 댓글은 무통보 삭제될 수 있습니다.",KT,https://i.ytimg.com/vi/VI4PPhkYZk0/hqdefault.jpg,🚨긴급점검🚨 위즈티비 구독하셨나요? 아기 마법사들과의 뾰로롱한 첫 만남💫 [위즈티비],VI4PPhkYZk0
"짜앗! 뜨악! 퓨처스 선수들의 엄청난 훈련 열기!
그리고 자랑하고 싶은 내 친구의 이쁜 코👃

#이선우 #한지웅 #이현민 #김주완 #최용준 #서머리그 #퓨처스리그 #퓨처스스토리 #2024시즌 #V2 #ktwiz #KT위즈 #위즈티비 #위즈 #kt #야구 #KBO #Baseball #신한은행 #SOL #KBO리그

*본 영상과 무관한 내용의 댓글 및 허위사실, 출연자에 대한 과한 욕설, 비난 및 조롱 등 악의적인 댓글은 무통보 삭제될 수 있습니다.

00:00 용주 하이!
00:17 용주가 뽑은 미래의 에이스
00:51 뉴페이스3인방
01:10 투수 왕코, 조개소년 김주완
02:08 코 축소 개인기
02:30 해병대 이현민
02:58 현민에게 차현이 형이란?
03:11 반갑습니다! 최용준
03:40 병장 만기 전역 한지웅
04:13 동현PD의 디렉팅
04:38 패기의 한지웅
04:51 팩트 체크
05:03 비포
05:45 에프터
06:02 투수조 야외 훈련
06:14 준명이와 홍코치님
07:09 실망한 찬웅이 형
07:25 바로 증명!
08:21 뼈가 되고 살이 되는 말씀
09:08 웅이 형의 피드백
09:41 민성이 투구
10:27 이야기 보따리 오픈
11:08 퓨처스 스토리 엔딩",KT,https://i.ytimg.com/vi/Wr3TPWkQan4/hqdefault.jpg,쉰다는 게 뭐죠?! 지금 쉴 때가 아닙니다! ft.뉴페이스들 3인방 [퓨처스 스토리],Wr3TPWkQan4
"시그니처 지원의 시구 교육을 하게 된 상현
웜업이 완료된 까닭은?

#시구 #시구교육 #원상현 #시그니처 #지원 #2024시즌 #V2 #ktwiz #KT위즈 #위즈티비 #위즈 #kt #야구 #KBO #Baseball #신한은행 #SOL #KBO리그

00:00 시구자 사인볼
00:21 위닝보드 작성
00:48 시구 준비는 어떻게?
01:07 시구 선생님 등장
01:25 마음의 준비가 안 되었는데
01:50 투구는 이렇게 하는겁니다
02:19 문제점 해결
03:07 와인드업도 알려주세요
04:14 또 다른 문제점
04:40 선생님은 어떤 사람?
05:00 웜업 끝
05:40 Y워터 노래방 1열 직관

*본 영상과 무관한 내용의 댓글 및 허위사실, 출연자에 대한 과한 욕설, 비난 및 조롱 등 악의적인 댓글은 무통보 삭제될 수 있습니다.",KT,https://i.ytimg.com/vi/KtdSSECfVPk/hqdefault.jpg,상현이의 시구 교육 비하인드! 시구 교육은 처음이라💦 [위즈티비],KtdSSECfVPk
"변해야 산다! 새로운 모습을 보여주기 위해 오늘도 뛰는 익산 퓨처스!
재활과 부상에서 밝은 모습으로 돌아온 그리웠던 얼굴들😁

00:00 이 형이 왜이래?
00:30 극한의 수련 중인 국가대표 성민
01:11 용감한 태완이
01:23 세계 최초 딸꾹질 직캠
01:57 해치웠나?
02:03 도련님의 근황
02:36 상백이 형이 보고싶어요
02:52 배드민턴 국가대표 안세영
03:55 강건의 아버지?
04:17 아버지 눈물 버튼
04:27 최고의 선배 쿠에바스
04:47 미니 쿠에바스
05:21 선발 투수 문용익
05:43 청명이의 근황
05:50 형준이의 룸메 청명
06:08 육버지
07:00 청명이의 야망
07:10 10만 달성 공약 박제
07:42 안대영!
08:07 규대를 소개합니다
08:33 베스트 프렌드
08:54 현인 후임 확정
09:24 상무 선배의 조언
09:39 극락 좌표❤️
09:51 행군 무서웡
10:25 현인 vs 영현 외모 대결
11:15 이등병 삐약이
12:21 현민이 머리 추천
12:38 아트 스윙
12:54 깜짝 선물
13:24 볼록 vs 뽈록
13:54 야수 훈련 시작
14:03 특별한 천병장 직캠
14:49 팔뚝맨과의 인터뷰
17:44 도발
18:05 준영이 얘기 좀 들어줘요
18:48 삭발 커밍쑨
19:06 영혼 감별사
19:14 강제 당근
19:41 텐션 올려!
20:26 철호? 동진이?
21:50 서울시리즈 티셔츠 구합니다
22:00 오타니 마인드!
22:28 준규의 MBTI
22:55 럭키비키잖앙
22:58 유신고의 난
23:23 이상한 정현이
24:37 뒤돌아보지 마
24:45 포수즈 번트 훈련
26:52 현우에게 초롱이란?
27:20 고기 파티!
27:46 민석이에게 현우란?

*본 영상과 무관한 내용의 댓글 및 허위사실, 출연자에 대한 과한 욕설, 비난 및 조롱 등 악의적인 댓글은 무통보 삭제될 수 있습니다.

#육청명 #이호연 #강건 #문용익 #이정현 #정준영 #서머리그 #퓨처스리그 #퓨처스스토리 #재활 #근황 #2024시즌 #V2 #ktwiz #KT위즈 #위즈티비 #위즈 #kt #야구 #KBO #Baseball #신한은행 #SOL #KBO리그",KT,https://i.ytimg.com/vi/rDPKA8BA0Jk/hqdefault.jpg,??? : 구독자 10만이요? 시키는 거 다 하겠습니다! 제발 저 시켜주세요! [퓨처스 스토리],rDPKA8BA0Jk
"8월의 뜨거운 태양 아래에서도 익산 퓨처스는 멈추지 않는다!
각자의 목표를 향해 오늘도 구슬땀을 흘리는 퓨처스 선수들!

#소형준 #손동현 #오윤석 #서머리그 #퓨처스리그 #퓨처스스토리 #재활 #근황 #2024시즌 #V2 #ktwiz #KT위즈 #위즈티비 #위즈 #kt #야구 #KBO #Baseball #신한은행 #SOL #KBO리그

00:00 웰컴 투 익산
00:02 웰컴 감자
00:32 전역 1일차 우종휘
01:15 피파 대회 ㄱㄱ
02:38 익산 김종국
03:21 현민이 재활 보고
04:25 PRO 오윤석
04:49 윤석의 근황
05:45 운동 메이트 현민 & 윤석
06:24 쏟아지는 극찬
06:55 후회하고 있어요~♬
08:19 아 쉬자고 쫌!!!!!
08:24 세상에 이런 일이
08:40 간 때문이야
09:01 정신 차리세요 용사님
10:06 헬스 1일차 국룰
10:12 태양 속으로...
10:36 우리 애 좀 보세요♥
10:43 지민의 꿈은 이루어진다 ★
10:52 육성조 타격 훈련
11:03 호준이의 근황 토크
11:57 건강하게만 자라다오
12:20 정태의 근황 토크
12:41 이등병 류현인 근황
12:56 현인 vs 영현 외모 대결?!
13:10 대형준 재활 훈련
13:35 삶은 감자
13:46 대형준의 근황 토크
13:57 억텐 뭐야?!
14:22 형준적사고
14:51 제가 누군지 아세요?
15:20 실버 버튼 언박싱 예약
15:33 위기의 대주주
16:23 가진 자의 여유
16:46 게임의 효능
17:09 쏘니의 재활 훈련
19:07 손동현 할 수 있따!
20:19 미안요
20:37 하극상ON
20:52 강민성 리포터
21:05 삐약이의 상무 예습
21:12 물 다 끓었다!
21:24 성대 갈아 끼우기
21:57 상무 체조 미리보기
22:03 로켓단
22:14 준영 설득 대작전
22:30 세상 많이 좋아졌네

*본 영상과 무관한 내용의 댓글 및 허위사실, 출연자에 대한 과한 욕설, 비난 및 조롱 등 악의적인 댓글은 무통보 삭제될 수 있습니다.",KT,https://i.ytimg.com/vi/ex_vliXhfiw/hqdefault.jpg,여기가 어디라고 와요🔥35도 익산에서 보내드리는 재활 근황💪 [퓨처스 스토리],ex_vliXhfiw
"많이 기다리셨죠? 드디어 찍은 한강천냥이 릴스🎬
나랑 같이 찍어줘 제발...💧 (ft. 릴스 전문가 동현)

#천성호 #릴스 #한강고양이 #2024시즌 #V2 #ktwiz #KT위즈 #위즈티비 #위즈 #kt #야구 #KBO #Baseball #신한은행 #SOL #KBO리그

00:00 릴스 벌칙 확정
00:07 한강 고양이 메이트 찾기
00:11 후보1. 준타이
00:19 후보2. 도미니카맨
00:26 후보3. 파퀴아오
00:36 장소 이동
00:43 릴스 전문가 등장
00:46 릴스 사기단
01:12 아이스크림 취향?
01:22 진짜 찍어요? (네)
01:26 오래 기다리셨습니다...
01:36 릴스 전문가인 이유
01:43 천병장의 페이보릿 아이스크림
01:53 (같이 찍어줘)
02:06 울겠다...
02:11 진짜 시작
02:30 진짜 진짜 시작
02:45 진짜 진짜 진짜 시작
02:53 실시간 선임 반응
03:04 진짜 진짜 진짜 진짜 시작
03:16 만족
03:23 릴스 전문가의 한 줄 평

*본 영상과 무관한 내용의 댓글 및 허위사실, 출연자에 대한 과한 욕설, 비난 및 조롱 등 악의적인 댓글은 무통보 삭제될 수 있습니다.",KT,https://i.ytimg.com/vi/nBm3PnrkeTM/hqdefault.jpg,다 녹은 한강 위로 천냥이가 걸어 다닙니다...🐈 [위즈티비],nBm3PnrkeTM
"뜨거운 여름 vs 뜨거운 방망이
한여름 태양도 놀란 익산 퓨처스의 핫한 방망이!

00:00 퓨처스 서머리그 시작!
01:54 천병장 싹쓸이 3루타
02:20 빠른 발 준타이 3루타
02:30 깡포수 결승타
03:24 ✋
03:52 수훈 선수 천성호 인터뷰
05:06 미니 워터페스티벌💦
05:47 예...맞는 것 같아요
06:40 NEW 외야 글러브
07:11 수훈 선수 강현우 인터뷰
09:10 댕큰 마무리!

#퓨처스리그 #서머리그 #역전승 #강현우 #천성호 #2024시즌 #V2 #ktwiz #KT위즈 #위즈티비 #위즈 #kt #야구 #KBO #Baseball #신한은행 #SOL #KBO리그

*본 영상과 무관한 내용의 댓글 및 허위사실, 출연자에 대한 과한 욕설, 비난 및 조롱 등 악의적인 댓글은 무통보 삭제될 수 있습니다.",KT,https://i.ytimg.com/vi/MFF7HXEGQjY/hqdefault.jpg,속보) 익산 퓨처스 방망이 한여름보다 뜨거워... 역전승 하이라이트 [퓨처스 스토리],MFF7HXEGQjY
"위즈티비배 복불복 사격대회 개최🎊
1등을 차지한 선수는 *** 출신?!

#사격 #세계대회 #메달 #2024시즌 #V2 #ktwiz #KT위즈 #위즈티비 #위즈 #kt #야구 #KBO #Baseball #신한은행 #SOL #KBO리그

00:00 미리보기
00:10 사격대회 개최
00:24 구경꾼들
02:18 도전자①권이
03:36 현재 1위
03:49 도전자②시영
04:34 100점..?!
05:54 권총 쏴본 남자 (ft. JSA)
06:16 도전자③준혁
06:25 밥 먹어라~
06:34 구구단 외면서 쏘기
07:35 도전자④쌍촐
08:03 총알 강탈 시도
08:26 도전자⑤쎄리
09:12 쎄리의 분노 단계
09:48 빵점 클럽 오픈
10:02 도전자⑥만호 코치님
10:27 아째스까잉...
10:58 이현의 사격 맛보기 스푼
11:29 도전자⑦알감자
11:46 코끼리 코 다섯 바퀴(?)
12:36 도전자⑧삐약이
12:47 슬픔이 등장
13:45 만발사수 출신 혀누
14:08 도전자⑨깡혀누
14:52 도전자⑩민이
15:08 찌릿찌릿...
15:55 과감한 빵점 클럽 가입
16:02 도전자⑪이진 아빠
16:09 민수의 최애 응원가
16:46 총 편식
17:42 도전자⑫치타심
19:23 또백호
19:38 도전자⑬쿠
20:45 마운드 눈빛 장착
21:25 최종 순위
21:34 미니게임: 딱밤 내기

*본 영상과 무관한 내용의 댓글 및 허위사실, 출연자에 대한 과한 욕설, 비난 및 조롱 등 악의적인 댓글은 무통보 삭제될 수 있습니다.",KT,https://i.ytimg.com/vi/q-Ey7SI6V0c/hqdefault.jpg,사격에 진심(?)인 마법사들? 그치만 여러분은 야구선수잖아요... [위즈티비],q-Ey7SI6V0c
"비를 부르는 레인맨 & 위즈티비 도핑썰 & 오늘 저녁 메뉴 추천까지
우천 취소 퇴근길 직캠📹

#우천취소 #퇴근길 #레인맨 #저녁메뉴추천 #꽃게찜 #도핑 #2024시즌 #V2 #ktwiz #KT위즈 #위즈티비 #위즈 #kt #야구 #KBO #Baseball #신한은행 #SOL #KBO리그

00:00 쏟아지는 폭우
00:07 본기의 날씨 분석
00:17 일해라 위즈티비
00:21 레인맨을 만나다...☔
00:45 우취 엔딩
00:47 사실 이상동 깜짝카메라
01:00 취소!
01:15 사탄도 놀랐다!
01:32 서비의 미니 생일 파티
01:38 찐 서운
01:44 레인맨이 간다 비켜라!
01:50 정대 피셜 패숀
02:10 애니 보러 가야지!
02:22 캡틴의 저메추
02:40 커피 한 잔 해!
02:49 위즈티비 도핑 실시해
03:07 KT 한국어학당
03:17 꿈의 직장
03:22 스태프 어셈블
03:27 스펠링 이슈?!


*본 영상과 무관한 내용의 댓글 및 허위사실, 출연자에 대한 과한 욕설, 비난 및 조롱 등 악의적인 댓글은 무통보 삭제될 수 있습니다.",KT,https://i.ytimg.com/vi/XJsXlOn9taQ/hqdefault.jpg,도핑은 위즈티비가 해야 돼(?) 우천 취소 퇴근길☔ [위즈티비],XJsXlOn9taQ
"Y워터클럽을 가장한 정신력 훈련💦
민이가 팬에게 유니폼 준 사연은?

00:00 민이 단상 리프트에 등장
00:12 Y워터클럽 스타트
00:35 민이가 물총 쏘는 법
01:22 휴전 타임
01:50 가을야구 갈거니까!
02:08 2차전 스타트
02:22 싱어송라이터 민이
02:44 1차 정면 승부
02:51 1차 실패
03:20 2차 정면 승부
03:29 수싸움에서 완패
03:41 작전 변경
03:54 팬서비스를 위한 작전이었다
04:44 재밌었당

#김민 #워터페스티벌 #Y워터클럽 #2024시즌 #V2 #ktwiz #KT위즈 #위즈티비 #위즈 #kt #야구 #KBO #Baseball #신한은행 #SOL #KBO리그

*본 영상과 무관한 내용의 댓글 및 허위사실, 출연자에 대한 과한 욕설, 비난 및 조롱 등 악의적인 댓글은 무통보 삭제될 수 있습니다.",KT,https://i.ytimg.com/vi/fq7syWgMg-Q/hqdefault.jpg,정확한 제구력으로 붙는 물총 승부🥽 민이의 Y워터클럽 체험기 [위즈티비],fq7syWgMg-Q
"이번 여름 화끈한 휴가를 원한다면?
수원KT위즈파크로 여러분을 초대합니다👋

📅
7월 30일 ~ 8월 1일
vs 한화 이글스

8월 3일 ~ 8월 4일 (원정 Y 워터페스티벌)
vs NC 다이노스
* 8월 3일(토) 이원 생중계

8월 9일 ~ 8월 11일
vs 롯데 자이언츠

8월 16일 ~ 8월 18일
vs 두산 베어스

#Y워터페스티벌 #수원KT위즈파크 #2024시즌 #ktwiz #KT위즈 #위즈티비 #위즈 #kt #야구 #KBO #Baseball #프로야구

*본 영상과 무관한 내용의 댓글 및 허위사실, 출연자에 대한 과한 욕설, 비난 및 조롱 등 악의적인 댓글은 무통보 삭제될 수 있습니다.",KT,https://i.ytimg.com/vi/vj79Bs_wW0M/hqdefault.jpg,水속성 위즈가 준비한 역대급 워터페스티벌!💦 2024 kt wiz Y WATER FESTIVAL [위즈티비],vj79Bs_wW0M
"워터페스티벌인가요? 아니요 우취 세리머니입니다💦
준영, 준혁, 백호의 팬들을 위한 폭우 속 슬라이딩💦

#우취세리머니 #우천취소 #강백호 #정준영 #윤준혁 #워터페스티벌 #2024시즌 #V2 #ktwiz #KT위즈 #위즈티비 #위즈 #kt #야구 #KBO #Baseball #신한은행 #SOL #KBO리그

00:00 아쉽게 우천 취소
00:08 삐약이 세리머니 준비
00:35 삐약이 출발!
00:59 준영이 다이빙💦
01:06 비디오 판독 신청!
01:28 준혁이 출발!
01:51 준혁이 다이빙💦
01:52 크핰
02:03 가랏! 강백호!
02:34 호백이 달린다
02:54 백호 다이빙💦

*본 영상과 무관한 내용의 댓글 및 허위사실, 출연자에 대한 과한 욕설, 비난 및 조롱 등 악의적인 댓글은 무통보 삭제될 수 있습니다.",KT,https://i.ytimg.com/vi/WqeUQUrYlck/hqdefault.jpg,우리가 경기가 없지! 우취 세리머니가 없냐! 준영 & 준혁 & 백호의 우취 세리머니☔ [위즈티비],WqeUQUrYlck
"국방의 의무를 마치고 상무에서 돌아왔다!!! 
갓 전역한 심우준과 권동진의 전역 당일 인터뷰!

#전역 #심우준 #권동진 #치타심 #알감자 #상무 #2024시즌 #V2 #ktwiz #KT위즈 #위즈티비 #위즈 #kt #야구 #KBO #Baseball #신한은행 #SOL #KBO리그",KT,https://i.ytimg.com/vi/JhM-QnpsXPg/hqdefault.jpg,치타와 알감자는 웃고있다! 상무 전역 당일 생생 인터뷰🎙 [위즈티비],JhM-QnpsXPg
"티라노사우루스 장갑은 손가락이 5개 vs 3개?
황스타의 번외 질문까지!
팬 여러분들의 의견은?

00:00 왠지 누군가가 떠오른다..
00:06 당사자가 답변해드립니다
00:37 장난해요?
00:50 차민이 삼촌 근황
01:06 엄쎄리 최측근들 (1)
01:44 황스타의 번외 질문 (feat. 티라노사우루스 장갑)
02:58 엄쎄리 최측근들 (2)

#엄상백 #브라키오 #쎄리 #2024시즌 #V2 #ktwiz #KT위즈 #위즈티비 #위즈 #kt #야구 #KBO #Baseball #신한은행 #SOL #KBO리그",KT,https://i.ytimg.com/vi/t2hKC3CQuH8/hqdefault.jpg,브라키오 터틀넥&넥타이 논쟁! 당사자(?) 쎄리가 답변해 드립니다🦕 [위즈티비],t2hKC3CQuH8
"#로하스 #문상철 #홈런 #끝내기 #ktwiz #kt위즈 #위즈티비 #kt #위즈 #야구 #프로야구 #kbo #baseball

해당영상은 일간스포츠와 kt wiz가 함께 진행한 실무프로젝트 우수 콘텐츠입니다.

▼영상 제작 참여 인원 명단
한수진 민승원 박민정 김은수 김지언 문현서 박재아 임현지 정다민 박준영",KT,https://i.ytimg.com/vi/DcjVZ6dBR7U/hqdefault.jpg,[덕(Dug)질 모먼트] kt wiz - Ready Get Set Go🎵 #홈런,DcjVZ6dBR7U
"고사리(?) 같은 손으로 자체 제작한
성우&민이의 올스타전 기념 유니폼💫

⚾장성우 유니폼 이벤트⚾
'내가 장성우 팬이다!'를 증명할 수 있는 에피소드를 남겨주세요

⚾김민 유니폼 이벤트⚾
상무시절 김민 선수의 등번호는 몇 번 일까요?

✅이벤트 기간 : 2024년 7월 3일 23시 59분까지
✅당첨자 발표 : 당첨된 댓글에 답댓글로 발표 및 안내
✅이벤트 유니폼은 7/6 올스타전 당일 인천SSG랜더스필드에서 직접 전달 예정입니다

*** 꼭!꼭! 올스타전에 오시는 팬 여러분들의 참여 부탁 드립니다***

#올스타전 #장성우 #김민 #유니폼꾸미기 #2024시즌 #V2 #ktwiz #KT위즈 #위즈티비 #위즈 #kt #야구 #KBO #Baseball #신한은행 #SOL #KBO리그


00:00 맛보기 하이라이트
00:20 유니폼 쇼핑 시작🛍️
00:55 남자라면 핑크
01:25 작아진 상남자
02:11 제일 신나는 시간 💸
03:02 유니폼 꾸미기 시작
03:54 김다니엘 김망치 김두팔
04:18 FA 얼마 남았죠?
04:37 To.팬들에게(?)
05:00 올스타전 포포몬스 회의
05:34 유신고의 간G
06:12 민이 유니폼 완성
06:25 짱포수 등장
06:32 혼자 바르게 살면 되지
06:54 츤데레의 정석
07:11 유니폼 꾸미기 시작
08:46 짱포수의 미니 토크쇼
09:13 짱포수가 인정하는 최고의 1루수 
09:41 소문난 루틴 부자 김태군 🐯
10:39 우리 친구 아이가?
11:06 도루 성공률 100%
12:28 도루 저지는 다 투수 탓이야
13:36 야구는 무조건 투수야
14:19 ?????
14:43 자 이제 누가 엄상백이지? 🦕
14:51 장성우에게 김민이란?
15:26 유니폼 이벤트",KT,https://i.ytimg.com/vi/nS_CWblQPrY/hqdefault.jpg,세상에 하나뿐인 유니폼?! 올스타전을 위해 준비했습니다 *이벤트 있음* [위즈티비],nS_CWblQPrY
"#엄상백 #삼진 #등장곡 #하늘을달리다 #ktwiz #kt위즈 #위즈티비 #kt #위즈 #야구 #프로야구 #kbo #baseball

해당영상은 일간스포츠와 kt wiz가 함께 진행한 실무프로젝트 우수 콘텐츠입니다.

▼영상 제작 참여 인원 명단
한수진 민승원 박민정 김은수 김지언 문현서 박재아 임현지 정다민 박준영",KT,https://i.ytimg.com/vi/U2gsaOMHHyY/hqdefault.jpg,"[덕(Dug)질 모먼트] 창룡문 지킴이 #엄상백, 마운드도 지키다!🦕",U2gsaOMHHyY
"후후...결국 클릭을 하셨군요...? KT뽕! 도파민! 바로 들어갑니다!
이어폰을 끼는 순간 나는 대역전극의 순간 속으로... 💫

#응원직캠 #응원가 #역전승 #야구장응원 #떼창 #도파민 #시청주의 #2024시즌 #V2 #ktwiz #KT위즈 #위즈티비 #위즈 #kt #야구 #KBO #Baseball #신한은행 #sol  #KBO리그

00:00 오재일 NEW 응원가
01:16 오재일 NEW 응원가 한 번 더
01:58 7회말 선두 타자 볼넷 출루
02:18 쌍촐 등장곡
02:37 KT 문상촐 워어오어오어
02:58 쌍촐 안타!
03:36 날려버려! 황재균!
03:57 황재규운~ 황재규운~
04:48 럭키비키 소리 질러!
04:57 kt wiz 승리하라~워우워우워
05:26 승리를 위하여!
05:55 빠 밤 빠 바 바 7번 타자 김!상!수!
06:19  2타점 쨔스!!! ⚾
06:34 상수우!!!!!!!!!!
06:59 주일적사고 주입
07:07 오윤서억! 리듬에 맞춰! 오윤석!
07:22 짱포수 등장
07:50 KT에 장성우~ 워우워우워
08:30 KT에 로하스~워!
09:21 홈런 로하스!
09:44 오! 로하스!
10:12 기타 장전🎸
10:32 강↘백↗호↘워우워어 
11:11 백호야 해줘! ⚾
12:00 킹민의 삼진
12:17 짜자작 김!민!
12:12 9회말 선두 타자 황재균의 2루타
12:46 수원KT위즈파크 폭발 직전
13:12 상수 번트 준비!
13:52 비디오 판독
14:10 포청천
14:45 상수의 천금같은 번트
14:52 대타 강현우
15:23 kt wiz 승리 위해 강현우
15:39 스트레이트 볼넷!
16:01 현빈보다 홍현빈 등장
16:19 현우 대주자 교체
16:34 현우 칭찬 버튼
16:48 끝!",KT,https://i.ytimg.com/vi/SqM2jnJF6Xk/hqdefault.jpg,🚨시청 주의🚨절대 잠들기 전에 보면 안되는 영상... [위즈티비],SqM2jnJF6Xk
"무더운 여름, 더위를 날려줄 원조 워터페스티벌이 돌아왔다!
수원KT위즈파크에서 만나요👋

📅
7월 19일 ~ 7월 21일
vs NC 다이노스

7월 23일 ~ 7월 25일
vs SSG 랜더스

7월 30일 ~ 8월 1일
vs 한화 이글스

8월 9일 ~ 8월 11일
vs 롯데 자이언츠

8월 16일 ~ 8월 18일
vs 두산 베어스",KT,https://i.ytimg.com/vi/_AAzpC_O4uM/hqdefault.jpg,역.대.급 규모 Y워터페스티벌💦 오직 수원에서만! 2024 kt wiz Y WATER FESTIVAL [위즈티비],_AAzpC_O4uM
"귀여움+귀여움+귀여움+귀여움
영상이 끝나질 않는 마성의 주니어 모먼트!

#로하스 #쿠에바스 #주니어 #힐링영상 #2024시즌 #V2 #ktwiz #KT위즈 #위즈티비 #위즈 #kt #야구 #KBO #Baseball #신한은행 #SOL #KBO리그",KT,https://i.ytimg.com/vi/lKChPFvnLx4/hqdefault.jpg,본격 광대 상승 영상👼🏻 쿠에바스&로하스 주니어 강림! [위즈티비],lKChPFvnLx4
"캡틴 로하스, 쿠에바스 병장, 벤자민 일병의 한국 군대 PX 먹방
외국인 선수들의 입맛을 사로잡은 군대 음식은?

00:00 오프닝
00:16 선수입장
00:55 와 이건 좀...
01:21 군복 체험
02:00 경례 배우기
03:02 군복 러버
03:34 참치 크래커
05:43 식사 도구 고르기
06:14 공간춘 & 빅팜
09:03 크림우동
10:37 슈넬치킨
11:31 건프레이크
13:13 커피 우유
14:04 식사 종료

#외국인선수 #PX #먹방 #군대 #로하스 #쿠에바스 #벤자민 #2024시즌 #V2 #ktwiz #KT위즈 #위즈티비 #위즈 #kt #야구 #KBO #Baseball #신한은행 #SOL #KBO리그",KT,https://i.ytimg.com/vi/v5GzcvSFYHQ/hqdefault.jpg,군대 PX 음식을 먹어본 외국인 선수들의 반응은?! [위즈티비],v5GzcvSFYHQ
"김도영 vs 노시환? 맥키넌 vs 페라자?
얼마 안 남은 올스타전! 선수단 투표 엿보기👀

6월 16일 마감인 팬 투표도 많은 투표 부탁드립니다!

#올스타 #투표 #비밀 #V2 #ktwiz #KT위즈 #위즈티비 #위즈 #kt #야구 #KBO #Baseball #신한은행 #SOL #KBO리그",KT,https://i.ytimg.com/vi/WrNjE7uzDIg/hqdefault.jpg,기가 맥키넌 vs 안티티티티 페라자? kt wiz가 뽑은 올스타는? [위즈티비],WrNjE7uzDIg
"어차피 가야 되는 거 즐기자(?)
상무 선배들이 준 유용한 꿀팁은..?💡

#류현인 #김정운 #상무 #입대 #2024시즌 #V2 #ktwiz #KT위즈 #위즈티비 #위즈 #kt #야구 #KBO #Baseball #신한은행 #SOL #KBO리그",KT,https://i.ytimg.com/vi/pHbVetdqZA4/hqdefault.jpg,충성! 현인&정운 오늘 입대합니다! 근데 이제 럭키비키를 곁들인... [위즈티비],pHbVetdqZA4
"키토 다이어트부터 위즈티비 구독까지 다 물어봤습니다!
트레이드 후 첫 출근! 세상에서 제일 바쁜 재일의 하루💦

#오재일 #키토다이어트 #트레이드 #경력직신입 #2024시즌 #V2 #ktwiz #KT위즈 #위즈티비 #위즈 #KT #야구 #KBO #Baseball #프로야구",KT,https://i.ytimg.com/vi/SPAzSpMjukA/hqdefault.jpg,컴온 루키! 오재일 어디 있어?! 진땀 나는 경력직 신입의 첫 출근 💦[위즈티비],SPAzSpMjukA
"kt wiz 3루수 박정현 출전!?
세계 최초 감성 자극하는 분유 어필🍼

#올스타전 #투표 #2024시즌 #V2 #ktwiz #KT위즈 #위즈티비 #위즈 #kt #야구 #KBO #Baseball #신한은행 #SOL #KBO리그",KT,https://i.ytimg.com/vi/4JghvYla7So/hqdefault.jpg,당신의 소중한 한 표! 올스타를 만듭니다 💫 [위즈티비],4JghvYla7So
"우천 취소 대기하면서 덕아웃에서 일어난 일
방수포 없이 맨땅에 우취 세리머니? 익산에서 커피만 17만원 결제할 썰😂

#강백호 #천성호 #우취 #세리머니 #V2 #ktwiz #KT위즈 #위즈티비 #위즈 #kt #야구 #KBO #Baseball #신한은행 #SOL #KBO리그",KT,https://i.ytimg.com/vi/8vOITESFHB4/hqdefault.jpg,우취 세리머니로 팬들 앞에서 상탈하고 포징하겠습니다(?) [위즈티비],8vOITESFHB4
"야구 선수들은 우천 취소 때 뭐해요?
우취 비하인드였는데 범죄도시4 후기가 되어버린 영상..😂

#박영현 #원상현 #손동현 #우취 #범죄도시 #나는솔로 #V2 #ktwiz #KT위즈 #위즈티비 #위즈 #kt #야구 #KBO #Baseball #신한은행 #SOL #KBO리그",KT,https://i.ytimg.com/vi/BZ_fZfnaxGk/hqdefault.jpg,우취 비하인드 안 봐도 괜찮겠어? 나만 안 보면 외롭지... [위즈티비],BZ_fZfnaxGk
"매 경기 전력을 다해 꾸준히 쌓아 올린 '잘 치른' 경기로
KBO 통산 400승을 달성했습니다
더 높은 곳까지 TEAM KT가 함께 하겠습니다!

#이강철 #이강철감독 #400승 #통산16번째 #2024시즌 #V2 #ktwiz #KT위즈 #위즈티비 #위즈 #kt #야구 #KBO #Baseball #신한은행 #SOL #KBO리그",KT,https://i.ytimg.com/vi/kyBHrabdG3c/hqdefault.jpg,이강철 감독 KBO 통산 16번째 400승 달성🎊 [위즈티비],kyBHrabdG3c
"첫눈에 반해버렸어! 기적 같은 행운이 만들어낸🍀
외국인 선수들과 아내들의 운명적인 첫 만남 이야기❤

#벤자민 #쿠에바스 #로하스 #첫만남 #결혼 #와이프 #아내 #외국인선수 #가정의달 #V2 #ktwiz #KT위즈 #위즈티비 #위즈 #kt #야구 #KBO #Baseball #신한은행 #SOL #KBO리그",KT,https://i.ytimg.com/vi/JTvBegcGKGg/hqdefault.jpg,이게 바로 운명의 데스티니 ❤ 외국인 선수들과 아내들의 운명적 첫 만남 이야기 [위즈티비],JTvBegcGKGg
"결혼 하기 전까지는 어린이라고요?!
진땀 쏙 뺀 어린이날 시리즈 위즈 펑고까지!💦

#어린이날 #선물 #펑고 #2024시즌 #V2 #ktwiz #KT위즈 #위즈티비 #위즈 #kt #야구 #KBO #Baseball #신한은행 #SOL #KBO리그",KT,https://i.ytimg.com/vi/c6ysCffq3Sc/hqdefault.jpg,어린이는 몇 살까지?! 어린이날 시리즈 비하인드🎥 [위즈티비],c6ysCffq3Sc
"앞으로 청명이와 kt wiz가 함께 채워갈 승리의 페이지!
청명이 첫 승 축하한다앜!!!!!

#육청명 #데뷔첫승 #신인선수 #고졸신인 #슈퍼루키 #하이라이트 #데이식스 #한페이지가될수있게 #2024시즌 #V2 #ktwiz #KT위즈 #위즈티비 #위즈 #kt #야구 #KBO #Baseball #신한은행 #SOL #KBO리그",KT,https://i.ytimg.com/vi/wbgiCsAApTI/hqdefault.jpg,육청명의 아름다운 청춘의 한 장! 프로 데뷔 첫 승 H/L [위즈티비],wbgiCsAApTI
"뜨거웠던 어린이날 시리즈 3연승의 순간!
모든 경기를 촬영할 수 없는 점 양해 부탁드립니다🙏

#아파트 #응원가 #응원직캠 #떼창 #응원전 #2024시즌 #V2 #ktwiz #KT위즈 #위즈티비 #위즈 #KT #야구 #KBO #Baseball #프로야구

00:00 KT의 장성우
01:08 직관 0.5열
01:18 학종이 아저씨 적시타
01:44 황재규운~
01:58 황스타의 전력 질주
02:18 승리 위해 나타났다 KT 조용호
02:30 조용호 연속 안타
02:54 호백이 등장곡
03:14 kt wiz 강백호우 
03:24 호백이 11호 홈런
04:14 박뱅 등장곡
04:33 kt wiz 박병호우
05:25 박뱅 안타 
06:01 병준이의 센스 있는 주루
06:14 kt wiz 승리하라!
06:28 kt wiz 김미녀억
06:57 혁이 적시타
07:11 누구쎼요! 킹파트!
08:47 뽄기의 안타",KT,https://i.ytimg.com/vi/Y50KqMJCyBI/hqdefault.jpg,kt wiz의 아파트 떼창은 감동이 되❤ 5월 4일 응원직캠📹  [위즈티비],Y50KqMJCyBI
"왜 왔냐고요! 따뜻함을 넘쳐 뜨거운 환영과 함께한 형준이의 재활일기
그리고 오랜만에 만난 반가운 얼둘들 명성, 현민, 준규!

#소형준 #지명성 #유준규 #안현민 #전역 #재활 #대형준 #익산 #퓨처스 #2024시즌 #V2 #ktwiz #KT위즈 #위즈티비 #위즈 #kt #야구 #KBO #Baseball #신한은행 #SOL #KBO리그",KT,https://i.ytimg.com/vi/6Zu9x9VCz7k/hqdefault.jpg,대형준 복귀 날짜 공개?! 소형준의 재활일기 with 돌아온 병장님들 [퓨처스 스토리],6Zu9x9VCz7k
"4전 5기 6이닝 무실점 원상현의 완벽 투구 하이라이트!
속닥속닥... (육청명! 다음은 너야!)

#원상현 #데뷔첫승 #퀄리티스타트 #고졸신인 #신인선수 #슈퍼루키 #하이라이트 #2024시즌 #V2 #ktwiz #KT위즈 #위즈티비 #위즈 #kt #야구 #KBO #Baseball #신한은행 #SOL #KBO리그",KT,https://i.ytimg.com/vi/465U8rtmAtI/hqdefault.jpg,눈빛 원상현👀✨ 슈퍼 루키의 프로 데뷔 첫 승 하이라이트 [위즈티비],465U8rtmAtI
#원상현 #데뷔첫승 #세리머니 #워터파크 #고졸신인 #포카리 #슈퍼루키 #2024시즌 #V2 #ktwiz #KT위즈 #위즈티비 #위즈 #kt #야구 #KBO #Baseball #신한은행 #SOL #KBO리그,KT,https://i.ytimg.com/vi/vLHHnF75G74/hqdefault.jpg,상현이의 프로 데뷔 첫 승의 맛은 포카리? [위즈티비],vLHHnF75G74
"또 녹아내리는 체인지업 던지겠지 아니면 하이 패스트볼?
릴스 촬영을 두고 펼쳐지는 눈치싸움👀

#고영표 #박영현 #컴투스프로야구 #2024시즌 #V2 #ktwiz #KT위즈 #위즈티비 #위즈 #kt #야구 #KBO #Baseball #신한은행 #SOL",KT,https://i.ytimg.com/vi/rGCWBsUXF_M/hqdefault.jpg,릴스 촬영을 피하기 위한 고퀄스와 든든이의 진검승부! 컴프야V24 [위즈티비],rGCWBsUXF_M
"2024시즌에도 위즈티비와 함께!
위즈티비 구독! 좋아요! 알림설정! 부탁드립니다!!!!",KT,https://i.ytimg.com/vi/288J1NtpJkU/hqdefault.jpg,"중요한 순간을 놓친 당신의 구원자, 위즈티비📺",288J1NtpJkU
"익산에서 만난 퓨처스 선수들의 자기 어필 시간!
탕후루처럼 달~달한 타격감의 선수와
아기는 없지만 분유버프(?)를 받을 선수는 누구?

#퓨처스앙케이트 #퓨처스스토리 #퓨처스 #박민석 #박태완 #지명성 #2024시즌 #V2 #ktwiz #KT위즈 #위즈티비 #위즈 #kt #야구 #KBO #Baseball #신한은행 #SOL #KBO리그",KT,https://i.ytimg.com/vi/A6x_FCvFv0c/hqdefault.jpg,돌아온 퓨처스 앙케이트🗳 창의력이 빛나는 퓨처스 선수들의 키워드 자기소개✨ [퓨처스 스토리],A6x_FCvFv0c
"kt wiz 퓨처스가 있는 익산에도 봄이 찾아왔습니다!
개막 기념 팬 사인회와 웰컴 기프트 증정과 함께 뜨거워진 그라운드
퓨처스리그 선수들을 응원해 주세요

#퓨처스리그 #퓨처스 #익산 #개막 #퓨처스개막 #V2 #2024시즌 #ktwiz #KT위즈 #위즈티비 #위즈 #KT #야구 #KBO #Baseball #프로야구",KT,https://i.ytimg.com/vi/bmORv7WhmyE/hqdefault.jpg,봄바람 휘날리며🌸 퓨처스리그가 시작됐습니다 [퓨처스 스토리],bmORv7WhmyE
"4월 6일 vs KIA타이거즈 개막시리즈
뜨거운 타선에 호수비까지 넘치는 볼거리
승리의 퓨처스 H/L 지금 확인하세요!

#퓨처스리그 #개막시리즈 #조대현 #마수걸이 #홈런 #2024시즌 #V2 #ktwiz #KT위즈 #위즈티비 #위즈 #KT #야구 #KBO #Baseball #프로야구",KT,https://i.ytimg.com/vi/3uA2JuY4do0/hqdefault.jpg,시작이 좋다🔥 퓨처스 개막시리즈 경기 하이라이트 [퓨처스 스토리],3uA2JuY4do0
"성우의 쓰리런포와 민혁의 개인 최다 5타점부터
영표의 시즌 1호 퀄리티스타트!
그리고 팀 통산 18,000루타의 대기록까지!
4월 첫 경기부터 빅이닝을 만들어 낸 kt wiz✨

#장성우 #김민혁 #고영표 #2024시즌 #V2 #ktwiz #KT위즈 #위즈티비 #위즈 #kt #야구 #KBO #Baseball #신한은행 #SOL #KBO리그",KT,https://i.ytimg.com/vi/Bi5QAqevuEw/hqdefault.jpg,달디달고 달디단 4월 첫 승Vv 마법사들의 여정은 지금부터! [위즈덕후],Bi5QAqevuEw
"이 영상으로 직관 준비 완료✨
열심히 하는 마법사들을 위해
야구장 가득 팬 여러분의 목소리를 들려주세요!

00:00 kt wiz clap
00:28 안타송
01:03 우리는 kt wiz
01:35 투혼 KT
02:56 으랏차차
05:05 kt wiz 영원하리라
06:35 WINNING KT
08:21 심우준 응원가
08:43 로하스 응원가 (1)
09:12 로하스 응원가 (2)
09:42 오윤석 응원가
10:13 박경수 응원가 (1)
10:40 박경수 응원가 (2)
11:11 김상수 응원가
11:49 김상수 응원가 (2)
12:25 안치영 응원가
12:57 황재균 응원가
13:32 송민섭 응원가
14:07 천성호 응원가
14:45 장준원 응원가
15:17 장성우 응원가
15:59 조용호 응원가
16:39 문상철 응원가
17:12 배정대 응원가
17:47 홍현빈 응원가
18:19 이호연 응원가
18:50 김준태 응원가
19:33 강백호 응원가 (1)
20:05 강백호 응원가 (2)
20:37 박병호 응원가 (1)
21:11 박병호 응원가 (2)
21:47 김민혁 응원가
22:27 강현우 응원가
23:00 신본기 응원가
23:33 정준영 응원가

#응원가 #치어리더 #2024시즌 #V2 #ktwiz #KT위즈 #위즈티비 #위즈 #kt #야구 #KBO #Baseball #신한은행 #SOL #KBO리그",KT,https://i.ytimg.com/vi/WDZzXQlfTK8/hqdefault.jpg,※직관 전 필수 시청※ kt wiz 2024시즌 응원가&응원법⚡ [위즈티비],WDZzXQlfTK8
"당신이 왜 거기에서 나와...?
팬들을 위한 kt wiz 선수들의 깜짝 이벤트🎁

#만우절 #깜짝카메라 #거짓말 #고영표 #쿠에바스 #벤자민 #천성호 #박영현 #손동현 #V2 #ktwiz #KT위즈 #위즈티비 #위즈 #kt #야구 #KBO #Baseball #프로야구",KT,https://i.ytimg.com/vi/pst3lAfee0o/hqdefault.jpg,거짓말처럼 최애 선수가 내 뒤에 있다면? [위즈티비],pst3lAfee0o
"드디어 시즌 개막!🎉
개막전 선발 발표부터 감독님의 출사표까지!
우승하면 팬 1,000분과 일일 호프집?

#미디어데이 #고영표 #이강철 #박경수 #미디어데이 #V2 #ktwiz #KT위즈 #위즈티비 #위즈 #kt #야구 #KBO #Baseball #신한은행 #SOL #KBO리그",KT,https://i.ytimg.com/vi/ZbLpqqGbVqA/hqdefault.jpg,1000명의 팬과 함께...🏆 2024 KBO 미디어데이 스케치 [위즈티비],ZbLpqqGbVqA
"우리를 강하게 만드는 '믿음'
믿음을 증명하는 '노력'
믿음과 노력으로 시작하는 우승을 향한 '도전'

#개막전 #인터뷰 #WE_ARE_GREAT_MAGIC #WINNING_KT #V2 #2024시즌 #ktwiz #KT위즈 #위즈티비 #위즈 #KT #야구 #KBO #Baseball #프로야구",KT,https://i.ytimg.com/vi/xr8e5PhmB_k/hqdefault.jpg,"2024 시즌 개막! kt wiz 선수들이 말하는 믿음, 노력 그리고 도전 [위즈티비]",xr8e5PhmB_k
"2024년 3월 23일 오후 2시,
V2를 향한 위대한 마법이 시작됩니다!

#개막전 #WE_ARE_GREAT_MAGIC #WINNING_KT #V2 #2024시즌 #ktwiz #KT위즈 #위즈티비 #위즈 #KT #야구 #KBO #Baseball #프로야구",KT,https://i.ytimg.com/vi/UAhq4lzoJ5g/hqdefault.jpg,"WINNING KT : WE ARE GREAT MAGIC, 2024시즌 공식 개막전 teaser [위즈티비]",UAhq4lzoJ5g
"초밥은 벤지가 쏠게 분량은 누가 뽑을래?
대형준과 류현진의 만남.ssul 까지!

#소형준 #오키나와 #초밥 #먹방 #브이로그 #V2 #2024시즌 #ktwiz #KT위즈 #위즈티비 #위즈 #KT #야구 #KBO #Baseball #프로야구",KT,https://i.ytimg.com/vi/H1YRHowVpKw/hqdefault.jpg,리얼로 100접시 격파🍴 대주주의 오키나와 초밥 먹방기 [위즈티비],H1YRHowVpKw
"초밥 부수기 전 에피타이저로 털어본 이웃집
고삐 풀린 대주주의 미친 활약상 🔥

#소형준 #대형준 #방털기 #브이로그 #V2 #ktwiz #KT위즈 #위즈티비 #위즈 #KT #야구 #KBO #Baseball #프로야구",KT,https://i.ytimg.com/vi/u5JN8fNVx8s/hqdefault.jpg,콘텐츠가 망했습니다💦 말싸움만 15분 기묘한 기획촬영 [위즈티비],u5JN8fNVx8s
"프로 선수, 코치들과 함께한 기장군 유소년 야구 선수들
재미와 희망이 함께한 즐거운 티칭 클래스는 계속됩니다 

#티칭클래스 #기장군 #기장 #부산 #야구교실 #유소년야구 #유소년 #V2 #2024시즌 #ktwiz #KT위즈 #위즈티비 #위즈 #KT #야구 #KBO #Baseball #프로야구",KT,https://i.ytimg.com/vi/eLNDT5aIBJY/hqdefault.jpg,친구 같고 파이팅 있는 강사님을 보유한 티칭 클래스 있습니다! [위즈티비],eLNDT5aIBJY
"주PD가 모함하고 우귤이 적응하고
미르 아빠는 울고...더보기

#우규민 #주권 #김민수 #이간질 #깜짝선물 #V2 #2024시즌 #ktwiz #KT위즈 #위즈티비 #위즈 #KT #야구 #KBO #Baseball #프로야구",KT,https://i.ytimg.com/vi/ukShg2hoXpk/hqdefault.jpg,이간질 사건. 권이의 모함에 우귤이 흑화한 사건이다 [위즈티비],ukShg2hoXpk
"스프링캠프 우수타자 성호의 상금 썰부터
곧 다가오는 치타심의 전역까지!
그래서... 어쩌다 이 얘기를 하게 된 거지?

#강백호 #천성호 #안치영 #쿠에바스 #시범경기 #덕아웃 #직캠 #V2 #ktwiz #KT위즈 #위즈티비 #위즈 #kt #야구 #KBO #Baseball #프로야구",KT,https://i.ytimg.com/vi/MCzwRoJVrow/hqdefault.jpg,우준이 형은 잘 지내고?🤷‍ 의식의 흐름 속 호백이와 아이들 [위즈티비],MCzwRoJVrow
"슈퍼루키 원상현의 인터뷰는 내일 오전 8시 30분 위즈덕후 영상에서 확인하세요!

#원상현 #슈퍼루키 #신인선수  #5탈삼진 #직캠 #V2 #ktwiz  #KT위즈 #위즈티비 #위즈 #kt #야구 #KBO #Baseball #프로야구",KT,https://i.ytimg.com/vi/_gmiTNZ7TCw/hqdefault.jpg,150km! 3이닝 5K! 슈퍼루키 원상현의 첫 정식 경기 직캠.ver [위즈티비],_gmiTNZ7TCw
"와우~ 구또! 좋아!!! 노학수의 3개국어 극찬!
새로운 유니폼과 함께하는 2024 시즌 프로필 촬영의 현장!


#유니폼 #프로필 #비하인드 #로하스 #박경수 #박병호 #고영표 #강백호 #엄상백 #V2 #ktwiz #KT위즈 #위즈티비 #위즈 #kt #야구 #KBO #Baseball #프로야구",KT,https://i.ytimg.com/vi/DBVyWqtZnxk/hqdefault.jpg,입어보니까 더 예쁜데요?✨ 2024 시즌 프로필 촬영 비하인드 [위즈티비],DBVyWqtZnxk
"""제 인별그램 이름 먼저 바꾸려고요""
우리 노학수가 가장 보고 싶었던 선수는 누구?!

#로하스 #노학수 #멜로하스주니어 #조섹가 #입국 #복귀 #V2 #ktwiz #KT위즈 #위즈티비 #위즈 #kt #야구 #KBO #Baseball #신한은행 #SOL #KBO리그",KT,https://i.ytimg.com/vi/f7qfdvg1qfk/hqdefault.jpg,4년 만에 돌아온 조.섹.가의 뜨거운 입국 현장✈️  [위즈티비],f7qfdvg1qfk
"불타는 엉덩이(?)가 되어버린 캡틴부터
제성이에게 메세지를 전하는 상무 선배 상백이까지!

비시즌에도 운동으로 가득한 하루를 보내는 선수들을 찾아가보았습니다

#엄상백 #고영표 #소형준 #배제성 #박경수 #비시즌 #훈련 #KT위즈 #위즈티비 #위즈 #kt #야구 #KBO #Baseball #프로야구",KT,https://i.ytimg.com/vi/0wC1hv-iZvY/hqdefault.jpg,제성이한테 편지 썼냐고요? 아이 빌립.. 그댄 곁에 없지만🎶 [위즈티비],0wC1hv-iZvY
"마침내 맞춰진 kt wiz의 마지막 조각!
불펜의 중심 주권! FA 계약 인터뷰🎙

#주권 #FA #계약 #사원증 #주PD #V2 #ktwiz #KT위즈 #위즈티비 #위즈 #KT #야구 #KBO #Baseball #프로야구",KT,https://i.ytimg.com/vi/XUfANSrMg_w/hqdefault.jpg,FA계약 옵션으로 사무실 프리패스권? 주권 FA계약 완료! [위즈티비],XUfANSrMg_w
"모든 팬들의 염원! 고퀄스 다년계약 체결!
이게 되네? 진짜 장안문을 찾아간 비하인드부터
팬들에게 전하는 감동의 메시지까지💌

#고영표 #다년계약 #장안문 #지킴이 #엄상백 #메이저리그 #비하인드 #V2 #ktwiz #KT위즈 #위즈티비 #위즈 #KT #야구 #KBO #Baseball #프로야구",KT,https://i.ytimg.com/vi/ASTOl8qhrWE/hqdefault.jpg,107억 계약하자마자 장안문으로 끌려간 사연 [위즈티비],ASTOl8qhrWE
"비시즌에도 열심히 훈련 중인 뜨거운 감자 고퀄스!
그리고 상백이와 형준이에게
다년계약에 대해 물어보았습니다⭐

#고영표 #다년계약 #비하인드 #비시즌 #훈련 #KT위즈 #위즈티비 #위즈 #kt #야구 #KBO #Baseball #프로야구",KT,https://i.ytimg.com/vi/tl9PzAlvtwM/hqdefault.jpg,"고영표, 당신도 다년계약을 할 수 있다 [위즈티비]",tl9PzAlvtwM
"포스트시즌 4연승! 오늘도 kt wiz다운 야구!
또치의 역전 적시타로 만든 한국시리즈 첫 승🪄

#한국시리즈 #첫승 #문상철 #역전적시타 #위즈덕후 #마법같은여정 #Road_to_V2 #포스트시즌 #2023시즌 #V2 #ktwiz #KT위즈 #위즈티비 #위즈 #KT #야구 #KBO #Baseball #프로야구",KT,https://i.ytimg.com/vi/HxpLJjyCnc4/hqdefault.jpg,한국시리즈 첫 승을 만든 kt wiz의 믿음 야구 [위즈덕후],HxpLJjyCnc4
"KBO역대 3번째 역스윕을 만든 마법사 군단
이제 우리는 잠실로 간다!

#리버스스윕 #한국시리즈진출 #김민혁 #플레이오프 #마법같은여정 #Road_to_V2 #포스트시즌 #2023시즌 #V2 #ktwiz #KT위즈 #위즈티비 #위즈 #KT #야구 #KBO #Baseball #프로야구",KT,https://i.ytimg.com/vi/-1jgSaKMjJM/hqdefault.jpg,"보고도 믿을 수 없는 11% 기적, 리버스스윕 🔃 [위즈덕후]",-1jgSaKMjJM
"쿠에바스의 호투와 마법 같은 11득점으로
대승을 거둔 kt wiz는 다시 수원으로 돌아갑니다🏠

#쿠에바스 #플레이오프 #마법같은여정 #Road_to_V2 #포스트시즌 #2023시즌 #V2 #ktwiz #KT위즈 #위즈티비 #위즈 #KT #야구 #KBO #Baseball #프로야구",KT,https://i.ytimg.com/vi/gnaEf13Kwlc/hqdefault.jpg,승부는 이제 5차전으로! BACK TO THE SUWON [위즈덕후],gnaEf13Kwlc
"차민아 생일 축하해! 삼촌들이 준비한 특별한 선물🎁
kt wiz의 가을은 지금부터 시작입니다

#첫승 #고영표 #배정대 #문상철 #플레이오프 #마법같은여정 #Road_to_V2 #포스트시즌 #2023시즌 #V2 #ktwiz #KT위즈 #위즈티비 #위즈 #KT #야구 #KBO #Baseball #프로야구",KT,https://i.ytimg.com/vi/GLlWTot0tQ0/hqdefault.jpg,"플레이오프 첫 승, 우리의 가을은 지금부터! [위즈덕후]",GLlWTot0tQ0
"드디어 찾아온 2023 정규시즌 마지막 경기!
금메달 따고 돌아온 백호&영현이와
9회말 2아웃에 만들어낸 강현우의 끝내기 볼넷!

#끝내기볼넷 #강현우 #황재균 #박병호 #가을야구 #포스트시즌 #V2 #ktwiz #KT위즈 #위즈티비 #위즈 #kt #야구 #KBO #Baseball #프로야구",KT,https://i.ytimg.com/vi/d1Xnru6I6q0/hqdefault.jpg,끝내기로 끝내는 정규시즌 마지막 경기! 이젠 플레이오프로 갑니다🔥 [위즈덕후],d1Xnru6I6q0
"9회말에 터진 동점포!
그리고 끝내기 볼넷까지!

#2위 #플레이오프진출 #끝내기볼넷 #강현우 #황재균 #박병호 #이호연 #팬여러분 #가을야구 #포스트시즌 #V2 #ktwiz #KT위즈 #위즈티비 #위즈 #kt #야구 #KBO #Baseball #프로야구

0:00 수원의 황제 동점포
0:36 뱅바오 안타
1:08 꿀복덩이 안타
1:21 깡포수 끝내기 볼넷!",KT,https://i.ytimg.com/vi/RVXDRD8h9s4/hqdefault.jpg,정규시즌 2위 확정 끝내기 승리!!!!!ጿ ኈ ቼ ዽ ጿ ኈ ቼ ዽ ጿ ኈ ቼ ዽ ጿ ኈ ቼ ዽ ጿ ኈ ቼ ዽ [위즈덕후],RVXDRD8h9s4
"역대 최초 선발로만 승률 100% 승률왕과
팀 KT의 600승이라는 값진 기록까지 달성한
웃음, 감동 다 잡은 오늘의 위즈덕후 ✨

#쿠에바스 #승률왕 #600승 #2연승 #위즈덕후 #V2 #ktwiz #KT위즈 #위즈티비 #위즈 #kt #야구 #KBO #Baseball #프로야구",KT,https://i.ytimg.com/vi/lDJzkI_Rr1Q/hqdefault.jpg,'12승 무패' 선발 승률 100%의 역대 최초 승률왕 탄생👑 [위즈덕후],lDJzkI_Rr1Q
"4홈런 포함 17안타로 만들어낸 멈추지 않는 득점 퍼레이드!
무한으로 즐기는 올 시즌 한 경기 최다 득점 경기

#4홈런 #17득점 #박병호 #문상철 #황재균 #김상수 #V2 #ktwiz #KT위즈 #위즈티비 #위즈 #kt #야구 #KBO #Baseball #프로야구",KT,https://i.ytimg.com/vi/EKl0lYYhQgo/hqdefault.jpg,4홈런 17득점🔥 꺼지지 않는 마법사들의 불방망이 [위즈덕후],EKl0lYYhQgo
"조이현의 726일 만의 선발승과 주권의 110홀드 달성까지!
승리를 이끈 불펜 95즈의 맹활약!

#조이현 #선발승 #주권 #110홀드 #95즈 #V2 #ktwiz #KT위즈 #위즈티비 #위즈 #kt #야구 #KBO #Baseball #프로야구",KT,https://i.ytimg.com/vi/k6YKkLRK4OA/hqdefault.jpg,연승을 이끈 불펜 95즈의 눈부신 활약🔥 [위즈덕후],k6YKkLRK4OA
"선우&상동&동현 그리고 재윤
젊은 피의 투수조와 베테랑 야수들의 호수비로
3연패 끊고 2위 자리를 지켜낸 kt wiz! 

#이선우 #이상동 #손동현 #김재윤 #박경수 #대체선발 #위즈덕후 #KIA #V2 #ktwiz #KT위즈 #위즈티비 #위즈 #kt #야구 #KBO #Baseball #프로야구",KT,https://i.ytimg.com/vi/7rlgdmP5zDw/hqdefault.jpg,형들은 오늘 쉬세요🌱 푸른 꿈이 자라는 마운드 (투수왕국 2.0) [위즈덕후],7rlgdmP5zDw
"쿠에바스의 개인 13연승, 팀 통산 12,000안타
그리고 수호신 김재윤의 3시즌 연속 30세이브까지! 
10월 시작을 알리는 승리의 위즈덕후 지금 시작합니다!

#쿠에바스 #김재윤 #황재균 #기록 #10월 #기승전결 #세이브 #연승 #V2 #ktwiz #KT위즈 #위즈티비 #위즈 #kt #야구 #KBO #Baseball #프로야구",KT,https://i.ytimg.com/vi/B-0uROOlBD8/hqdefault.jpg,푸짐한 대기록들! 기승전결이 완벽한 10월 첫 승리의 순간! [위즈덕후],B-0uROOlBD8
"고퀄스, 고영표의 시즌 17번째 QS+
그리고 시즌 첫 홈런은 9회 역전 투런포로!
캡틴 박경수의 마법 같은 홈런까지!

#박경수 #고영표 #역전승 #홈런 #투런포 #캡틴 #주장 #퀄리티스타트 #플러스 #고퀄스 #히어로 #V2 #ktwiz #KT위즈 #위즈티비 #위즈 #kt #야구 #KBO #Baseball #프로야구",KT,https://i.ytimg.com/vi/iM1oK3R4wQw/hqdefault.jpg,오 캡틴! 마이 캡틴! 9회에 터진 히어로 박경수의 투런포!!! [위즈덕후],iM1oK3R4wQw
"진지바스의 8.1이닝 7K 112구 무실점 역투와
뱅바오의 선제 투런포로 딱 지킨 2위 자리!!

#쿠에바스 #박병호 #10연승 #V2 #ktwiz #KT위즈 #위즈티비 #위즈 #kt #야구 #KBO #Baseball #프로야구",KT,https://i.ytimg.com/vi/VI6we9imoMs/hqdefault.jpg,대체 선수에서 대체 불가 선수로! 쿠에바스의 무결점 완벽투✨ [위즈덕후],VI6we9imoMs
"탕후루보다 훠얼씬 달콤한 배이스의 무실점 퀄스플!
그리고 가을에 가까워질수록 더 뜨거운 남자 알포드의 홈런까지!

#배제성 #알포드 #탕후루 #퀄리티스타트 #플러스 #이정재 #정우성 #이연복 #V2 #ktwiz #KT위즈 #위즈티비 #위즈 #kt #야구 #KBO #Baseball #프로야구",KT,https://i.ytimg.com/vi/RdeuBEWEhsM/hqdefault.jpg,탕후루 왜 먹어? 배이스의 달달한 무실점 퀄스플이 있는데! [위즈덕후],RdeuBEWEhsM
"1회부터 나온 호호 브라더스의 백투백 홈런!
고퀄스의 3년 연속 20QS와 든든이의 kt wiz 역대 단일 시즌 최다 홀드 달성의 순간까지!

#강백호 #박병호 #백투백홈런 #고영표 #박영현 #V2 #ktwiz #KT위즈 #위즈티비 #위즈 #kt #야구 #KBO #Baseball #프로야구",KT,https://i.ytimg.com/vi/ngL_7-McXyw/hqdefault.jpg,승리를 가져온 호호 브라더스의 백투백 홈런! [위즈덕후],ngL_7-McXyw
"아무리 비가와도 수속성 kt wiz에게는 어림도없다!
알차게 꽉꽉 담아온 더블헤더 2차전 승리의 위즈덕후!

#더블헤더 #싹쓸이 #댄스타임 #우천중단 #신기록 #2연승 #V2 #ktwiz #KT위즈 #위즈티비 #위즈 #kt #야구 #KBO #Baseball #프로야구",KT,https://i.ytimg.com/vi/y6QlsrP0gBI/hqdefault.jpg,더블헤더 싹쓸이! 역대 최장 중단이 선수들에게 미치는 영향? [위즈덕후],y6QlsrP0gBI
"7이닝 무실점 완벽투로 개인 9연승을 만들어낸 쿠에바스!
쾅쾅 터지는 홈런포로 가져간 더블헤더 1차전 승리!

#쿠에바스 #알포드 #김준태 #V2 #ktwiz #KT위즈 #위즈티비 #위즈 #kt #야구 #KBO #Baseball #프로야구",KT,https://i.ytimg.com/vi/PFah7WDCN0o/hqdefault.jpg,쿠에바스의 9연승과 함께 만든 짜릿한 더블헤더 1차전 승리🔥 [위즈덕후],PFah7WDCN0o
"끊임없는 빅이닝의 향연!
마법사들의 불타는 타격감과 복귀 첫 안타를 만루홈런으로 쏘아올린 강백호!

#강백호 #대타 #만루홈런 #V2 #ktwiz #KT위즈 #위즈티비 #위즈 #kt #야구 #KBO #Baseball #프로야구",KT,https://i.ytimg.com/vi/RmhZxinOKgI/hqdefault.jpg,강백호의 대타 만루홈런! 멈추지 않는 16득점 퍼레이드🎶 [위즈덕후],RmhZxinOKgI
"9회말에만 4득점을 뽑아내며 역전 끝내기!
수원의 황제가 끝낸 짜릿한 뒤집기 승부✨

#황재균 #9회말 #끝내기 #수원의황제 #V2 #ktwiz #KT위즈 #위즈티비 #위즈 #kt #야구 #KBO #Baseball #프로야구",KT,https://i.ytimg.com/vi/kefQbp8eVV8/hqdefault.jpg,9회말에 뒤집은 승부! 수원의 황제가 끝내버린 경기🔥 [위즈덕후],kefQbp8eVV8
"9회에만 4득점!
대역전극의 마지막은 수원의 황제, 황재균!

#황재균 #끝내기안타 #9회말 #대역전승 #역전승 #수원의황제 #V2 #ktwiz #KT위즈 #위즈티비 #위즈 #kt #야구 #KBO #Baseball #프로야구",KT,https://i.ytimg.com/vi/Kv9LvdwO6AQ/hqdefault.jpg,9회말 대역전! 황재균의 끝내기 안타!!!! ጿ ኈ ቼ ዽ ጿ ኈ ቼ ዽ ጿ ኈ ቼ ዽ ጿ ኈ ቼ ዽ ጿ ኈ ቼ ዽ [위즈덕후],Kv9LvdwO6AQ
"역대 12번째 1,000타점&1000득점 황스타
구단 역대 한 시즌 최다승 2위 14승 벤지
화려한 기록만큼 눈부셨던 8월의 마지막 경기✨

#벤자민 #황재균 #14승 #1000안타 #V2 #ktwiz #KT위즈 #위즈티비 #위즈 #kt #야구 #KBO #Baseball #프로야구",KT,https://i.ytimg.com/vi/dinVUfiw4jg/hqdefault.jpg,한 달에 딱 4번 졌다🔥 마지막까지 마법 같았던 8월의 kt wiz [위즈덕후],dinVUfiw4jg
"지고 있어도 질 것 같지 않은 kt wiz의 상승세!
웃음이 절로 나오는 3연승 위즈덕후 출발합니다!

#이호연 #박병호 #김상수 #박영현 #손동현 #V2 #ktwiz #KT위즈 #위즈티비 #위즈 #kt #야구 #KBO #Baseball #프로야구",KT,https://i.ytimg.com/vi/SzcdcSjdefk/hqdefault.jpg,지고 있어도 결국엔 이긴다! 웃음이 절로 나오는 역전 드라마🎞 [위즈덕후],SzcdcSjdefk
"진다는 생각이 들지가 않아!!!!
이제는 루틴이 되어버린 위닝시리즈!

#10연속 #위닝시리즈 #쿠에바스 #문상철 #오윤석 #V2 #ktwiz #KT위즈 #위즈티비 #위즈 #kt #야구 #KBO #Baseball #프로야구",KT,https://i.ytimg.com/vi/OpoTzOVCvGs/hqdefault.jpg,🚪똑똑똑! 위닝티비 입니다! 마침내 10연속 위닝시리즈 달성! [위즈덕후],OpoTzOVCvGs
"끝날 때까지 끝난 게 아니다!
포기하지 않고 끈질기게 따라가 연장에서 만들어낸 짜릿한 역전쇼!

#김상수 #오윤석 #알포드 #김재윤 #V2 #ktwiz #KT위즈 #위즈티비 #위즈 #kt #야구 #KBO #Baseball #프로야구",KT,https://i.ytimg.com/vi/7G2yawvhzSQ/hqdefault.jpg,이제는 2위!! 연장 10회에 뒤집어버린 승부 [위즈덕후],7G2yawvhzSQ
"올 여름을 뜨겁게 젹셨던 y워터페스티벌의 마지막 날!
멈추지 않는 상승세로 8연속 위닝 시리즈 달성🔥

#알포드 #배제성 #8연속 #위닝시리즈 #y워터페스티벌 #V2 #ktwiz #KT위즈 #위즈티비 #위즈 #kt #야구 #KBO #Baseball #프로야구",KT,https://i.ytimg.com/vi/Nva2IR_r83w/hqdefault.jpg,언제나 위닝✨ 멈출줄 모르는 8연속 위닝 시리즈 [위즈덕후],Nva2IR_r83w
"지고 있어도 질 것 같지 않은 kt wiz!
9회말 2아웃에 나타난 끝내기 장인 문상철의 짜릿한 끝내기 안타!

#끝내기 #문상철 #또치 #배정대 #고영표 #역전 #V2 #ktwiz #KT위즈 #위즈티비 #위즈 #kt #야구 #KBO #Baseball #프로야구",KT,https://i.ytimg.com/vi/jp_jvlg9mxc/hqdefault.jpg,끝내기 또 치는 또치! 한여름밤 펼쳐진 끝내기 맛집🏠 [위즈덕후],jp_jvlg9mxc
"이 경기를 끝내러 왔다!!!
9회말 2아웃에 터진 문상철의 시즌 3호 끝내기!

#문상철 #끝내기 #끝내기안타 #시즌3호 #V2 #ktwiz #KT위즈 #위즈티비 #위즈 #kt #야구 #KBO #Baseball #프로야구",KT,https://i.ytimg.com/vi/fM9IWo2tJvA/hqdefault.jpg,9회말 2아웃에 문상철이 나타나면 어떨까? 문! 상 !철! 시즌 3호 끝내기!! ! ጿ ኈ ቼ ዽ ጿ ኈ ቼ ዽ ጿ ኈ ቼ ዽ ጿ ኈ ቼ ዽ ጿ ኈ ቼ ዽ [위즈덕후],fM9IWo2tJvA
"1점 차 살얼음판 승부 끝에 얻은 값진 승리!
그리고 승리의 기쁨을 더하는 선수들의 기록까지!

#박경수 #김재윤 #박영현 #쿠에바스 #5연승 #4위 #워터페스티벌 #y워터페스티벌 #기록 #V2 #ktwiz #KT위즈 #위즈티비 #위즈 #kt #야구 #KBO #Baseball #프로야구",KT,https://i.ytimg.com/vi/mURX3koumq4/hqdefault.jpg,"水요일에는 水속성 위즈! 5연승, 단독 4위 등극과 함께 쏟아진 기록들! [위즈덕후]",mURX3koumq4
"핫가이들의 한 이닝 6득점 역전 쇼!
7연속 위닝 시리즈로 kt wiz 3위 등극✨

#3위 #오윤석 #김민혁 #문상철 #역전 #V2 #ktwiz #KT위즈 #위즈티비 #위즈 #kt #야구 #KBO #Baseball #프로야구",KT,https://i.ytimg.com/vi/WRHpaLgaqjE/hqdefault.jpg,3위즈 등극🔥 더울수록 강해지는 남자들의 뜨거운 역전 쇼! [위즈덕후],WRHpaLgaqjE
"50승으로 맞이하는 입추! 가을 냄새가 솔솔!
쿠에바스 7이닝 8K QS+역투와
황스타&뱅바오의 7안타 5타점의 합작!

#50승 #황재균 #박병호 #입추 #V2 #ktwiz #KT위즈 #위즈티비 #위즈 #kt #야구 #KBO #Baseball #프로야구",KT,https://i.ytimg.com/vi/WqqOgBg6Mbc/hqdefault.jpg,시즌 50승 달성🍂 성적에 비례하는 덕아웃 분위기 미쳤다!! [위즈덕후],WqqOgBg6Mbc
"또 승리 해버렸다!!! 승승승승승승장구의 kt wiz
특별한 승리 요정과 함께한 kt wiz의 2연속 스윕!

#2연속 #스윕 #6연승 #승승장구 #마법같은 #상승세 #승요 #V2 #ktwiz #KT위즈 #위즈티비 #위즈 #kt #야구 #KBO #Baseball #프로야구",KT,https://i.ytimg.com/vi/DNSrqeYkV3Y/hqdefault.jpg,"올라갈 일만 남았다고 했지?! 1,490일 만의 2연속 스윕![위즈덕후]",DNSrqeYkV3Y
"4경기 연속 QS+ kt wiz의 신, 빛, 기둥, 심장, 생명 고퀄스의 완벽투
그리고 물 대포보다 더 시원한 kt wiz의 홈런과 빅이닝💦

#고영표 #장성우 #GOAT #여름 #더위 #y워터페스티벌 #박병호 #홈런 #황재균 #V2 #ktwiz #KT위즈 #위즈티비 #위즈 #kt #야구 #KBO #Baseball #프로야구",KT,https://i.ytimg.com/vi/5-_0Zr83aF0/hqdefault.jpg,"8이닝 무실점, 무더위도 막지 못하는 GO영표AT 🐐 [위즈덕후]",5-_0Zr83aF0
"연장 12회까지 갔던 엄청난 접전!
만루에서 만들어낸 문상철의 짜릿한 끝내기 순간!

#문상철 #끝내기 #고영표 #워터페스티벌 #원조 #V2 #ktwiz #KT위즈 #위즈티비 #위즈 #kt #야구 #KBO #Baseball #프로야구",KT,https://i.ytimg.com/vi/MgvRbnRBR_k/hqdefault.jpg,3연승을 만든 연장 12회 짜릿한 끝내기 안타! [위즈덕후],MgvRbnRBR_k
#문상철 #끝내기 #끝내기안타 #연장 #12회말 #연승 #V2 #ktwiz #KT위즈 #위즈티비 #위즈 #kt #야구 #KBO #Baseball #프로야구,KT,https://i.ytimg.com/vi/EP-YD_PbLok/hqdefault.jpg,연장 12회말 문상철의 끝내기 안타 ~♬ ᕕ( ᐛ )ᕗ  ᕕ( ᐛ )ᕗ  ᕕ( ᐛ )ᕗ ᕕ( ᐛ )ᕗ,EP-YD_PbLok
"4년 만에 돌아온 워터페스티벌 원조 맛집 개장!
수원KT위즈파크에서 즐기는 시원한 물 대포와 속이 뻥뚫리는 경기력까지!


#벤자민 #박경수 #워터페스티벌 #원조 #맛집 #물총 #V2 #ktwiz #KT위즈 #위즈티비 #위즈 #kt #야구 #KBO #Baseball #프로야구",KT,https://i.ytimg.com/vi/fYKx9ZWCAwQ/hqdefault.jpg,여기가 워터페스티벌 맛집💧 시원함이 가득한 연승 행진! [위즈덕후],fYKx9ZWCAwQ
"후반기 첫 위닝시리즈 달성!
난타전에서 빛난 김민혁의 4타점, 정준영의 홈 보살, 김재윤의 2이닝 세이브까지!

#정준영 #김민혁 #김재윤 #스텝업 #홈보살 #레이저송구 #위닝시리즈 #후반기 #V2 #ktwiz #KT위즈 #위즈티비 #위즈 #kt #야구 #KBO #Baseball #프로야구",KT,https://i.ytimg.com/vi/lTsxrntGtAE/hqdefault.jpg,끝을 모르는 성.장! 김민혁의 4타점 & 정준영의 미친 홈 보살 [위즈덕후],lTsxrntGtAE
"전반기 마지막 3연전 위닝시리즈 확보!
오늘도 짜릿했던 역전승과 승리를 지켜낸 9회말 마무리 김재윤의 호수비까지!

#김재윤 #박병호 #쿠에바스 #박영현 #V2 #ktwiz #KT위즈 #위즈티비 #위즈 #kt #야구 #KBO #Baseball #프로야구",KT,https://i.ytimg.com/vi/WkUBW5FjTgY/hqdefault.jpg,오늘도 역전승! 위닝시리즈를 지켜낸 김재윤의 호수비✨ [위즈덕후],WkUBW5FjTgY
"1부 - 벤자민의 11K 개인 최다 탈삼진
2부 - 7회초 짜릿한 역전쇼
3부 - 김재윤의 KBO 역대 9번째 150세이브

#벤자민 #김재윤 #박영현 #강백호 #고척 #단독콘서트 #V2 #ktwiz #KT위즈 #위즈티비 #위즈 #kt #야구 #KBO #Baseball #프로야구",KT,https://i.ytimg.com/vi/xTq22RiUYHE/hqdefault.jpg,화려한 기록과 역전쇼! 마법사들의 고척 단독 콘서트🎙 [위즈덕후],xTq22RiUYHE
"시원하게 쓸어버린 주말 3연전 스윕!
시즌 7승과 개인 통산 50승을 달성한 고퀄스✨
그리고 kt wiz에서 733안타를 기록하며팀내 최다 안타를 기록한 캡틴 박경수!

#스윕 #3연전 #고영표 #시즌7승 #박경수 #팀내최다안타 #V2 #ktwiz #KT위즈 #위즈티비 #위즈 #kt #야구 #KBO #Baseball #프로야구",KT,https://i.ytimg.com/vi/8Dw9VPEv9iw/hqdefault.jpg,쓱싹! 쓸어버린 시리즈 스윕🧹 kt wiz 안타왕 박주장과 고퀄스의 호투! [위즈덕후],8Dw9VPEv9iw
"알포드와 문상철의 홈런으로 만들어낸 팀 통산 1,100홈런!
그리고 9회말에 등장한 4번타자 박병호의 끝내기 안타!

#끝내기안타 #박병호 #문상철 #알포드 #3점홈런 #V2 #ktwiz #KT위즈 #위즈티비 #위즈 #kt #야구 #KBO #Baseball #프로야구",KT,https://i.ytimg.com/vi/OxzcXETlKxg/hqdefault.jpg,또 뒤집었다! 시원한 쓰리런포 2방과 박뱅으로 끝낸 위닝시리즈💥[위즈덕후],OxzcXETlKxg
"9회말 주자 1, 2루 4번 타자의 타석
박뱅의 끝내기 안타아아아아아ㅏㅏㅏㅏ!!!!!

#끝내기 #V2 #ktwiz #KT위즈 #위즈티비 #위즈 #kt #야구 #KBO #Baseball #프로야구",KT,https://i.ytimg.com/vi/sVczUZY6U6o/hqdefault.jpg,9회말 4번 타자의 끝내기 안타!!!!!!!!!,sVczUZY6U6o
"연패를 끊고 다시 달려가는 kt wiz!
베테랑들의 시원한 타격과
안타를 지워버리는 슈퍼 캐치들!

#김상수 #황재균 #박경수 #박병호 #이상호 #베테랑 #V2 #ktwiz #KT위즈 #위즈티비 #위즈 #kt #야구 #KBO #Baseball #프로야구",KT,https://i.ytimg.com/vi/KwXjSg95cns/hqdefault.jpg,베테랑들의 품격⭐짬에서 나오는 타격과 호수비 퍼레이드 [위즈덕후],KwXjSg95cns
"황스타 마수걸이포! 침묵의 덕아웃 비하인드
쿠에바스의 복귀 첫 승과 시원한 원정 퇴근길까지💦
넉넉한 분량의 미니 다큐로 찾아온 위즈덕후!

#핫가이즈 #쿠에바스 #황재균 #4연승 #미니다큐 #위즈덕후 #V2 #KT위즈 #위즈티비 #위즈 #2022시즌 #KBO #야구 #Baseball #프로야구 #신한은행 #SOL #KBO리그",KT,https://i.ytimg.com/vi/d4pkpEEqFTM/hqdefault.jpg,선발 전원 안타! 4연승을 만든 핫가이들의 원정 미니 다큐 [위즈덕후],d4pkpEEqFTM
"상승세를 타고 쭉쭉 올라가는 kt wiz!
보기만해도 시원해지는 롯데전 스윕 덕아웃 직캠!

#상승세 #3연전 #스윕 #배정대 #김상수 #벤자민 #V2 #ktwiz #KT위즈 #위즈티비 #위즈 #kt #야구 #KBO #Baseball #프로야구",KT,https://i.ytimg.com/vi/vsLPyPH80vQ/hqdefault.jpg,어깨가 저절로 올라가는 3연전 스윕! [위즈덕후],vsLPyPH80vQ
"QS의 달인 고퀄스의 시즌 9번째 QS+와 상승세를 만들어낸 황재균과 김상수의 활약!

#황재균 #김상수 #고영표 #고퀄스 #상승세 #V2 #ktwiz #KT위즈 #위즈티비 #위즈 #kt #야구 #KBO #Baseball #프로야구",KT,https://i.ytimg.com/vi/pFmJTNmchv0/hqdefault.jpg,우린 더 높은 곳을 향해 간다! kt wiz의 상승세✨ [위즈덕후],pFmJTNmchv0
"올해도 위즈파크에서 울려퍼진 팔각모 사나이!
필승!을 외치는 해병대 장병들과 함께 만들어낸 마법사들의 승리!

#배제성 #배이스 #해병대 #팔각모사나이 #응원 #역전 #V2 #ktwiz #KT위즈 #위즈티비 #위즈 #kt #야구 #KBO #Baseball #프로야구",KT,https://i.ytimg.com/vi/KEr7pjQbkog/hqdefault.jpg,필승! 뜨거웠던 해병대의 응원과 함께한 역전 드라마🔥 [위즈덕후],KEr7pjQbkog
"수원KT위즈파크로 돌아온 우리의 쿠동원 쿠에바스!
그리고 장준원의 속이 뻥 뚤리는 역전 싹쓸이 안타! 

#쿠에바스 #복귀전 #장준원 #역전승 #샤우팅 #V2 #ktwiz #KT위즈 #위즈티비 #위즈 #kt #야구 #KBO #Baseball #프로야구",KT,https://i.ytimg.com/vi/NuuAS15s_Oc/hqdefault.jpg,또 역전승! 1년 만에 돌아온 쿠에바스와 싹쓸이 역전타의 장준원 [위즈덕후],NuuAS15s_Oc
"데뷔 첫 끝내기의 이호연, 3안타 4출루의 슈퍼루키 정준영, 3안타 2타점 물오른 타격감의 황재균!
끝까지 포기하지 않았던 kt wiz와 팬들이 함께 만든 마법 같은 대역전 드라마!

#이호연 #끝내기 #역전승 #정준영 #황재균 #마법 #대역전 #드라마 #끝내기안타 #꿀복덩이 #삐약이 #V2 #ktwiz #KT위즈 #위즈티비 #위즈 #kt #야구 #KBO #Baseball #프로야구",KT,https://i.ytimg.com/vi/AghMXTWmHwM/hqdefault.jpg,5:0 → 6:7이 된다? 마법 같은 대역전 드라마! 이호연의 데뷔 첫 끝내기! [위즈덕후],AghMXTWmHwM
"마참내! 대 역전승을 만드는 이호연의 끝내기 안타아아아아아앜 !!!!!!!!!!
 
#이호연 #끝내기안타 #끝내기 #V2 #ktwiz #KT위즈 #위즈티비 #위즈 #kt #야구 #KBO #Baseball #프로야구",KT,https://i.ytimg.com/vi/7lulb-xPZD4/hqdefault.jpg,🍯 꿀복덩이 이호연의 9회말 끝내기 안타 ጿ ኈ ቼ ዽ ጿ ኈ ቼ ዽ ጿ ኈ ቼ ዽ ጿ ኈ ቼ ዽ ጿ ኈ ቼ ዽ,7lulb-xPZD4
"삐약이의 공수 맹활약과 함께 클러치장의 마법같은 끝내기 희생플라이!
진짜 끝내주는 kt wiz의 6연승 덕아웃 직캠!

#장성우 #정준영 #끝내기 #희생플라이 #6연승 #쾌속질주 #V2 #ktwiz #KT위즈 #위즈티비 #위즈 #kt #야구 #KBO #Baseball #프로야구",KT,https://i.ytimg.com/vi/6uLyK6xtt5k/hqdefault.jpg,3경기 연속 연장도 kt wiz의 6연승을 막을 수는 없다! [위즈덕후],6uLyK6xtt5k
"kt wiz의 6연승을 장식하는 장성우의 끝내기 희생플라이!!!!
그리고 맹활약의 삐약이! 정준영!!!!!
 
#장성우 #끝내기 #희생플라이 #정준영 #V2 #ktwiz #KT위즈 #위즈티비 #위즈 #kt #야구 #KBO #Baseball #프로야구",KT,https://i.ytimg.com/vi/xFUjEcES1oQ/hqdefault.jpg,6연승을 만드는 장성우의 연장 끝내기 희생플라이!!!!!!!!!!!!!!!!!,xFUjEcES1oQ
"월요일은 위닝 위즈덕후 보는 날!
불펜데이도 철벽불펜이 출동하면 다르다!!!
오늘도 백호 타임과 수비요정과 함께한 승리의 위즈덕후

#불펜데이 #위닝시리즈 #수비요정 #강백호 #박영현 #주권 #손동현 #김재윤 #이선우 #불펜 #V2 #ktwiz #KT위즈 #위즈티비 #위즈 #kt #야구 #KBO #Baseball #프로야구",KT,https://i.ytimg.com/vi/lLi7QLYLShk/hqdefault.jpg,철벽 불펜데이 + 백호 타임 + 수비요정‍ = 위닝시리즈 [위즈덕후],lLi7QLYLShk
"특타 효과 발동! 17안타의 식을 줄 모르는 kt wiz의 마법 방망이!
반가운 얼굴들과 함께한 떠거운 득점 먹방♨

#타점폭발 #안타폭발 #풀코스 #특타 #특수 #먹방 #V2 #ktwiz #KT위즈 #위즈티비 #위즈 #kt #야구 #KBO #Baseball #프로야구",KT,https://i.ytimg.com/vi/mxf46PG6bPM/hqdefault.jpg,맛있다! 맛있어! 풀코스로 즐기는 17안타 13득점 먹방쇼! [위즈덕후],mxf46PG6bPM
"6이닝 무실점 엄터쳐블 쎄리와 팀을 구한 든든이!
이적 후 첫 결승타, 타점을 기록한 이호연과 3안타 캡틴 박경수!

#위닝시리즈 #박경수 #엄상백 #박영현 #이호연 #V2 #ktwiz #KT위즈 #위즈티비 #위즈 #kt #야구 #KBO #Baseball #프로야구",KT,https://i.ytimg.com/vi/qZEcIgZsDc0/hqdefault.jpg,연속 위닝시리즈를 만든 야수들의 투혼과 무실점 완벽 피칭의 마운드! [위즈덕후],qZEcIgZsDc0
"kt wiz의 승리를 위해 야구의 고수들 등.장
호수비에 호수비에 호수비를 더한 승리의 순간!

#야구의고수 #고영표 #김상수 #호수비 #고퀄스 #상쑤 #V2 #ktwiz #KT위즈 #위즈티비 #위즈 #kt #야구 #KBO #Baseball #프로야구",KT,https://i.ytimg.com/vi/p1gpc9qEJj0/hqdefault.jpg,야구의 고수들 등장! 7이닝 무실점의 고퀄스와 공수완벽 활약의 상쑤! [위즈덕후],p1gpc9qEJj0
"짱포수의 홈런 포함 4타점 활약과
무실점 철벽 불펜들의 든든한 경기력으로
31일 만에 달성한 위닝시리즈💥

#장성우 #4타점 #위닝시리즈 #V2 #ktwiz #KT위즈 #위즈티비 #위즈 #kt #야구 #KBO #Baseball #프로야구",KT,https://i.ytimg.com/vi/PfPxoTz30W4/hqdefault.jpg,위닝 덕후 기다리셨죠?🎁 분량 넉넉하게 가져왔습니다 [위즈덕후],PfPxoTz30W4
"시원하게 뚫린 타선과 든든한 마운드
1군 첫 선발 경기에서 데뷔 첫 안타와
투민석의 활약에 덕아웃은 그저 흐뭇..😊

#알포드 #박민석 #손민석 #이선우 #얼라즈 #V2 #ktwiz #KT위즈 #위즈티비 #위즈 #kt #야구 #KBO #Baseball #프로야구",KT,https://i.ytimg.com/vi/5t--BMKzjcc/hqdefault.jpg,투투데이?! 투민석의 활약&투런포 알포드✌ [위즈덕후],5t--BMKzjcc
"연장 10회말에 끝내기 홈런을 들고 찾아와주신 난세의 영웅
그리고 연패를 끊기 위해 혼신의 투구를 보여준 에이스 고퀄스!

#끝내기홈런 #문상철 #고영표 #난세의영웅 #홈런 #고퀄스 #굿바이홈런 #V2 #ktwiz #KT위즈 #위즈티비 #위즈 #kt #야구 #KBO #Baseball #프로야구",KT,https://i.ytimg.com/vi/Eh-zRU-RZOo/hqdefault.jpg,??? : 세리머니는 했는데 홈런 아니면 어쩌지? 끝내기 홈런 비하인드 [위즈덕후],Eh-zRU-RZOo
"연패를 끊어버리는 난세의 영웅, 문상철의 홈런!!!!!!!!!!!
 
#끝내기홈런 #굿바이홈런 #난세영웅 #문상철 #연장 #V2 #ktwiz #KT위즈 #위즈티비 #위즈 #kt #야구 #KBO #Baseball #프로야구",KT,https://i.ytimg.com/vi/sYJuLUMnNNo/hqdefault.jpg,이 경기를 끝내러 왔다!!!! 문상철의 연장 10회말 끝내기 홈런!!!!!! [위즈덕후],sYJuLUMnNNo
"뜨거운 타선과 덕아웃 응원 요정들의 활약으로
오랜 기다림 끝에 맛본 달달한 승리의 맛✨
kt wiz의 야구는 5월부터 시작입니다!!

#김민혁 #장성우 #이시원 #4안타 #쓰리런 #퇴근길 #V2 #ktwiz #KT위즈 #위즈티비 #위즈 #kt #야구 #KBO #Baseball #프로야구",KT,https://i.ytimg.com/vi/WyOJE2-JPX4/hqdefault.jpg,드디어 연패 탈출💥 뉴페이스들과 함께 한 5월의 첫 경기 [위즈덕후],WyOJE2-JPX4
"부상에서 돌아온 쎄리의 호투와 본기의 마수걸이 홈런!
선발 전원 안타와 함께 삐약이의 신인답지 않은 호수비까지!

#엄상백 #신본기 #정준영 #선발전원안타 #호수비 #홈런 #V2 #ktwiz #KT위즈 #위즈티비 #위즈 #kt #야구 #KBO #Baseball #프로야구",KT,https://i.ytimg.com/vi/pW7FIpw5qJQ/hqdefault.jpg,홈런 찢어! 6K 찢어! 호수비 찢어! 선발 전원 안타로 찢어버린 kt wiz의 3연승! [위즈덕후],pW7FIpw5qJQ
"QS+ 고퀄스가 끌어주고 마수걸이포로 짱포수가 밀어주는 
투타의 황금 밸런스가 돋보인 게임⚖
오늘도 상영된 호백이의 호수비 매드무비(?)까지

#고영표 #장성우 #강백호 #호수비 #퀄리티스타트 #홈런 #황금밸런스 #소형준 #김민수 #V2 #ktwiz #KT위즈 #위즈티비 #위즈 #kt #야구 #KBO #Baseball #프로야구",KT,https://i.ytimg.com/vi/JmQt9hyyq_Q/hqdefault.jpg,"오늘도 호수비 추가요✨ 투타의 완벽한 조화로 만든 2연승 (ft.형준,민수) [위즈덕후]",JmQt9hyyq_Q
"덕아웃에 행운의 부적이 생겼다?!
빅이닝이 무려 2번이나 찾아온 4/16 한화전 경기!
백호의 몸을 던지는 호수비부터 슐서의 KBO리그 데뷔 첫 승의 순간까지!

#행운의부적 #슐서 #강백호 #류현인 #소형준 #V2 #ktwiz #KT위즈 #위즈티비 #위즈 #kt #야구 #KBO #Baseball #프로야구",KT,https://i.ytimg.com/vi/nZMOq5InkQU/hqdefault.jpg,무려 14득점을 만든 행운의 부적?! 숨 쉴 틈 없는 득점 퍼레이드✨ [위즈덕후],nZMOq5InkQU
"호호 브라더스의 동반 홈런포와
위기에 더 강해지는 kt wiz의 마운드!
그리고 칭찬이 칭찬을 낳는 사랑스러운(?) 덕아웃♥️

#벤자민 #박영현 #박병호 #강백호 #홈런 #연승 #덕아웃 #위즈덕후 #V2 #ktwiz #KT위즈 #위즈티비 #위즈 #kt #야구 #KBO #Baseball #신한은행 #SOL #KBO리그",KT,https://i.ytimg.com/vi/9-Im1QRF45w/hqdefault.jpg,사랑해! 종합선물! 맛있다! 👍👍칭찬과 사랑이 가득한 덕아웃...?  [위즈덕후],9-Im1QRF45w
"첫 승을 딴 고퀄스의 QS+ 명품 피칭과
그 뒤를 든든하게 지키는 키쓔톤콤비 수수브라더스의 명품 수비!
명품보다 더 고오급진 경기력 🙌🏻

#고영표 #김상수 #박경수 #조용호 #명품수비 #퀄스플 #위즈덕후 #V2 #ktwiz #KT위즈 #위즈티비 #위즈 #kt #야구 #KBO #Baseball #신한은행 #SOL #KBO리그",KT,https://i.ytimg.com/vi/ZNZz9myUwYk/hqdefault.jpg,아니 여기가 야구장이야? 명품샵이야? 🌟 승리의 첫 원정 경기 [위즈덕후],ZNZz9myUwYk
"벤자민, 알포드 외국인 듀오와 호백이의 맹활약
뜨겁다 못해 끓어넘치는 kt wiz의 타격감으로 만든 빅이닝🔥
만원 관중과 함께한 창단 10주년 승리의 개막전 위즈덕후!

#강백호 #알포드 #벤자민 #개막전 #덕아웃 #직캠 #창단10주년 #여권 #V2 #ktwiz #KT위즈 #위즈티비 #위즈 #kt #야구 #KBO #Baseball #프로야구",KT,https://i.ytimg.com/vi/lgRT1Jddls8/hqdefault.jpg,이렇게 잘하면 영원히 함께하는 수밖에!  창단 10주년 승리의 개막전 [위즈덕후],lgRT1Jddls8
"하늘에서 사라져버린 알포드의 홈런볼?!
kt wiz의 높은 마운드와 견고한 수비로 만든 승리의 순간!

#알포드 #장외홈런 #김상수 #응원가 #코카콜라 #세리머니 #위즈덕후 #덕아웃 #직캠 #시범경기 #V2 #ktwiz #KT위즈 #위즈티비 #위즈 #kt #야구 #KBO #Baseball #프로야구",KT,https://i.ytimg.com/vi/188vjbRSYBc/hqdefault.jpg,월요 미스터리 극장... 사라진 홈런볼의 행방은?! [위즈덕후],188vjbRSYBc
"주말 2연전의 마지막 경기에서 팬분들과 함께 만들어낸 홈 승리!
무럭무럭 자라나는 민석&현우의 활약과 개막전 선발로 예고된 벤자민의 특급 활약!
그리고 예술 그 자체, 상호의 슈퍼캐치까지!
복덩이들이 넘쳐났던 위즈덕후 만나볼까요?

#벤자민 #이상호 #슈퍼캐치 #강현우 #손민석 #시범경기 #위즈덕후 #덕아웃 #직캠 #V2 #ktwiz #KT위즈 #위즈티비 #위즈 #kt #야구 #KBO #Baseball #프로야구",KT,https://i.ytimg.com/vi/tmdDLfcbxwU/hqdefault.jpg,흥행예감! 2023 복덩이들의 맹활약✨ [위즈덕후],tmdDLfcbxwU
"대량득점으로 홈에서 만들어낸 짜릿한 승리! 
민석이의 불타는 타격감과 첫 홈런을 신고한 백호의 솔로홈런까지 위즈덕후에 담았습니다!

#강백호 #첫홈런 #보슐서 #첫승 #손민석 #2타점 #시범경기 #위즈덕후 #덕아웃 #직캠 #V2 #ktwiz #KT위즈 #위즈티비 #위즈 #kt #야구 #KBO #Baseball #프로야구",KT,https://i.ytimg.com/vi/F-YL6JZ0gB8/hqdefault.jpg,나가면 득점이야! 끊임없이 터지는 타점 퍼레이드🔥 [위즈덕후],F-YL6JZ0gB8
"5개월 만에 팬분들 앞에서 쏘아 올린 알포드의 만루포와 그리고 슈퍼루키들의 활약!
그리고 이제는 다른 유니폼을 입고 만난 전) 최강야구 현인 & 준호

#알포드 #만루홈런 #슈퍼루키 #재간둥이 #세리머니 #최강야구 #류현인 #윤준호 #위즈덕후 #덕아웃 #직캠 #시범경기 #V2 #ktwiz #KT위즈 #위즈티비 #위즈 #kt #야구 #KBO #Baseball #프로야구",KT,https://i.ytimg.com/vi/915ko5GX7ns/hqdefault.jpg,5개월 만에 만나는 홈경기! 알포드의 2023 홈런 세리머니는? [위즈덕후],915ko5GX7ns
"화이트데이 사탕보다 달달한 2연승의 맛🍭
자랑스러운 후배들의 활약으로 만든 다득점 경기!!
준영이의 첫 안타를 만든 용호의 특별 과외 비결은?!

#시범경기 #강민성 #김상수 #경북고 #조용호 #정준영 #첫안타 #2연승 #V2 #ktwiz #KT위즈 #위즈티비 #위즈 #kt #야구 #KBO #Baseball #프로야구",KT,https://i.ytimg.com/vi/vgSRRNYLNYg/hqdefault.jpg,상수 심은 데 상수 나고 용호 심은 데 용호난다🌱 [위즈덕후],vgSRRNYLNYg
"2023 시즌 미리보기! 시범경기가 시작했습니다!
한 단계 더 업그레이드 성공한 kt wiz의 마운드
15개의 탈삼진 보는 재미가 쏠쏠한 오늘의 위즈덕후

#시범경기 #철벽마운드 #조이현 #박영현 #손동현 #박세진 #김영현 #첫승 #탈삼진 #황재균 #V2 #ktwiz #KT위즈 #위즈티비 #위즈 #kt #야구 #KBO #Baseball #프로야구",KT,https://i.ytimg.com/vi/FLiB_PC3pqM/hqdefault.jpg,2023.ver 철벽 마운드🛡 15K로 만든 시범경기 첫 승리! [위즈덕후],FLiB_PC3pqM
"여러 감독님들이 촬영한 1인칭 캠으로 훈련 간접 체험!
놀이 기구 간접 체험도 가능👌

00:00 잘 못 들었나?
00:40 이종범 코치님이 너무 많이 분다
01:15 성대모사의 달인
02:25 롤러코스터 간접 체험
03:07 정대 타임
03:23 명언집 뚝딱
04:49 칭찬 감옥에서 시작
06:52 문바오 뭐하는데
08:11 끝없는 호흡 맞추기
09:00 의도 간파
09:18 신박한 촬영 구도
09:51 캐치! 캐치!
10:41 초롱이 발견

#강민성 #박세진 #조대현 #1인칭캠 #마무리캠프 #2024시즌 #V2 #ktwiz #KT위즈 #위즈티비 #위즈 #KT #야구 #KBO #Baseball #프로야구

*본 영상과 무관한 내용의 댓글 및 허위사실, 출연자에 대한 과한 욕설, 비난 및 조롱 등 악의적인 댓글은 무통보 삭제될 수 있습니다.",KT,https://i.ytimg.com/vi/YJEwNHblWKg/hqdefault.jpg,"99도까지는 누구나 가능하지. 100도부터 내 거란 말이야. 주루플레이, PFP, 포수 훈련 1인칭캠🎥 [2024 마무리캠프]",YJEwNHblWKg
"불펜 피칭 멋있습니까? 퇴폐미 있습니까?
상체보다 하체가 중요한 이유는?

00:00 한차현 불펜 피칭
00:42 전용주 불펜 피칭
03:08 차현, 용주 불펜 피칭 소감
04:45 주권 불펜 피칭
06:20 원상현 불펜 피칭
07:02 박세진 불펜 피칭
08:13 강건 불펜 피칭
10:13 강건 불펜 피칭 소감
10:58 세진 불펜 피칭 소감
11:25 강한 모습만 보여주고 싶습니다
11:55 답정너 퇴폐미

#마무리캠프 #불펜피칭 #불펜 #피칭 #주권 #박세진 #한차현 #전용주 #강건 #원상현 #V2 #ktwiz #KT위즈 #위즈티비 #위즈 #KT #야구 #KBO #Baseball #프로야구 

*본 영상과 무관한 내용의 댓글 및 허위사실, 출연자에 대한 과한 욕설, 비난 및 조롱 등 악의적인 댓글은 무통보 삭제될 수 있습니다.",KT,https://i.ytimg.com/vi/yvFOytRR2KM/hqdefault.jpg,감독님이 지켜보고 계셔👀 투수조 불펜 피칭 [2024 마무리캠프],yvFOytRR2KM
"갖고 있는 보드게임은 다 가져갔습니다...
열심히 훈련하는 선수들을 위해 위즈티비가 준비한 오락 시간👾


00:00 미리보기
00:14 팀 짜기
00:56 천병장도 제 말하면 온다
01:31 팀 구호 정하기
01:46 1라운드 꼬치의 달인
02:06 첫 번째 꼬치
02:46 두 번째 꼬치
03:03 맛있게 드세용~
03:11 수요 없는 공급...
03:14 세 번째 꼬치
03:34 네 번째 꼬치
03:45 원쪽이 꼬치를 위해서는 온 힘이 필요하다
04:12 원쪽 미션
05:05 2라운드 해적 룰렛
05:16 시작과 동시에 종료
05:36 두 번째 룰렛
05:58 연속 당첨
06:16 겸손
06:32 또 겸손
06:43 마지막 룰렛
07:09 두려움? 이겨내
07:31 역전 승!
07:45 3라운드 할리갈리
08:11 할리갈리 GO GO
08:37 논란의 발단
09:09 논란의 절정
10:22 페어플레이 하기로 했잖아요
11:00 해맑아서 다행
11:06 해내다
12:33 할리갈리 승리 팀은?
13:04 현재 스코어
13:18 파이널 라운드 응원가 퀴즈
13:34 연습 문제
13:54 첫 번째 응원가
14:12 두 번째 응원가
14:39 날려버려 vs 승리 위해
15:29 네 번째 응원가
16:03 다섯 번째 응원가
16:25 여섯 번째 응원가
16:43 일곱 번째 응원가
16:46 목소리 큰 사람이 승자
17:16 도발 원쪽
17:20 여덟 번째 응원가
18:01 10점 짜리 문제
18:21 역전 승
18:52 이대로 끝내기 아쉬워서 보너스 게임 포켓볼
21:52 아이템전 아닙니다
22:00 우르르
22:14 승리 팀은?
22:18 게임이 끝나고 난 뒤
22:43 다음 편 예고

#마무리캠프 #원상현 #김민석 #신호준 #박태완 #보드게임 #V2 #ktwiz #KT위즈 #위즈티비 #위즈 #KT #야구 #KBO #Baseball #프로야구 

*본 영상과 무관한 내용의 댓글 및 허위사실, 출연자에 대한 과한 욕설, 비난 및 조롱 등 악의적인 댓글은 무통보 삭제될 수 있습니다.",KT,https://i.ytimg.com/vi/-ku4TqLaFjc/hqdefault.jpg,국제 할리갈리 법(?)에 어긋나거든요? 24동기들과 방구석 위즈오락실🎮 [2024 마무리캠프],-ku4TqLaFjc
"일본 마무리캠프에 합류한 동현, 건우, 재원, 준혁
감독님 앞에서 하는 첫 훈련에 카메라까지!

#마무리캠프 #2025신인 #신인 #김동현 #박건우 #김재원 #박준혁 #V2 #ktwiz #KT위즈 #위즈티비 #위즈 #KT #야구 #KBO #Baseball #프로야구 

*본 영상과 무관한 내용의 댓글 및 허위사실, 출연자에 대한 과한 욕설, 비난 및 조롱 등 악의적인 댓글은 무통보 삭제될 수 있습니다.

00:00 신인 선수들 왔어요
01:18 훈련을 시작합니다
02:50 몸 상태 체크를 위한 Pulse throw
04:43 감독님이 지켜본다
05:08 위즈티비 NEW 멤버
06:34 아닙니다 후기
07:16 열정 넘치는 PD님
08:11 첫날 마지막 훈련
10:03 첫날 후기
10:39 신인즈의 불펜 피칭
16:27 피칭 후 인터뷰
17:55 쇠소리 나는 웨이트장
18:25 준혁이 의문의 춤
18:51 티슈의 진짜 용도
19:41 신인즈를 본 선배들
19:52 발 VS 발
20:10 마무리캠프의 시작은...",KT,https://i.ytimg.com/vi/U8OycmWoN3I/hqdefault.jpg,너 누구야?! 야구 잘해? 신인즈의 일본 마무리캠프 신고식 [2024 마무리캠프],U8OycmWoN3I
"쌍촐 피셜 말하기 선수,
오구마 피셜 말대꾸 선수인
민성이가 가득 담아온 마무리캠프 웜업 현장💪

00:00 돌아온 1인칭캠
00:04 쌍촐픽 말하기 선수?
00:20 이 카메라를 수여합니다
00:37 알감자 캠
00:42 구도를 위해 무릎 포기
00:45 하늘 감상 TIME
00:55 구도에 예민
01:04 웜업에 집중하는 남자 (사실 말대꾸 선수...)
01:14 도리도리
01:25 춥다...
01:30 지네 토크
02:08 웜업 고고
02:28 형들 많이 찍어드려
03:01 긍정적이게 웜업 출발
03:16 스트레칭부터 (오디오 일기장)
03:52 파이팅 가자
04:13 할 말 다하는 스타일
05:02 박민석 직캠
05:08 경찰과 도둑 1인칭
05:58 웜업 끝!
06:21 주루 훈련까지?
06:33 다음 편 예고

#강민성 #웜업 #1인칭캠 #마무리캠프 #2024시즌 #V2 #ktwiz #KT위즈 #위즈티비 #위즈 #KT #야구 #KBO #Baseball #프로야구

*본 영상과 무관한 내용의 댓글 및 허위사실, 출연자에 대한 과한 욕설, 비난 및 조롱 등 악의적인 댓글은 무통보 삭제될 수 있습니다.",KT,https://i.ytimg.com/vi/fVSTJnHIImc/hqdefault.jpg,지금은 오전 10시 저희는 스트레칭을 하고 있습니다. 수원 왕자의 웜업캠🎥 [2024 마무리캠프],fVSTJnHIImc
"📢 마무리캠프 첫날 어때요?
선배들: 후배들이 안 껴줘서 저희끼리 뭉쳐있는 거예요
후배들: 어색해요...
어색함 가득한 야수조 마무리캠프⚾

00:00 웨이트로 훈련 시작
00:13 선배들끼리 뭉치면 산다
00:49 치영이 근황
01:21 병준이 형이 놀려요
01:56 삐약이 입대 전 콘텐츠 추천
02:33 정현이 근황
02:44 종휘 근황
03:10 보기만 해도 어색
03:52 본격적인 훈련 시작
05:02 캐치볼 훈련 (feat. 병준 조교)
06:00 외야 수비 훈련 (feat. 병준 조교)
06:52 내야 수비 훈련 (feat. 사회생활)
07:24 포수 수비 훈련
07:42 외야 펑고
09:05 점심 후 다시 훈련 시작
09:11 타격 훈련
10:55 솨악솨악솨악!!!!
11:31 호연&건형 번트 훈련
12:25 준영&승준&서진 번트 훈련
13:25 승준&서진 엑스트라 훈련
13:51 승현 엑스트라 훈련
14:27 범준 엑스트라 훈련
15:03 외야수 범준이 인터뷰
16:16 내야즈 승준&서진 인터뷰
18:07 하루 마무리
18:40 너무 아름다워서 그만..

#마무리캠프 #첫날 #야수 #캠프 #익산 #퓨처스리그 #2024시즌 #V2 #ktwiz #KT위즈 #위즈티비 #위즈 #kt #야구 #KBO #Baseball #KBO리그

*본 영상과 무관한 내용의 댓글 및 허위사실, 출연자에 대한 과한 욕설, 비난 및 조롱 등 악의적인 댓글은 무통보 삭제될 수 있습니다.",KT,https://i.ytimg.com/vi/3kzCaC_ya6I/hqdefault.jpg,부상 없이 캠프 마무리하는 게 목표입니다 [2024 마무리캠프],3kzCaC_ya6I
"익산 국가대표 훈련장에서 시작한 마무리캠프
캠프 첫날부터 합류한 2025 신인즈
설레는 캠프 첫날을 담아왔습니다

#마무리캠프 #첫날 #신인 #캠프 #익산 #퓨처스리그 #2024시즌 #V2 #ktwiz #KT위즈 #위즈티비 #위즈 #kt #야구 #KBO #Baseball #KBO리그

*본 영상과 무관한 내용의 댓글 및 허위사실, 출연자에 대한 과한 욕설, 비난 및 조롱 등 악의적인 댓글은 무통보 삭제될 수 있습니다.

00:00 익산 마무리캠프 신인즈합류
01:29 새로운 얼굴 등장
03:00 강릉고의 새 얼굴
03:37 두근두근 상견례
04:42 본격적인 캠프 시작
05:11 투수조 루틴 정립
06:36 카메라가 왔을 때 어떻게?
07:17 투수조 그라운드 훈련
10:42 강릉고 선후배 만남
12:34 재활조 러닝 훈련
17:00 웨이트장에서
18:43 심장 터지는 셔틀런 측정
24:02 마무리캠프 각오",KT,https://i.ytimg.com/vi/vRgrzBxqxmY/hqdefault.jpg,내가 언제 무서웠냐고! 드디어 만난 강릉고 선후배 [2024 마무리캠프],vRgrzBxqxmY
"2024시즌을 무사히 마치고 일본으로 향하는 kt wiz!
마법사들의 근황과 목표 그리고 피자스쿨...(?)
한층 성장한 마법사로 돌아오겠습니다💪

00:00 인천국제공항 도착
00:09 안녕 아가들
00:12 재헌&세진
00:37 97즈
01:23 1군 선수
01:37 마캠 복장 논란
01:59 말 잘 들은 신인…
02:40 롤 모델 정대 선배님
03:29 막내 민석이의 마캠 소감
03:41 정대캠
04:26 프로선수가 갖춰야 할 1번
04:43 진짜 정대타임
05:17 ?????
05:25 피자스쿨
06:29 정대의 마캠 목표
06:59 민성&민석의 여권 사진 공개
07:15 내야 민석이의 마캠 각오
07:23 민이의 마캠 목표
07:47 권이의 마캠 소감
08:05 포수 민석이의 마캠 소감
08:29 U-23 국대 성민이
08:25 성민이의 룸메는?
09:00 화가 나신 룸메…
09:13 논란의 시즌 마무리 사진
09:32 원쪽력
09:43 환전 플렉스
09:42 동생 눈매 걱정해 주는 형
09:56 또 95즈
10:18 지치지 않는 원쪽력
10:28 조심히 다녀오겠습니다!

#배정대 #박민석 #원상현 #마무리캠프 #출국 #일본 #2024시즌 #V2 #ktwiz #KT위즈 #위즈티비 #위즈 #kt #야구 #KBO #Baseball #KBO리그

*본 영상과 무관한 내용의 댓글 및 허위사실, 출연자에 대한 과한 욕설, 비난 및 조롱 등 악의적인 댓글은 무통보 삭제될 수 있습니다.",KT,https://i.ytimg.com/vi/LBYQvu81vvA/hqdefault.jpg,정장이야? 캐쥬얼이야? 알다가도 모를 마캠 복장(?) 일본 마무리캠프 출국 현장✈ [2024 마무리캠프],LBYQvu81vvA
,SSG,https://i.ytimg.com/vi/6EDahJiKTxA/hqdefault.jpg,본게임 '진짜' 시작합니다.. 어디서도 볼 수 없는 세기의 야구 대결💥ㅣEP.3 그들만의 리그,6EDahJiKTxA
,SSG,https://i.ytimg.com/vi/EEj5GDufAs4/hqdefault.jpg,어떻게 퍼스널컬러가 국가대표?🇰🇷ㅣ프리미어12 대표팀 첫 훈련(10.24),EEj5GDufAs4
#SSGLANDERS #SSG랜더스 #정준재 #이승민 #김창평 #박시후 #정동윤 #김건우 #박지환 #신범수 #백준서 #조형우 #고명준 #오원석 #백승건 #전의산 #신헌민 #김택형 #조요한 #이율예 #신지환 #김현재 #홍대인 #도재현 #이도우 #한지헌 #천범석 #이원준 #장지훈,SSG,https://i.ytimg.com/vi/lvAe3g-Ebf4/hqdefault.jpg,강화에 방문한 월클 쏘니(?) 셀럽들 총출동한 웨이트장💪🏻ㅣ강화 마무리훈련 1탄,lvAe3g-Ebf4
#SSGLANDERS #SSG랜더스 #SSG #조병현 #박지환 #두산베어스 #이병헌 #김택연,SSG,https://i.ytimg.com/vi/ytyy62GJ-_s/hqdefault.jpg,"나야, 쓱튜브🖤 분량까지 이븐하게 준비된 콜라보 영상! (떠든 이: 박지환, 이병헌, 김택연, 조병현)",ytyy62GJ-_s
"""쓱튜브!!!! 투수조 야구 게임 찍었나요?"" 

🎥 “넵!!!!!!💛”

비시즌 어느 날,, 랜필에서 개최된 투수조 게임🔥

투수조 게임 시리즈는 총 4편으로 구성되어,
금일 공개된 1편 영상에 이어 3개의 추가 영상이 순차적으로 발행될 예정입니다!

[투수조 게임] 편성 안내

✔10/17(목) EP.1 (발행 완료)
✔10/25(금) 오후 6시 EP.2 
✔11/1(금)  오후 6시 EP.3
✔11/8(금) 오후 6시 EP.4

편성 일정은 상황에 따라 변동될 수 있는 점 양해 부탁드리며,
우리는 매주 금요일 오후 6시에 만나요😊 
 
#SSGLANDERS  #SSG랜더스 #박성한 #문승원 #김광현 #송영진 #김민식 #이지영 #오태곤 #신범수 #박종훈 #정동윤 #한두솔 #조병현 #노경은 #최민준 #장지훈 #이로운 #서진용 #이건욱 #오원석 #조형우 #김택형",SSG,https://i.ytimg.com/vi/kNTHsEhWT4Q/hqdefault.jpg,〈투수조 게임〉 EP.1 그들만의 처절한 드래프트 현장,kNTHsEhWT4Q
#SSGLANDERS #SSG랜더스 #이지영 #고명준 #조형우 #조병현 #한유섬 #박종훈 #김민식 #오태곤 #이건욱 #김성현 #박성한 #한두솔,SSG,https://i.ytimg.com/vi/DSmVper17NA/hqdefault.jpg,투수조 여행썰부터 선수단 회복 훈련까지! 쓱튜브가 들고 온 비시즌 소식🕊️,DSmVper17NA
"본 영상에는 클로바더빙(CLOVA Dubbing)의 AI 보이스가 사용되었습니다.

#클로바더빙 #민상 #아라 #하준 #다인

바로 가기 URL: https://clovadubbing.naver.com",SSG,https://i.ytimg.com/vi/uLruvxczeGo/hqdefault.jpg,독서하자고? 너 누군데?ㅣ납량특집 뒷이야기! 요한과 건우의 방을 털어라📖,uLruvxczeGo
#SSGLANDERS #SSG랜더스 #정준재 #박지환 #송영진,SSG,https://i.ytimg.com/vi/petO0nhCM_w/hqdefault.jpg,노코멘트 정준재 vs 선물 과시 박지환 vs 콜택시 송영진ㅣ라커룸 삼자대면🌝,petO0nhCM_w
,SSG,https://i.ytimg.com/vi/20Ti9TUC5s4/hqdefault.jpg,끝나지 않을 우리들의 이야기🍁ㅣ랜더스 덕캠(09.30),20Ti9TUC5s4
,SSG,https://i.ytimg.com/vi/di6YTaEhw6k/hqdefault.jpg,SSG랜더스 국내 유격수 최초 3할-10홈런 달성✨,di6YTaEhw6k
,SSG,https://i.ytimg.com/vi/1kDZiugKO_o/hqdefault.jpg,우당탕탕 얼렁뚱땅 정신없는 아기상륙자들의 하루가 왔습니다-짜잔⭐️ㅣ하이 루키 데이 비하인드(09.24),1kDZiugKO_o
,SSG,https://i.ytimg.com/vi/7oo_X69B0TA/hqdefault.jpg,💌승리 알리미💌 정답 맞히는 것보다 웃기는 게 중요한 쓱튜브배 상식퀴즈ㅋㅋㅋㅣ경기 N분 전,7oo_X69B0TA
"오래 기다리셨습니다! 제대로 모시겠습니다⭐️

큰 화제를 몰고 온 선수단의 신분증 모음 영상!
엉렁뚱땅 돌아가는 '랜더스 상사'의 조직도를 본 선수들의 반응은?😉

#SSGLANDERS #SSG랜더스 #정준재 #오태곤 #신범수 #한유섬 #최정 #김성현 #추신수 #송영진 #장지훈 #이로운 #최지훈 #에레디아 #문승원 #서진용 #박종훈 #조재범 #하재훈 #고명준 #박지환 #오원석 #조병현 #노경은 #엘리아스 #박성한",SSG,https://i.ytimg.com/vi/FloD5d8sJDg/hqdefault.jpg,신분증 사진을 본 당신은 웃음을 참지 못하는 마법에 걸립니다.🧝,FloD5d8sJDg
#SSGLANDERS #SSG랜더스,SSG,https://i.ytimg.com/vi/bsMIK1knNzI/hqdefault.jpg,🎤SSG랜더스 지명하겠습니다. 제물포고 포수 ✨이 지 영✨ㅣ랜더스 덕캠(09.14),bsMIK1knNzI
,SSG,https://i.ytimg.com/vi/Dqz_907T85A/hqdefault.jpg,💥주간 팀 승률 1위💥  ˗ˋˏ  가을  ˎˊ˗ 진짜 오심.ㅣ랜더스 덕캠(09.22),Dqz_907T85A
,SSG,https://i.ytimg.com/vi/llii_PqZpjo/hqdefault.jpg,역전승을 부르는 민들레홀씨.. 아니 MJB♦️(P.S. 엘리아스 마니 싸랑해🫰)ㅣ랜더스 덕캠(09.21),llii_PqZpjo
,SSG,https://i.ytimg.com/vi/Z3W-TIBumKY/hqdefault.jpg,에레디아의 첫사랑은 무덤까지 간다.ㅣ랜더스 덕캠(09.19),Z3W-TIBumKY
,SSG,https://i.ytimg.com/vi/0HOkAcys7nM/hqdefault.jpg,"추석 연휴 끝💧으쓱이의 눈물을 닦아줄 선물! '명절 용돈, 얼마가 적당한가?'ㅣ추석 특집 2탄🎁",0HOkAcys7nM
,SSG,https://i.ytimg.com/vi/pc3k9ou0ag4/hqdefault.jpg,마술사의 불꽃 시구와 이를 바라보는 선수단😎,pc3k9ou0ag4
,SSG,https://i.ytimg.com/vi/2NJKQ9EVdNY/hqdefault.jpg,👥(웅성웅성) : 이거 어디서 나온 세리머니야..? 덕아웃을 뒤집어놓은 열정총알💘ㅣ랜더스 덕캠(09.17),2NJKQ9EVdNY
"✨사원증 콘텐츠 예고✨

쓱튜브가 준비한 사원증 모음 2탄✌🏻
여기서 그칠 쓱튜브가 아니죠!!!

곧바로 선수들에게 달려가 보여준 사원증 사진!
이를 본 선수들은 그 어느 때보다 즐거워 보였다는 후문이..🤣

선수단의 찐리액션이 담긴 사원증 콘텐츠는 
차주 발행될 예정이니, 많은 시청 바랍니다🫶🏻",SSG,https://i.ytimg.com/vi/b5DXW1GQ--U/hqdefault.jpg,[미리보기] 사원증 사진을 본 선수들의 반응은?🤵🏻 사원증 모음 업데이트 verㅣ쿠키 시청 필수🍪,b5DXW1GQ--U
,SSG,https://i.ytimg.com/vi/lR-58537pos/hqdefault.jpg,🌕추석 특집 1탄! 쓱튜브배 전 뒤집기 대결👨🏻‍🍳,lR-58537pos
,SSG,https://i.ytimg.com/vi/DJXEsxltUjA/hqdefault.jpg,"다이아몬드가 될 원석을 발굴하는 팀, 스카우트팀의 드래프트 대비 합숙 회의 최초 공개!",DJXEsxltUjA
,SSG,https://i.ytimg.com/vi/ysqhN4Jwi_o/hqdefault.jpg,데뷔 첫 전 구단 상대 홈런 #물밥핑,ysqhN4Jwi_o
#SSGLANDERS #SSG랜더스 #최정 #이지영 #최윤석,SSG,https://i.ytimg.com/vi/Ev52W1wkxBs/hqdefault.jpg,아직 천국이구나..?😈 2025 신인을 향한 롤모델과 드래프트 동기(?)의 조언,Ev52W1wkxBs
,SSG,https://i.ytimg.com/vi/ckVC_u19-dY/hqdefault.jpg,박성한의 개인 첫 1회말 선두타자 홈런,ckVC_u19-dY
,SSG,https://i.ytimg.com/vi/outTbgUNcA4/hqdefault.jpg,쓱튜브의 거짓말을 알아버린 최지훈 #본인등판,outTbgUNcA4
#SSGLANDERS #SSG랜더스 #이율예 #신지환,SSG,https://i.ytimg.com/vi/iAz8kuYRAgU/hqdefault.jpg,"말은 제주도로 보내고, 아기상륙자는 인천으로 보내라💘ㅣ신인 드래프트 현장 스케치 & 지명 결과 브리핑",iAz8kuYRAgU
#SSGLANDERS #SSG랜더스 #최지훈 #요코하마,SSG,https://i.ytimg.com/vi/BB79ZFn2lzM/hqdefault.jpg,울고 있는 야구팬을 도와준 썰💧 '생명의 은인'이 되어 돌아온 최지훈 #본인등판,BB79ZFn2lzM
,SSG,https://i.ytimg.com/vi/W7lCdMSewAM/hqdefault.jpg,마잠발의 유래,W7lCdMSewAM
#SSGLANDERS #SSG랜더스,SSG,https://i.ytimg.com/vi/uRSj72zsNZE/hqdefault.jpg,정준재는 진짜 유명한 문학 강하늘임ㅣ랜더스 덕캠(09.10),uRSj72zsNZE
"📌예약 판매 기간
- 9월 10일 (화) 10시 ~ 9월 18일 (수) 23시 59분

자세한 내용은 10일 오전 10시 구단 인스타그램에 업로드되는 관련 카드뉴스 및 랜더스 온라인샵 by hyungji 내 판매 상세페이지에서 확인하실 수 있습니다.

내일(10일) 홈경기부터 랜픽 스튜디오 곳곳에 선수들이 숨겨놓은 7장의 네컷 사진도 찾아가세요🖤

#SSGLANDERS #SSG랜더스 #조병현 #고명준 #정준재 #박지환",SSG,https://i.ytimg.com/vi/YDayd4EWUXc/hqdefault.jpg,네컷사진📸앞에서 수상할 정도로 프로페셔널한 루키즈💘ㅣ루키 유니폼 촬영 현장,YDayd4EWUXc
#SSGLANDERS #SSG랜더스 #노경은 #노권후,SSG,https://i.ytimg.com/vi/KtO5b-t_DKk/hqdefault.jpg,붕어빵 3대 가족👨‍👨‍👦💕 노경은총의 버킷리스트 성취 현장🧞‍♂️ㅣ시구 비하인드(09.01),KtO5b-t_DKk
#SSGLANDERS #SSG랜더스 #오태곤 #이지영 #고명준 #이로운 #오원석 #조병현 #서진용 #장지훈 #박지환 #정준재 #실험카메라 #소개팅,SSG,https://i.ytimg.com/vi/eTWhnkXKRnA/hqdefault.jpg,[실험 카메라] 쓱튜브의 소개팅 썰을 듣는 선수단의 반응은?,eTWhnkXKRnA
#SSGLANDERS #SSG랜더스 #추신수,SSG,https://i.ytimg.com/vi/Cp1Fx2E6FOY/hqdefault.jpg,캡틴 CHOO🚂 원정 경기 팬 사인회 출근길! #추신수,Cp1Fx2E6FOY
#SSGLANDERS #SSG랜더스 #서진용 #오원석 #랜디 #TXT #투모로우바이투게더 #범규,SSG,https://i.ytimg.com/vi/USWDyn58YjE/hqdefault.jpg,🌸범규 맞이🌸 랜더스 대표 미남즈(?) 총출동!ㅣTXT 범규의 시구 비하인드(08.25),USWDyn58YjE
"쓱튜브가 알려주는 피치컴의 모든 것☆
장비부터 랜더스만의 특별한 피치컴 멘트까지..!! 낱낱이 밝혀드립니다!

#SSGLANDERS #SSG랜더스 #최정 #김민식 #이지영 #오원석 #송영진 #서진용 #정준재 #조병현
#피치컴",SSG,https://i.ytimg.com/vi/cFz7MyaQ9pM/hqdefault.jpg,!!최초 공개!! 랜더스만의 특별한 피치컴 멘트🎧 피치컴의 모든 것을 알려드립니다.,cFz7MyaQ9pM
"파리 올림픽에서 금메달을 목에 걸며 금의환향한 전훈영, 이우석 선수!

두 선수의 랜필 방문 소식에 특별하게 준비해 본 
양궁 국가대표와 랜더스 대표의 치열한 양궁/야구 게임🔥

과연 이 대결의 승자는...?!

#SSGLANDERS #SSG랜더스 #이지영 #조병현 #장지훈 #전훈영 #이우석",SSG,https://i.ytimg.com/vi/x2gDKjG893M/hqdefault.jpg,양궁? 야구? 일단 맞혀볼게요ㅣ국가대표💘 vs 랜더스 대표⚾️,x2gDKjG893M
"예소 공주와 지환 어린왕자🫶🏻

쓱튜브가 기다리고 기다리던.. 예소와 그녀의 새로운 최애와의 만남!
오로지 지환을 위한 예소의 깜찍한 선물까지..🐬

(한 분만 빼고🤭) 모두가 행복했던 시간🥰🥰

#SSGLANDERS #SSG랜더스 #한유섬 #박지환 #김성현 #예소",SSG,https://i.ytimg.com/vi/49TXS6ePr_k/hqdefault.jpg,예소 공주가 지환을 위해 준비한 선물은?👸🏻💝 (ft. 질투쟁이 M.J.B💠),49TXS6ePr_k
#SSGLANDERS #SSG랜더스,SSG,https://i.ytimg.com/vi/8y6ZJgwRxK0/hqdefault.jpg,19K🔥 9이닝 기준 팀 최다 탈삼진 신기록 달성⚾️❤️‍🔥ㅣ랜더스 덕캠(08.25),8y6ZJgwRxK0
#SSGLANDERS #SSG랜더스 #서진용,SSG,https://i.ytimg.com/vi/LqT-EBDEros/hqdefault.jpg,서진용의 500경기 출장 시상식,LqT-EBDEros
#SSGLANDERS #SSG랜더스 #박성빈,SSG,https://i.ytimg.com/vi/M4E1srFC0wg/hqdefault.jpg,박성빈의 소중한 데뷔 첫 삼진공,M4E1srFC0wg
#SSGLANDERS #SSG랜더스,SSG,https://i.ytimg.com/vi/4q3I6WZcZM4/hqdefault.jpg,"일단,, 광정도 오태곤❤️‍🔥 오늘도 외쳐보는 취향 차이!!!🎶ㅣ랜더스 덕캠(08.21)",4q3I6WZcZM4
#SSGLANDERS #SSG랜더스,SSG,https://i.ytimg.com/vi/20m0O04TJ_s/hqdefault.jpg,샤이니 민호 이즈 백🫶🏻! '3년 연속' 시구인 만큼 승부욕 불태우는 사제지간🔥ㅣ시구 비하인드(08.18),20m0O04TJ_s
#SSGLANDERS #SSG랜더스,SSG,https://i.ytimg.com/vi/6GUJwweDJ2U/hqdefault.jpg,진짜 왜 저래!!!..(🤍)️ 선수들마저 반하게 한(?) 엉덩이 대소동👅ㅣ경기 N분 전,6GUJwweDJ2U
#SSGLANDERS #SSG랜더스,SSG,https://i.ytimg.com/vi/G_OrcYR1T2c/hqdefault.jpg,"2024 유행 음식 트렌드를 이해하다: 요아정🍧, 아망추🍹, 두바이 초콜릿🍫ㅣ경기 N분 전",G_OrcYR1T2c
#SSGLANDERS #SSG랜더스,SSG,https://i.ytimg.com/vi/UU5eaD2FRo4/hqdefault.jpg,[과몰입 금지🤦🏻‍♂️] 둘 중 더 별로인 친구는?🤡ㅣ랜더스 출쓱부,UU5eaD2FRo4
#SSGLANDERS #SSG랜더스,SSG,https://i.ytimg.com/vi/Vcn1UsbGITQ/hqdefault.jpg,쾅쾅쾅!!! 홈런타자 외야즈 입장하십니다 ~ ⭐️ㅣ랜더스 덕캠(08.11),Vcn1UsbGITQ
#SSGLANDERS #SSG랜더스,SSG,https://i.ytimg.com/vi/FJpDMKuy38Q/hqdefault.jpg,다음 중 진짜 '불안이'를 고르시오. (2점)ㅣ경기 N분 전,FJpDMKuy38Q
#SSGLANDERS #SSG랜더스,SSG,https://i.ytimg.com/vi/Nlyo3q0DdGg/hqdefault.jpg,🔇데시벨 먹방🔇 60dB 넘으면 바로 뿅망치🤪 조용한 랜필 먹거리 리뷰!,Nlyo3q0DdGg
#SSGLANDERS #SSG랜더스,SSG,https://i.ytimg.com/vi/AE0WbkMQ6-c/hqdefault.jpg,저희 캐치볼하는 사이예요^^ 투수조의 ‘친해지길 바라’👬🏻ㅣ경기 N분 전,AE0WbkMQ6-c
#SSGLANDERS #SSG랜더스,SSG,https://i.ytimg.com/vi/x_uYPG-9qH0/hqdefault.jpg,노래로 알아보는 세대 차이! '그대여' 뒤에 이어질 가사는?🎹ㅣ승리의 퇴근길,x_uYPG-9qH0
#SSGLANDERS #SSG랜더스,SSG,https://i.ytimg.com/vi/Ctac3Z2mDsU/hqdefault.jpg,재유박,Ctac3Z2mDsU
#SSGLANDERS #SSG랜더스,SSG,https://i.ytimg.com/vi/7rkxiozDhlM/hqdefault.jpg,일단 쓱튜브는 오태곤♥️ㅣ랜더스 덕캠(07.31),7rkxiozDhlM
#SSGLANDERS #SSG랜더스,SSG,https://i.ytimg.com/vi/oRvF6c9Bq3g/hqdefault.jpg,"美친 경기, 그리고 더 美쳐버린 오태곤.",oRvF6c9Bq3g
#SSGLANDERS #SSG랜더스,SSG,https://i.ytimg.com/vi/4-YsL339IJc/hqdefault.jpg,에레디아가 써 내려간 극적인 드라마😭💦ㅣ9회말 2아웃 동점 쓰리런 직캠(07.31),4-YsL339IJc
#SSGLANDERS #SSG랜더스,SSG,https://i.ytimg.com/vi/16fF7qoUKSQ/hqdefault.jpg,연승 행진을 이끈 우리의 거포수❤️‍🔥 랜더스는 단독 4위 등극🚨ㅣ랜더스 덕캠(07.30),16fF7qoUKSQ
#SSGLANDERS #SSG랜더스,SSG,https://i.ytimg.com/vi/AZ0ESAYlhfc/hqdefault.jpg,포효 맛집이라고 해서 찾아왔습니다🔊💥 | 랜더스 덕캠(07.28),AZ0ESAYlhfc
#SSGLANDERS #SSG랜더스,SSG,https://i.ytimg.com/vi/Do5T3iGRO20/hqdefault.jpg,돌아온 오태곤과 모두가 까먹은 사일런트 세리머니🤫 | 랜더스 덕캠(07.27),Do5T3iGRO20
#SSGLANDERS #SSG랜더스 #최현욱,SSG,https://i.ytimg.com/vi/Wqpy8UixWZw/hqdefault.jpg,랜필에서 열린 쌍방 팬미팅 현장📸 대왕 으쓱이 ✨최현욱✨ 시구 비하인드!,Wqpy8UixWZw
#SSGLANDERS #SSG랜더스,SSG,https://i.ytimg.com/vi/JAMn-7dkdQg/hqdefault.jpg,24시즌 버전 상무체조 공개🫡ㅣ상무즈의 우천 세리머니☔️,JAMn-7dkdQg
#SSGLANDERS #SSG랜더스,SSG,https://i.ytimg.com/vi/UCCQax656ew/hqdefault.jpg,마잠발의 화려한 귀환👑 랜필 홈런공장 ‘이상 無’ㅣ랜더스 덕캠(07.19),UCCQax656ew
#SSGLANDERS #SSG랜더스,SSG,https://i.ytimg.com/vi/Je2MgvqHBXw/hqdefault.jpg,올스타를 옥타곤으로 만든 우리 개🐶 올스타 랜디 분량 #하드털이,Je2MgvqHBXw
#SSGLANDER #SSG랜더스,SSG,https://i.ytimg.com/vi/BXFUkyb3aEA/hqdefault.jpg,💧우취💧팬분들의 마음을 달래줄 최지훈의 원맨쇼🕺🏻ㅣ경기 N분 전,BXFUkyb3aEA
#SSGLANDERS #SSG랜더스,SSG,https://i.ytimg.com/vi/0IEnx_-47lE/hqdefault.jpg,🎂지환 생일 기념🎂 생애 첫 올스타전에서 친구를 만났어요..(ft.우리 개),0IEnx_-47lE
#SSGLANDERS #SSG랜더스,SSG,https://i.ytimg.com/vi/qjX5svY7W0E/hqdefault.jpg,데뷔 첫 두자릿 수 홈런 완성⭐️,qjX5svY7W0E
#SSGLANDERS #SSG랜더스,SSG,https://i.ytimg.com/vi/GjUqyv0f-J8/hqdefault.jpg,문학 주인들의 가족사진🏟️,GjUqyv0f-J8
#SSGLANDERS #SSG랜더스,SSG,https://i.ytimg.com/vi/vHcEVx41RcY/hqdefault.jpg,가요무대 그거 왜 보냐? ✨박지환✨ 보면 되지!ㅣ랜더스의 뉴페이스 준비 비하인드,vHcEVx41RcY
#SSGLANDERS #SSG랜더스,SSG,https://i.ytimg.com/vi/4J4Gs4I94Js/hqdefault.jpg,☔️우천 노게임 선언☔️ 21드래프트 동기들의 형우네 집들이🏡,4J4Gs4I94Js
#SSGLANDERS #SSG랜더스,SSG,https://i.ytimg.com/vi/7Ll6e4ME6aI/hqdefault.jpg,⭐️랜더스 홈런공장 가동⭐️ㅣ6월 홈런 모음,7Ll6e4ME6aI
#SSGLANDERS #SSG랜더스,SSG,https://i.ytimg.com/vi/cjDDPJfgX_E/hqdefault.jpg,🫧해설위원의 감탄을 자아내는 수비 명장면🫧ㅣ6월 호수비 모음,cjDDPJfgX_E
#SSGLANDERS #SSG랜더스,SSG,https://i.ytimg.com/vi/k0irBDG2X1M/hqdefault.jpg,재치킹들이 몰고 온 후반기 첫 경기 승리😎🤟🏻! 랜더스 덕캠(07.09),k0irBDG2X1M
#SSGLANDERS #SSG랜더스,SSG,https://i.ytimg.com/vi/Z2TEIlnyI-Q/hqdefault.jpg,퓨처스 올스타전 당근남의 호수비,Z2TEIlnyI-Q
"추억을 남기고 간 선수들🐾

00:00 : SSG랜더스 퓨처스팀
00:50 : SSG랜더스 이승민
01:40 : LG트윈스 퓨처스팀
01:54 : NC 다이노스 퓨처스팀
02:03 : 두산베어스 퓨처스팀
02:18 : KIA타이거즈 퓨처스팀
02:36 : 롯데자이언츠 퓨처스팀
03:23 : 삼성라이온즈 퓨처스팀
03:39 : 상무피닉스 권동진 & 조세진 
03:42 : 한화이글스 퓨처스팀
03:44 : SSG랜더스 조형우 & 한화이글스 임종찬
04:28 : kt wiz 퓨처스팀
04:33 : LG트윈스 박동원 & 채이 공주
05:19 : 한화이글스 최재훈 패밀리
05:57 : LG트윈스 오스틴 & 댈러스
06:31 : 한화이글스 주현상 패밀리
07:06 : 해설위원 & 캐스터
07:13 : KIA타이거즈 정해영 & 삼성라이온즈 김지찬
08:09 : 삼성라이온즈 류지혁 & KIA타이거즈 최지민
08:23 : 롯데자이언츠 김원중 & 삼성라이온즈 원태인
09:09 : 롯데자이언츠 김원중 & KIA타이거즈 정해영
09:25 : kt wiz 쿠에바스 & 로하스
09:54 : 랜디 & 망곰이
11:18 : 두산베어스 양의지 & 정수빈 & 양석환 & 이영하 & 김택연 
11:26 : 키움히어로즈 조상우 & 하영민 
11:48 : 랜디",SSG,https://i.ytimg.com/vi/0VprDluI_gQ/hqdefault.jpg,10개 구단 화합의 장 🎈올스타 네 컷 부스🎈,0VprDluI_gQ
,SSG,https://i.ytimg.com/vi/aEzRZEyyrfQ/hqdefault.jpg,문학이네 가족사진📸찍은 날♥ㅣ2024 올스타전 비하인드,aEzRZEyyrfQ
#SSGLANDERS #SSG랜더스,SSG,https://i.ytimg.com/vi/Df_Ml2NebfQ/hqdefault.jpg,"최정 vs 최정, 자기 자신과의 치열한 싸움을 펼친 야구천재..😉",Df_Ml2NebfQ
#SSGLANDERS #SSG랜더스 #박지환,SSG,https://i.ytimg.com/vi/XoeY92rKrnE/hqdefault.jpg,생애 첫 올스타 멀티 퍼포먼스,XoeY92rKrnE
#SSGLANDERS #SSG랜더스 #박지환,SSG,https://i.ytimg.com/vi/sjdjVJU341w/hqdefault.jpg,문학의 슈퍼스타,sjdjVJU341w
#SSGLANDERS #SSG랜더스,SSG,https://i.ytimg.com/vi/NR8bsg11OJ8/hqdefault.jpg,경★문학 아이돌 데뷔★축,NR8bsg11OJ8
#SSGLANDERS #SSG랜더스 #박지환,SSG,https://i.ytimg.com/vi/VgdTNpmcU6M/hqdefault.jpg,박지환 어린이의 첫 등교,VgdTNpmcU6M
#SSGLANDERS #SSG랜더스,SSG,https://i.ytimg.com/vi/S-YyikNC1GE/hqdefault.jpg,그라운드 으쓱이 난입(?) 05즈 후배가 말아주는 최정 응원가💟,S-YyikNC1GE
#SSGLANDERS #SSG랜더스,SSG,https://i.ytimg.com/vi/3Jq-I_7YgAI/hqdefault.jpg,시라카와의 K-간식 먹방 & 인디언밥으로 배우는 보드게임👾,3Jq-I_7YgAI
#SSGLANDERS #SSG랜더스,SSG,https://i.ytimg.com/vi/WYZNq4pd_6k/hqdefault.jpg,쓱튜브! 크림새우 사주세요…!!!🍤🍤🍤 [경기 N분 전],WYZNq4pd_6k
#SSGLANDERS #SSG랜더스,SSG,https://i.ytimg.com/vi/VwVlaSSWMPY/hqdefault.jpg,동거 메이트를 두고 새 집을 찾아 떠난 지환🌟ㅣ동거 형제의 난 [경기 N분 전],VwVlaSSWMPY
#SSGLANDERS #SSG랜더스,SSG,https://i.ytimg.com/vi/urihRWpbycM/hqdefault.jpg,"📞따르르르릉🎶 👥“민식이냐?""ㅣ랜더스 덕캠(06.22)",urihRWpbycM
#SSGLANDERS #SSG랜더스,SSG,https://i.ytimg.com/vi/KIza8RWU5eQ/hqdefault.jpg,랜더스를 지켜내는 영웅들의 이야기ㅣ불꽃놀이 영상(06.22),KIza8RWU5eQ
#SSGLANDERS #SSG랜더스 #시라카와 #케이쇼 #시라카와케이쇼 #白川恵翔 #徳島インディゴソックス,SSG,https://i.ytimg.com/vi/VfzAWBpxVDA/hqdefault.jpg,내 이름이 감자인가…? 왜 자꾸 감자라고 부르지...?ㅣ시라카와가 직접 쓰는 프로필📝,VfzAWBpxVDA
#SSGLANDERS #SSG랜더스,SSG,https://i.ytimg.com/vi/N5KjNGvdh9I/hqdefault.jpg,신(神)인 박지환의 날🧚🏻ㅣ랜더스 덕캠(06.11),N5KjNGvdh9I
#SSGLANDERS #SSG랜더스,SSG,https://i.ytimg.com/vi/CypJLmis898/hqdefault.jpg,슈퍼 루키의 데뷔 첫 3루타,CypJLmis898
#SSGLANDERS #SSG랜더스,SSG,https://i.ytimg.com/vi/pt4J5BHxYP4/hqdefault.jpg,또 다시 찾아온 결승타의 기회💫ㅣ박지환의 10회말 끝내기 현장캠(06.11),pt4J5BHxYP4
#SSGLANDERS #SSG랜더스,SSG,https://i.ytimg.com/vi/hc3hWJs3_FA/hqdefault.jpg,"❌학력고사 아님 주의❌ 학연, 지연, 지인 찬스까지 총동원된 투표 현장😉ㅣ선수단 올스타전 투표 비하인드",hc3hWJs3_FA
#SSGLANDERS #SSG랜더스,SSG,https://i.ytimg.com/vi/ZzkCd5bDZU0/hqdefault.jpg,만원 관중 앞 데뷔 첫 세이브 달성!,ZzkCd5bDZU0
#SSGLANDERS #SSG랜더스,SSG,https://i.ytimg.com/vi/k3K2yiRvPts/hqdefault.jpg,⭐️데뷔 첫 세이브⭐️ 삐친(?) 로운을 달래주기 위한 물세례 대작전👻ㅣ랜더스 덕캠(06.06),k3K2yiRvPts
#SSGLANDERS #SSG랜더스 #앤더슨,SSG,https://i.ytimg.com/vi/bFYBMYzrZSI/hqdefault.jpg,KKKKKKKKKK,bFYBMYzrZSI
#SSGLANDERS #SSG랜더스 #박지환,SSG,https://i.ytimg.com/vi/UQH7-6wX1K0/hqdefault.jpg,[박지환을 만나다] 그라운드 난입 어린이.. 재활 후 훈련에 나선 근황,UQH7-6wX1K0
#SSGLANDERS #SSG랜더스 #김태훈 #박민호,SSG,https://i.ytimg.com/vi/OswByZqyRKw/hqdefault.jpg,🌼쓱튜브 명예 PD🌼 김태훈의 선수단 올스타전 보내기 프로젝트!!!,OswByZqyRKw
#SSGLANDERS #SSG랜더스,SSG,https://i.ytimg.com/vi/73wFxQyttgc/hqdefault.jpg,[경기 N분 전 #하드털이] 그라운드까지 반하게 한 홈유박?!😏,73wFxQyttgc
#SSGLANDERS #SSG랜더스,SSG,https://i.ytimg.com/vi/RrP-65IDmq8/hqdefault.jpg,연패 터널을 지나 다시 일어설 '우리'ㅣ랜더스 덕캠(05.30),RrP-65IDmq8
#SSGLANDERS #SSG랜더스 #정현승,SSG,https://i.ytimg.com/vi/6XQU05AsW5s/hqdefault.jpg,데뷔전 멀티 히트의 주인공,6XQU05AsW5s
#SSGLANDERS #SSG랜더스 #최정,SSG,https://i.ytimg.com/vi/d6Kvhwed5fk/hqdefault.jpg,연패 탈출을 이끈 최정의 역전 홈런,d6Kvhwed5fk
#SSGLANDERS #SSG랜더스 #최정,SSG,https://i.ytimg.com/vi/0HQFHpgqQMg/hqdefault.jpg,야구 천재 부자🫶🏻 최정 미니미들이 참석한 시상식 현장🏆ㅣLegendary 468 Series 비하인드,0HQFHpgqQMg
#SSGLANDERS #SSG랜더스,SSG,https://i.ytimg.com/vi/NbnTQm00m1c/hqdefault.jpg,🍀연승 기념🍀 두 공주에게 라인프렌즈 협업 굿즈를 보여주었더니?👀ㅣSSG LANDERS with LINE FRIENDS,NbnTQm00m1c
#SSGLANDERS #SSG랜더스 #최정,SSG,https://i.ytimg.com/vi/pKSZa34egHE/hqdefault.jpg,야구천재가 된 노력천재 이야기ㅣ불꽃놀이 영상(05.25),pKSZa34egHE
#SSGLANDERS #SSG랜더스 #최정,SSG,https://i.ytimg.com/vi/4ap-DL2Keqc/hqdefault.jpg,페이커의 축하 메시지를 받고 성덕이 된 최정🫶,4ap-DL2Keqc
#SSGLANDERS #SSG랜더스 #최정 #페이커,SSG,https://i.ytimg.com/vi/po1_jiKigJ4/hqdefault.jpg,으흐흐흐🙈 레전드를 설레게 만든 페이커의 등장ㅣ축하 메시지 영상 비하인드,po1_jiKigJ4
#SSGLANDERS #SSG랜더스,SSG,https://i.ytimg.com/vi/4Ds7BviOeF0/hqdefault.jpg,※한 줄 요약 : 사고 치고 혼나기를 무한 반복하는 쓱튜브💫ㅣ경기N분전,4Ds7BviOeF0
#SSGLANDERS #SSG랜더스 #문승원,SSG,https://i.ytimg.com/vi/eCeiGlY4Pww/hqdefault.jpg,에잇 기분이다! 인천의 오타니!!!ㅣ'5번 타자 문승원' 사건의 재구성,eCeiGlY4Pww
#SSGLANDERS #SSG랜더스,SSG,https://i.ytimg.com/vi/UYz-WAE1czk/hqdefault.jpg,여기가 천국인가? 귀여워서 웃다가 잇몸 마르는 ⭐️주니어들의 영상⭐️ㅣ경기N분후,UYz-WAE1czk
,SSG,https://i.ytimg.com/vi/4e5UYiVoMyQ/hqdefault.jpg,🎁우천취소 이벤트🎁 한두솔의 그라운드 노래 자랑🎤,4e5UYiVoMyQ
"안녕하세요, 쓱튜브입니다!

승리 콘텐츠 변동 사항 안내드립니다. 

금일 영상과 같이 앞으로는 '쓱터뷰' 단독 발행 없이 '랜더스 직캠'에 수훈 선수 인터뷰 삽입하여 제작될 예정입니다!

감사합니다:)

#SSGLANDERS #SSG랜더스",SSG,https://i.ytimg.com/vi/UfrjGzGN1tI/hqdefault.jpg,[랜더스 덕캠] 대승을 견인한 홈런 퍼레이드💥💥💥,UfrjGzGN1tI
#SSGLANDERS #SSG랜더스 #이지영,SSG,https://i.ytimg.com/vi/ZVnitbQfZzc/hqdefault.jpg,역전 적시타 치는 복덩이 포수,ZVnitbQfZzc
#SSGLANDERS #SSG랜더스 #박성한,SSG,https://i.ytimg.com/vi/4MXq5yWOMc8/hqdefault.jpg,오늘은 박성한의 날!,4MXq5yWOMc8
#SSGLANDERS #SSG랜더스,SSG,https://i.ytimg.com/vi/LLduA8Ufbac/hqdefault.jpg,⭐️경기N시간전⭐️ ‘친해지길 바라’ 지훈X카머리♥️ㅣ최지훈의 홈경기 단독 훈련 스케치,LLduA8Ufbac
#SSGLANDERS #SSG랜더스 #앤더슨,SSG,https://i.ytimg.com/vi/9UsoooSo1qM/hqdefault.jpg,새로운 외국인 투수! 드류 앤더슨의 첫 인사👐🏻,9UsoooSo1qM
#SSGLANDERS #SSG랜더스 #정준재,SSG,https://i.ytimg.com/vi/qqPEwjZeguY/hqdefault.jpg,"데뷔 첫 선발 출장, 정준재의 활약!",qqPEwjZeguY
#SSGLANDERS #SSG랜더스 #최정,SSG,https://i.ytimg.com/vi/zCsx35JsjHs/hqdefault.jpg,딩동! 푸드트럭이 도착했습니다💌 신기록 달성 기념❕최정의 통큰 선물🎁,zCsx35JsjHs
#SSGLANDERS #SSG랜더스 #고명준 #조병현,SSG,https://i.ytimg.com/vi/jXySCGWxuD4/hqdefault.jpg,두 소년의 꿈 이야기ㅣ불꽃놀이 영상(05.04),jXySCGWxuD4
"✨최정 468홈런 기념 상품 주문 예약 안내✨

📌 최정 최다홈런 기념 골드 유니폼 : 4/30(화) 14:00 ~ 5/7(화) 14:00
📌 최정 최다홈런 기념 블랙 유니폼 : 5/14(화) 14:00 ~ 5/21(화) 14:00
📌 모자, 기념구, 볼 케이스, 와펜 2종, 키링, 주화, 사인배트 : 5/24(금) 14:00 ~ 5/31(금) 14:00

세부사항은 랜더스샵 by hyungji에서 확인하실 수 있습니다!

📌 골드 유니폼 구매 페이지 바로가기 : https://store.ssglanders.com/product/8JuIxbHG?whiteListYn=Y
📌 랜더스샵 by hyungji 최정 최다홈런 기념 상품 공지사항 보러가기 : https://store.ssglanders.com/board/noticeList

#SSGLANDERS #SSG랜더스 #최정",SSG,https://i.ytimg.com/vi/qk5iswzKWNY/hqdefault.jpg,천사의 날개를 단 디자이너👼ㅣ최다 홈런 기념 유니폼 제작기 영상,qk5iswzKWNY
#SSGLANDERS #SSG랜더스,SSG,https://i.ytimg.com/vi/bfHRyMoqLvM/hqdefault.jpg,🤍어린이날 특집🤍 랜더스배 키즈 모델 선발 대회 개최👶🏻ㅣ랜더스 출쓱부,bfHRyMoqLvM
#SSGLANDERS #SSG랜더스,SSG,https://i.ytimg.com/vi/rjdL_RNpJeg/hqdefault.jpg,복덩이 뉴페이스들의 등장 & 집념의 역전승ㅣ4월 먼슬리 하이라이트,rjdL_RNpJeg
"조병현 선수의 댓글 이벤트 당첨자는 이벤트 영상의 상단 고정 댓글로 안내되었으니 아래 링크를 통해 확인해주세요☺️

https://youtu.be/6s2dHcOkPZQ?si=ZgiI75Nqmv4B9Zy3

#SSGLANDERS #SSG랜더스",SSG,https://i.ytimg.com/vi/YC8WE7_2bf8/hqdefault.jpg,연례행사! 곰돌이 두 마리의 만남🧸 2주치 경기N분전 대방출🌟,YC8WE7_2bf8
#SSGLANDERS #SSG랜더스,SSG,https://i.ytimg.com/vi/WpVc7Mry8C0/hqdefault.jpg,[랜더스 덕캠] 무려 11득점⚡️ 타선의 집중력으로 만든 빅이닝! 4회말 덕캠 모음.zip,WpVc7Mry8C0
#SSGLANDERS #SSG랜더스 #박지환,SSG,https://i.ytimg.com/vi/A1n12t2RonM/hqdefault.jpg,박지환의 단독 쓱터뷰! 스승님께 전해보는 감사 인사🙇🏻‍♂️,A1n12t2RonM
#SSGLANDERS #SSG랜더스,SSG,https://i.ytimg.com/vi/jCTy09wJd9s/hqdefault.jpg,3652일 만의 1이닝 11득점 달성♨️ㅣ경기 하이라이트(04.28),jCTy09wJd9s
#SSGLANDERS #SSG랜더스 #최정,SSG,https://i.ytimg.com/vi/TZC7zrqWdc0/hqdefault.jpg,통산 469호 홈런은 그랜드슬램으로🔥ㅣ최정의 통산 14번째 만루홈런 직캠(04.28),TZC7zrqWdc0
#SSGLANDERS #SSG랜더스 #정동윤 #신범수,SSG,https://i.ytimg.com/vi/kbTiWaYr3KI/hqdefault.jpg,강비 코치님의 본격 으쓱이 힐링 프로젝트💓ㅣ강화군 길상면 한 바퀴,kbTiWaYr3KI
#SSGLANDERS #SSG랜더스 #이로운 #오원석,SSG,https://i.ytimg.com/vi/8sc8vrdIfiE/hqdefault.jpg,⭐️최초⭐️ 동반 쓱터뷰! 웃음은 많지만 기특한 내 동생🤭,8sc8vrdIfiE
"- 영상 : KBSN SPORTS 제공

#SSGLANDERS #SSG랜더스 #최정",SSG,https://i.ytimg.com/vi/_uZn0ivchQc/hqdefault.jpg,468홈런의 발자취ㅣLEGENDARY 468,_uZn0ivchQc
#SSGLANDERS #SSG랜더스 #최정,SSG,https://i.ytimg.com/vi/6dDhMDN7prw/hqdefault.jpg,당신이 생각하는 최고의 홈런은?ㅣ최정의 베스트 홈런 모음🎞️,6dDhMDN7prw
#SSGLANDERS #SSG랜더스,SSG,https://i.ytimg.com/vi/u6NdU019Kaw/hqdefault.jpg,“오늘은 꼭 이기자” 대기록을 더욱 빛내기 위해 하나로 뭉친 선수단👊🏻ㅣ랜더스 덕캠(04.24),u6NdU019Kaw
"4/24(수) 경기의 랜더스 덕캠은 금일(4/25) 오전에 업로드될 예정입니다!

#SSGLANDERS #SSG랜더스 #최정 #최항",SSG,https://i.ytimg.com/vi/4BrLnLAvWwM/hqdefault.jpg,같은 등번호를 가진 동생 앞에서 세운 대기록✨,4BrLnLAvWwM
"촬영에 협조해 주신 모든 분께 진심으로 감사드립니다🙇🏻‍♂️

00:00 김재현 단장
00:23 박정권 해설위원
00:50 로맥
01:28 한화이글스 이태양
01:54 한화이글스 노시환
02:16 T1 페이커
02:45 추신수
03:08 김광현
04:03 박종훈
04:17 한유섬
04:28 오태곤
04:42 하재훈
04:54 노경은
05:25 고효준
05:54 최지훈
06:10 박성한
06:19 이지영
06:48 조형우
07:02 오원석
07:14 송영진
07:38 이로운
07:54 조동화 코치
08:09 이승호 코치
08:26 롯데자이언츠 최항

#SSGLANDERS #SSG랜더스 #최정",SSG,https://i.ytimg.com/vi/lTg1z6WjcKQ/hqdefault.jpg,어느덧 KBO의 최정상으로 오른 한 소년장사에게💌,lTg1z6WjcKQ
#SSGLANDERS #SSG랜더스 #최정,SSG,https://i.ytimg.com/vi/W7RZCn3NWJw/hqdefault.jpg,"LEGENDARY 468, 1호 홈런부터 대기록 작성 순간까지",W7RZCn3NWJw
#SSGLANDERS #SSG랜더스 #최정,SSG,https://i.ytimg.com/vi/aHP3ixY27Gs/hqdefault.jpg,최정의 4️⃣6️⃣8️⃣번째 홈런 직캠🎥,aHP3ixY27Gs
#SSGLANDERS #SSG랜더스 #최정,SSG,https://i.ytimg.com/vi/ofRuLe5Bbck/hqdefault.jpg,KBO리그 홈런의 새로운 역사🔥,ofRuLe5Bbck
"🌼쓱튜브 댓글 이벤트🌼

조병현 선수를 향한 ❗재미있는❗ 응원의 메시지를 댓글로 남겨주세요. 
선수가 선정한 세 분께 '직접 마킹한 레플리카 유니폼&포토카드' 세트를 선물로 드립니다💝

- 참여기간 : 4월 23일~4월 25일
- 당첨자 발표 : 4월 29일 상단 고정 댓글로 안내 예정",SSG,https://i.ytimg.com/vi/6s2dHcOkPZQ/hqdefault.jpg,"야구계에 빼앗긴 마킹 인재,, 조뱅의 숨겨둔 재능을 공개합니다🫣",6s2dHcOkPZQ
#SSGLANDERS #SSG랜더스,SSG,https://i.ytimg.com/vi/zvpi8mAM0lY/hqdefault.jpg,악마의 편집 해명합니다.ㅣ경기N분전,zvpi8mAM0lY
#SSGLANDERS #SSG랜더스 #박지환 #에레디아,SSG,https://i.ytimg.com/vi/q91Ic3W6ANE/hqdefault.jpg,[쓱터뷰] 손시헌 퓨처스 감독을 향한 어린이의 사랑 고백(쿠키있음🍪),q91Ic3W6ANE
#SSGLANDERS #SSG랜더스 #박지환,SSG,https://i.ytimg.com/vi/9cYgLComlDI/hqdefault.jpg,파이팅 넘치는 신인 1라운더😝,9cYgLComlDI
#SSGLANDERS #SSG랜더스 #김성현,SSG,https://i.ytimg.com/vi/Sf3AUSXgHws/hqdefault.jpg,큐틸리티 식스,Sf3AUSXgHws
#SSGLANDERS #SSG랜더스 #박지환,SSG,https://i.ytimg.com/vi/W0G7DadJjkg/hqdefault.jpg,"지환의 데뷔 첫 안타, 첫 타점 기록 순간",W0G7DadJjkg
#SSGLANDERS #SSG랜더스,SSG,https://i.ytimg.com/vi/sEwvc4_RBSY/hqdefault.jpg,조병현 하이라이트는 현재진행형,sEwvc4_RBSY
#SSGLANDERS #SSG랜더스 #한유섬 #최정,SSG,https://i.ytimg.com/vi/kVXtPlMPSOc/hqdefault.jpg,[쓱터뷰] 형이 이끌고 동생이 끝냈습니다. 9회말 극장포 두 방의 주인공들🎀,kVXtPlMPSOc
#SSGLANDERS #SSG랜더스 #최정 #한유섬,SSG,https://i.ytimg.com/vi/Up3eoyCtqk0/hqdefault.jpg,평행이론,Up3eoyCtqk0
#SSGLANDERS #SSG랜더스,SSG,https://i.ytimg.com/vi/7z8pwaL4Y48/hqdefault.jpg,[랜더스 덕캠] 오늘 으쓱이들 누울 자리는 여기! 낭만 가득한 9회말 엔딩🥺♥️,7z8pwaL4Y48
#SSGLANDERS #SSG랜더스 #이지영,SSG,https://i.ytimg.com/vi/R21lnVLZngw/hqdefault.jpg,1경기 2도루저지,R21lnVLZngw
#SSGLANDERS #SSG랜더스,SSG,https://i.ytimg.com/vi/aT3hjoPNU8M/hqdefault.jpg,중심 타선이 써 내려간 역전드라마💦ㅣ9회말 동점➡️역전 순간 직캠(04.16),aT3hjoPNU8M
#SSGLANDERS #SSG랜더스 #고명준,SSG,https://i.ytimg.com/vi/qGzVr_RISgo/hqdefault.jpg,오늘도 홈런?!,qGzVr_RISgo
#SSGLANDERS #SSG랜더스,SSG,https://i.ytimg.com/vi/lN5n0X-j0RQ/hqdefault.jpg,랜더스의 보석이 완성한 위닝시리즈💎ㅣ경기 하이라이트(04.14),lN5n0X-j0RQ
#SSGLANDERS #SSG랜더스 #최정,SSG,https://i.ytimg.com/vi/Xp59VGaAAB0/hqdefault.jpg,최다 홈런 신기록 달성까지 ‘-2’,Xp59VGaAAB0
#SSGLANDERS #SSG랜더스,SSG,https://i.ytimg.com/vi/EA8QRbbO6Ic/hqdefault.jpg,랜더스 내 떠오르는 닮은꼴🤫 목욕탕에서 사인회 개최될 뻔한 썰 풉니다.ㅣ경기N분전,EA8QRbbO6Ic
#SSGLANDERS #SSG랜더스 #오원석,SSG,https://i.ytimg.com/vi/ZZmW0-UKD2k/hqdefault.jpg,5.2이닝 1실점 4K,ZZmW0-UKD2k
#SSGLANDERS #SSG랜더스 #박종훈,SSG,https://i.ytimg.com/vi/cG_wVvyhNto/hqdefault.jpg,"259일 만의 QS, 우리의 영원한 잠수함🥹❤️‍🔥ㅣ박종훈 피칭 하이라이트",cG_wVvyhNto
#SSGLANDERS #SSG랜더스 #최민준 #안소희 #박민수 #랜디,SSG,https://i.ytimg.com/vi/36JAUKNTHD8/hqdefault.jpg,"응원가 따라하는 강아지 실존,, 승요가 된 귀염뽀작 댕댕이들🥰ㅣ도그데이 스케치🐾",36JAUKNTHD8
#SSGLANDERS #SSG랜더스 #퓨처스팀 #최준우 #김창평,SSG,https://i.ytimg.com/vi/ySymCJeObRU/hqdefault.jpg,주중 3연전 퓨처스팀 주요 선수 하이라이트 [최준우&김창평],ySymCJeObRU
#SSGLANDERS #SSG랜더스 #김광현 #고명준,SSG,https://i.ytimg.com/vi/ITOLShJx7Uw/hqdefault.jpg,[쓱터뷰] 시즌 10번째 팀 승리를 이끈 주인공들🌸,ITOLShJx7Uw
#SSGLANDERS #SSG랜더스,SSG,https://i.ytimg.com/vi/kBrB3PUW824/hqdefault.jpg,[랜더스 덕캠] 한유섬 홈런=승리⚡️행운을 부르는 마름모 잠자리발🍀,kBrB3PUW824
#SSGLANDERS #SSG랜더스 #김광현,SSG,https://i.ytimg.com/vi/s5yyY6nhGKI/hqdefault.jpg,김광현의 6K,s5yyY6nhGKI
#SSGLANDERS #SSG랜더스,SSG,https://i.ytimg.com/vi/6T0yeAIcUv8/hqdefault.jpg,[랜더스 덕캠] 에레디아 버전 김성현 응원가 최초 공개(?)😏ㅣ8회 역전의 순간 덕아웃 반응!,6T0yeAIcUv8
#SSGLANDERS #SSG랜더스 #한유섬,SSG,https://i.ytimg.com/vi/zKnPMw5Voio/hqdefault.jpg,마름모발이 이뤄낸 중국행,zKnPMw5Voio
#SSGLANDERS #SSG랜더스 #고명준,SSG,https://i.ytimg.com/vi/MLLsNqX7kYk/hqdefault.jpg,데뷔 첫 홈런 소감,MLLsNqX7kYk
#SSGLANDERS #SSG랜더스 #이기순,SSG,https://i.ytimg.com/vi/7ukKowrvFBo/hqdefault.jpg,상무 발탁 기순보이,7ukKowrvFBo
"쓱튜브의 13번째 생일을 맞았던 지난 일요일!
오늘 오원석 선수의 시즌 첫승 기념으로 쓱튜브 생일 축하 영상을 공개합니다🙌🏻

#SSGLANDERS #SSG랜더스 #오원석",SSG,https://i.ytimg.com/vi/xyVAQw9Z1wA/hqdefault.jpg,쓱튜브 생일은 앞뒤로 일주일🤪,xyVAQw9Z1wA
#SSGLANDERS #SSG랜더스,SSG,https://i.ytimg.com/vi/zGs3QaFT7Bc/hqdefault.jpg,선수단이 뽑은 6연승의 일등 공신은?👑 깜짝 퇴근길(04.04),zGs3QaFT7Bc
#SSGLANDERS #SSG랜더스 #조병현,SSG,https://i.ytimg.com/vi/YGR98EnvTig/hqdefault.jpg,'특급 불펜' 조병현의 KKKKKㅣ조병현의 피칭 하이라이트 2탄,YGR98EnvTig
#SSGLANDERS #SSG랜더스 #송영진 #오원석 #이로운 #박성한 #추신수 #조원우 #조형우 #고명준 #최지훈 #이지영 #에레디아 #김성현 #한유섬,SSG,https://i.ytimg.com/vi/5S8QmY7STaI/hqdefault.jpg,"""푸바오, 잘 자라고 있어"" 유섬 패밀리가 사랑하는 바오 패밀리🐼💓ㅣ경기N분전",5S8QmY7STaI
#SSGLANDERS #SSG랜더스 #고효준 #최지훈,SSG,https://i.ytimg.com/vi/t9rDUS-noNk/hqdefault.jpg,[쓱터뷰] 쓱튜브의 명령으로(?) 안타친 중견수🤭 경기N분전 커밍쑨⭐️,t9rDUS-noNk
#SSGLANDERS #SSG랜더스,SSG,https://i.ytimg.com/vi/0dYtzgKw9KE/hqdefault.jpg,[랜더스 덕캠] 헬멧 폭격 포착📸 역전 순간 덕아웃 반응⚡️,0dYtzgKw9KE
#SSGLANDERS #SSG랜더스,SSG,https://i.ytimg.com/vi/NdHUoW1Nlmc/hqdefault.jpg,[랜더스 덕캠] 홈런 5방🎇 홈런 현장 덕캠 모음.zip,NdHUoW1Nlmc
#SSGLANDERS #SSG랜더스 #박성한 #한유섬,SSG,https://i.ytimg.com/vi/nArfgFLf-V8/hqdefault.jpg,[쓱터뷰] 거포군단💪🏻 4연승 질주를 이끈 홈런타자들의 소감🗣️,nArfgFLf-V8
#SSGLANDERS #SSG랜더스 #한유섬,SSG,https://i.ytimg.com/vi/mLk0Jxy0KsM/hqdefault.jpg,한유섬의 날,mLk0Jxy0KsM
#SSGLANDERS #SSG랜더스,SSG,https://i.ytimg.com/vi/ZmUmYTtJIN0/hqdefault.jpg,3회 빅이닝 완성✨,ZmUmYTtJIN0
#SSGLANDERS #SSG랜더스,SSG,https://i.ytimg.com/vi/JEzpi46qaUg/hqdefault.jpg,24시즌 신규 응원가 모음🌟,JEzpi46qaUg
#SSGLANDERS #SSG랜더스,SSG,https://i.ytimg.com/vi/KNygFPp0vVM/hqdefault.jpg,⭐️시즌 첫! 경기 N분 전⭐️ 개막시리즈 비하인드부터 반가운 얼굴까지🫶🏻,KNygFPp0vVM
#SSGLANDERS #SSG랜더스 #최지훈 #전의산 #에레디아,SSG,https://i.ytimg.com/vi/_DyUev1pT6I/hqdefault.jpg,뜨거운 포옹 중 빛나던 그의 눈가💧 최지훈의 눈물 해명ㅣ사건의 재구성,_DyUev1pT6I
#SSGLANDERS #SSG랜더스 #고효준,SSG,https://i.ytimg.com/vi/sJUbYJ89o6w/hqdefault.jpg,(※심장주의) 그라운드에 나타난 이연 공주👼🏻💖 [경기N분후],sJUbYJ89o6w
#SSGLANDERS #SSG랜더스,SSG,https://i.ytimg.com/vi/4_JoBbbo_N4/hqdefault.jpg,[랜더스 덕캠] 포효하는 선수단💥 끝내기 순간 덕아웃 반응😎,4_JoBbbo_N4
#SSGLANDERS #SSG랜더스 #엘리아스 #에레디아 #고명준,SSG,https://i.ytimg.com/vi/0t9e14y33PQ/hqdefault.jpg,"[쓱터뷰] 팀 승리를 이끈 데뷔 첫 안타, 그리고 끝내기 홈런",0t9e14y33PQ
#SSGLANDERS #SSG랜더스,SSG,https://i.ytimg.com/vi/n6JeLCdZZgM/hqdefault.jpg,끝내기 홈런 순간 직캠(03.24),n6JeLCdZZgM
#SSGLANDERS #SSG랜더스,SSG,https://i.ytimg.com/vi/Aq7VmNYWrSs/hqdefault.jpg,NO LIMITS AMAZING LANDERS🌟ㅣ24시즌 시그널 영상,Aq7VmNYWrSs
#SSGLANDERS #SSG랜더스,SSG,https://i.ytimg.com/vi/It4KMVKbZBk/hqdefault.jpg,"8회, 랜필에 울려퍼진 연안부두ㅣ개막전 연안부두 떼창 직캠🎥",It4KMVKbZBk
#SSGLANDERS #SSG랜더스,SSG,https://i.ytimg.com/vi/7LJIXet7WQU/hqdefault.jpg,[랜더스 덕캠] 도파민 MAX🌋 개막전 덕캠 모음.zip,7LJIXet7WQU
#SSGLANDERS #SSG랜더스 #최지훈 #최정,SSG,https://i.ytimg.com/vi/uRZ6vM9QrFA/hqdefault.jpg,"[쓱터뷰] 최정의 3타점을 예언한 훈스트라다무스😉 특별 출연 : 한호, 하영👼💛",uRZ6vM9QrFA
#SSGLANDERS #SSG랜더스 #한유섬 #최정,SSG,https://i.ytimg.com/vi/JfBZ1eH9VVU/hqdefault.jpg,개막전 홈런 모음,JfBZ1eH9VVU
#SSGLANDERS #SSG랜더스 #최지훈,SSG,https://i.ytimg.com/vi/fLwgGgZiw0g/hqdefault.jpg,최지훈의 맹활약,fLwgGgZiw0g
#SSGLANDERS #SSG랜더스 #노경은,SSG,https://i.ytimg.com/vi/3lBrMnPafsE/hqdefault.jpg,랜필에 내린 노경은총,3lBrMnPafsE
#SSGLANDERS #SSG랜더스,SSG,https://i.ytimg.com/vi/Q6iL_rvPRss/hqdefault.jpg,🔥개막전 승리🔥 손꼽아 기다려온 개막 경기에 나타난 빌런😈ㅣ랜더스 출쓱부,Q6iL_rvPRss
#SSGLANDERS #SSG랜더스,SSG,https://i.ytimg.com/vi/uOiNXL3qul4/hqdefault.jpg,등장곡 선점을 위한 경쟁⚡️ 24시즌 등장곡 선정 비하인드!,uOiNXL3qul4
#SSGLANDERS #SSG랜더스 #이숭용 #최정 #서진용,SSG,https://i.ytimg.com/vi/Afj-Fh0gu4E/hqdefault.jpg,드디어 개막까지 D-1🔥ㅣ2024 미디어데이 스케치(03.22),Afj-Fh0gu4E
#SSGLANDERS #SSG랜더스,SSG,https://i.ytimg.com/vi/rl7a5GHxefQ/hqdefault.jpg,2024 NEW LANDING Behind The Scenes💫,rl7a5GHxefQ
#SSGLANDERS #SSG랜더스 #추신수 #하재훈 #박종훈 #박대온,SSG,https://i.ytimg.com/vi/FXri35rgMpU/hqdefault.jpg,"[2024 쓱샤를 합시다] EP.1 캡틴 CHOO의 라스트 댄스, 그 여정의 시작😌",FXri35rgMpU
#SSGLANDERS #SSG랜더스 #이지영,SSG,https://i.ytimg.com/vi/0PU-Af5I-Og/hqdefault.jpg,이지영 응원가 (응원단상.ver),0PU-Af5I-Og
#SSGLANDERS #SSG랜더스 #박민수 #이대현 #김도아 #김예빈 #박재령 #배수현 #유보영 #이리안 #이엄지 #이연진 #이주희 #조다정 #랜디,SSG,https://i.ytimg.com/vi/2SW9OmsjhDE/hqdefault.jpg,2024시즌 SSG랜더스 응원단 소개 M/V❤️,2SW9OmsjhDE
#SSGLANDERS #SSG랜더스 #김태훈 #박민호 #고명준 #에레디아 #추신수 #박지환 #김찬형 #김정민,SSG,https://i.ytimg.com/vi/NKjVRRNAd0w/hqdefault.jpg,쓱튜브 원조 대주주의 등장🌟 투수가 안되면~ 태훈 스쿨🎵 [경기N분전],NKjVRRNAd0w
#SSGLANDERS #SSG랜더스 #박지환,SSG,https://i.ytimg.com/vi/zJZgjIHhUWI/hqdefault.jpg,"[데일리 쓱터뷰] 선취득점의 주인공, 박지환",zJZgjIHhUWI
#SSGLANDERS #SSG랜더스 #조형우,SSG,https://i.ytimg.com/vi/OJpjRyKTCJg/hqdefault.jpg,"[데일리 쓱터뷰] 2안타 2타점 기록, 조형우",OJpjRyKTCJg
#SSGLANDERS #SSG랜더스 #박정권 #전의산,SSG,https://i.ytimg.com/vi/IYk-XKhsCpI/hqdefault.jpg,홈런 토템? 가을정권의 손을 잡았더니 생긴 일🍀ㅣ전의산의 홈런 비하인드(03.17),IYk-XKhsCpI
#SSGLANDERS #SSG랜더스 #추신수,SSG,https://i.ytimg.com/vi/BvkpzVZchYs/hqdefault.jpg,"시범경기 첫 출장, 첫 홈런⚾️",BvkpzVZchYs
#SSGLANDERS #SSG랜더스 #박지환,SSG,https://i.ytimg.com/vi/nJt0kbjN65A/hqdefault.jpg,오오오 박지환~♪ ⭐루키 박지환⭐ 응원가 공개!,nJt0kbjN65A
#SSGLANDERS #SSG랜더스,SSG,https://i.ytimg.com/vi/xk7QBUQ4C_w/hqdefault.jpg,내 옷에 잉크가 묻는다면?😱ㅣ에레디아의 실험카메라😜,xk7QBUQ4C_w
#SSGLANDERS #SSG랜더스 #조병현,SSG,https://i.ytimg.com/vi/-0CSEdyRTK4/hqdefault.jpg,"[데일리 쓱터뷰] 1이닝 1삼진 무실점, 조병현",-0CSEdyRTK4
#SSGLANDERS #SSG랜더스 #박민수 #이대현 #김도아 #김예빈 #박재령 #배수현 #유보영 #이리안 #이엄지 #이연진 #이주희 #조다정 #랜디,SSG,https://i.ytimg.com/vi/_f105sWAz7U/hqdefault.jpg,으쓱이들 보고싶었다개🐶💕 2024 응원단 프로필 촬영 현장!,_f105sWAz7U
#SSGLANDERS #SSG랜더스 #김광현,SSG,https://i.ytimg.com/vi/kJFZHMz4_6I/hqdefault.jpg,KK 후드 티셔츠 제작 후기,kJFZHMz4_6I
#SSGLANDERS #SSG랜더스 #최정 #김성현 #오태곤,SSG,https://i.ytimg.com/vi/ffmenjh7QgE/hqdefault.jpg,큰 거 옵니다.,ffmenjh7QgE
"#SSGLANDERS #SSG랜더스
#노경은 #이지영 #최정 #김성현 #김광현 #김민식 #한유섬 #오태곤 #서진용 #강진성 #안상현 #최지훈 #김찬형 #박성한 #최민준 #김창평 #백승건 #전의산 #오원석 #조형우 #조병현 #송영진 #이로운 #박지환 #이승민",SSG,https://i.ytimg.com/vi/Bj8OMyHEknE/hqdefault.jpg,✨세리머니부터 허공 찌르기(?)까지✨ 2024 선수단 엔드카드 모음.zip,Bj8OMyHEknE
#SSGLANDERS #SSG랜더스,SSG,https://i.ytimg.com/vi/8fWKfP9GXQs/hqdefault.jpg,주니어들의 특별 출연👶🏻💕 두 차례에 걸친 스프링캠프 출국 현장✈️ㅣ쿠키 있음🍪,8fWKfP9GXQs
"#프라우드먼 #립제이 #티원 #민즈
#SSGLANDERS #SSG랜더스 #정현승 #허진 #정준재 #윤성보 #최현석 #변건우 #박성빈 #백준서",SSG,https://i.ytimg.com/vi/FCstmGk4Gpo/hqdefault.jpg,[쓱맨파] 뼈 때리는 립제이의 심사평🔥ㅣ사탕을 지키려는 자 vs 문을 부수려는 자,FCstmGk4Gpo
#SSGLANDERS #SSG랜더스,SSG,https://i.ytimg.com/vi/jsV8CPiw8NI/hqdefault.jpg,미션 “런웨이 포즈를 정하라” 팬 페스티벌 현장 비하인드(01.21),jsV8CPiw8NI
#SSGLANDERS #SSG랜더스,SSG,https://i.ytimg.com/vi/J8f67pSE4is/hqdefault.jpg,[리액션캠] 축하공연 선수단 리액션 직캠ㅣ랜필스타L + 남자아이(IE)들ㅣFAN FESTIVAL 240121,J8f67pSE4is
#SSGLANDERS #SSG랜더스 #한두솔 #정동윤 #최민준,SSG,https://i.ytimg.com/vi/Fttblq6zX50/hqdefault.jpg,"래퍼, 리더, 그리고 분위기 메잌보컬😎 치어리딩에 보컬까지 소화한 남자아이(IE)들ㅣ스페셜 공연 준비 비하인드",Fttblq6zX50
#SSGLANDERS #SSG랜더스 #김성현 #최정,SSG,https://i.ytimg.com/vi/gkf7zYth9F4/hqdefault.jpg,"콘셉트 유지하기 쉽지 않네요,,",gkf7zYth9F4
"1/21(일) 팬페스티벌에서 진행될 '선수단 유니폼 런웨이'
또 한번 런웨이 무대에 서게 될 진용 선수의 모습 많이 기대해주세요🙈

#SSGLANDERS #SSG랜더스 #서진용",SSG,https://i.ytimg.com/vi/HbqmBm7byNY/hqdefault.jpg,[선공개] 슈퍼모델 서진용의 런웨이 연습 현장🚶🏻,HbqmBm7byNY
#SSGLANDERS #SSG랜더스 #김성현,SSG,https://i.ytimg.com/vi/s4J6pWNlglA/hqdefault.jpg,이것이 최정 상대하기 만렙의 위엄이다.ㅣ다년 계약 기념 김성현의 인터뷰(01.21),s4J6pWNlglA
#SSGLANDERS #SSG랜더스 #한유섬 #서진용,SSG,https://i.ytimg.com/vi/s7xyWMkqXyQ/hqdefault.jpg,보고만 있어도 배부른 투샷🫠 랜더스의 비주얼 담당 경남고즈🙌🏻ㅣ24 시즌 신규 유니폼 촬영 비하인드 [유섬 & 진용 편],s7xyWMkqXyQ
#SSG랜더스 #SSGLANDERS #추신수,SSG,https://i.ytimg.com/vi/37wRsKXlWG4/hqdefault.jpg,그럼에도 우리는 나아가야 하니까.. 목표는 당연히 우승🔥 New 캡틴의 마지막 불꽃ㅣ추신수의 기자회견(01.03),37wRsKXlWG4
"#SSG랜더스 #SSGLANDERS  
#박성한 #전경원 #박대온 #정동윤 #박시후 #박종훈 #오태곤 #김정민 #최준우 #한유섬 #한두솔 #최민준 #안상현 #이로운 #노경은 #최지훈 #최정 #김성현",SSG,https://i.ytimg.com/vi/3N3Uvah79vY/hqdefault.jpg,88 올림픽부터 최신 노래까지.. 모든 세대를 아우르는(?) 플레이리스트 완성⭐️ㅣ새해 첫 곡 추천 비하인드 및 신년 인사👐🏼ㅣHappy New Year!,3N3Uvah79vY
"금일(12일) 트레이트 영입으로  SSG랜더스 선수단에 합류하게 된 이지영 선수의 첫 인사입니다!
올 시즌부터 랜더스와 함께 할 이지영 선수에게 많은 응원 부탁드립니다 :)

#SSGLANDERS #SSG랜더스 #이지영",SSG,https://i.ytimg.com/vi/kKtCexqW0KA/hqdefault.jpg,돌고 돌아 고향으로🔥 SSG랜더스 포수 이지영 인사드립니다🙇🏻‍♂️ㅣ포수 이지영 트레이드 영입(01.12),kKtCexqW0KA
#SSGLANDERS #SSG랜더스 #김광현 #박지환,SSG,https://i.ytimg.com/vi/DzdKj9eDZQk/hqdefault.jpg,[선공개] 몇 살.. 아니 몇 시야 지금? 신규 유니폼 촬영 비하인드🌟,DzdKj9eDZQk
#SSGLANDERS #SSG랜더스,SSG,https://i.ytimg.com/vi/z5lYpa7e-aI/hqdefault.jpg,시범경기 첫 승은 무실점으로❤‍🔥ㅣ하이라이트 vs kt (03.11),z5lYpa7e-aI
#SSGLANDERS #SSG랜더스,SSG,https://i.ytimg.com/vi/YgdcmL3wlvM/hqdefault.jpg,영건들의 활약으로 이끈 승리🌟ㅣ하이라이트 vs NC (03.18),YgdcmL3wlvM
#SSGLANDERS #SSG랜더스,SSG,https://i.ytimg.com/vi/sf20OMGCI50/hqdefault.jpg,홈경기 만원 관중 속 이뤄낸 개막전 승리❤️‍🔥ㅣ경기 하이라이트(03.23),sf20OMGCI50
#SSGLANDERS #SSG랜더스 #노경은,SSG,https://i.ytimg.com/vi/3lBrMnPafsE/hqdefault.jpg,랜필에 내린 노경은총,3lBrMnPafsE
#SSGLANDERS #SSG랜더스 #최지훈,SSG,https://i.ytimg.com/vi/fLwgGgZiw0g/hqdefault.jpg,최지훈의 맹활약,fLwgGgZiw0g
#SSGLANDERS #SSG랜더스 #한유섬 #최정,SSG,https://i.ytimg.com/vi/JfBZ1eH9VVU/hqdefault.jpg,개막전 홈런 모음,JfBZ1eH9VVU
#SSGLANDERS #SSG랜더스,SSG,https://i.ytimg.com/vi/LDXjrQUUFr4/hqdefault.jpg,끝내기 홈런으로 가져온 개막 2연전 스윕🧹ㅣ경기 하이라이트(03.24),LDXjrQUUFr4
#SSGLANDERS #SSG랜더스,SSG,https://i.ytimg.com/vi/tuMlx2YyyUw/hqdefault.jpg,KKKKKKK❤‍🔥 7K로 연패 탈출을 이끈 우리의 에이스!ㅣ경기 하이라이트(03.29),tuMlx2YyyUw
#SSGLANDERS #SSG랜더스,SSG,https://i.ytimg.com/vi/Zxyl50e9qec/hqdefault.jpg,오늘은 9K! 엘리아스의 시즌 첫 승을 알립니다🚨ㅣ경기 하이라이트(03.30),Zxyl50e9qec
#SSGLANDERS #SSG랜더스,SSG,https://i.ytimg.com/vi/l_d96YYq6y0/hqdefault.jpg,접전 끝에 터진 11회 역전 홈런! 시리즈 스윕❤️‍🔥ㅣ경기 하이라이트(03.31),l_d96YYq6y0
#SSGLANDERS #SSG랜더스,SSG,https://i.ytimg.com/vi/k8c1ZfcFwB4/hqdefault.jpg,"쓰리런➡그랜드슬램, 7타점 맹타❤‍🔥 ㅣ경기 하이라이트(04.02)",k8c1ZfcFwB4
#SSGLANDERS #SSG랜더스,SSG,https://i.ytimg.com/vi/r2k_opX-gUE/hqdefault.jpg,오늘도 짜릿하게 역전승으로👊🏻 5연승 행진!ㅣ경기 하이라이트(04.03),r2k_opX-gUE
#SSGLANDERS #SSG랜더스,SSG,https://i.ytimg.com/vi/8lSXSRhgl4Y/hqdefault.jpg,연장 접전 속 승리☄ 파죽의 6연승❤‍🔥ㅣ경기 하이라이트(04.04),8lSXSRhgl4Y
#SSGLANDERS #SSG랜더스,SSG,https://i.ytimg.com/vi/n6w50J38hro/hqdefault.jpg,연패 탈출🔥 짜릿한 8회 역전승♨️ㅣ경기 하이라이트(04.09),n6w50J38hro
#SSGLANDERS #SSG랜더스,SSG,https://i.ytimg.com/vi/LT9_laxHTKc/hqdefault.jpg,에이스의 통산 161승 달성! 위닝시리즈 확보🔥ㅣ경기 하이라이트(04.10),LT9_laxHTKc
#SSGLANDERS #SSG랜더스,SSG,https://i.ytimg.com/vi/4ofeLkPRs68/hqdefault.jpg,인천 핵잠수함의 부활 신호탄🔫ㅣ경기 하이라이트(04.13),4ofeLkPRs68
#SSGLANDERS #SSG랜더스,SSG,https://i.ytimg.com/vi/lN5n0X-j0RQ/hqdefault.jpg,랜더스의 보석이 완성한 위닝시리즈💎ㅣ경기 하이라이트(04.14),lN5n0X-j0RQ
#SSGLANDERS #SSG랜더스,SSG,https://i.ytimg.com/vi/FjUobEic-C4/hqdefault.jpg,랜필 홈런공장은 9회말까지 정상 가동🔥ㅣ경기 하이라이트(04.16),FjUobEic-C4
#SSGLANDERS #SSG랜더스,SSG,https://i.ytimg.com/vi/PYvV5sVUq-k/hqdefault.jpg,똘똘 뭉친 원팀👊🏻 위닝시리즈 달성으로 랜더스는 3위 도약🆙ㅣ경기 하이라이트(04.18),PYvV5sVUq-k
#SSGLANDERS #SSG랜더스,SSG,https://i.ytimg.com/vi/1JOh4ubsAUE/hqdefault.jpg,새로운 홈런왕의 등장👑 그림 같은 팀 역전승!ㅣ경기 하이라이트(04.24),1JOh4ubsAUE
#SSGLANDERS #SSG랜더스,SSG,https://i.ytimg.com/vi/f70_NtzC5UA/hqdefault.jpg,투타 조화 속 5-2 승리☀️ㅣ경기 하이라이트(04.26),f70_NtzC5UA
#SSGLANDERS #SSG랜더스,SSG,https://i.ytimg.com/vi/jCTy09wJd9s/hqdefault.jpg,3652일 만의 1이닝 11득점 달성♨️ㅣ경기 하이라이트(04.28),jCTy09wJd9s
#SSGLANDERS #SSG랜더스,SSG,https://i.ytimg.com/vi/8wGjJrj8TiY/hqdefault.jpg,🚨대역전승🚨 기적을 만든 7회초ㅣ경기 하이라이트(05.01),8wGjJrj8TiY
#SSGLANDERS #SSG랜더스,SSG,https://i.ytimg.com/vi/J-rtJDmwSiM/hqdefault.jpg,연승으로 가져온 위닝시리즈✌🏻ㅣ경기 하이라이트(05.02),J-rtJDmwSiM
#SSGLANDERS #SSG랜더스,SSG,https://i.ytimg.com/vi/AGTelRM6m2M/hqdefault.jpg,랜더스의 미래들이 이끈 연패 탈출✨ㅣ경기 하이라이트(05.07),AGTelRM6m2M
#SSGLANDERS #SSG랜더스,SSG,https://i.ytimg.com/vi/iHI0TOIM-NM/hqdefault.jpg,앤더슨의 성공적인 데뷔전➡️8회 재역전승ㅣ경기 하이라이트(05.10),iHI0TOIM-NM
#SSGLANDERS #SSG랜더스,SSG,https://i.ytimg.com/vi/6fwIrWIrUF8/hqdefault.jpg,약속의 8회🍀 DH 2차전 승리!ㅣ경기 하이라이트(05.12),6fwIrWIrUF8
#SSGLANDERS #SSG랜더스,SSG,https://i.ytimg.com/vi/BxAW1PpAs_k/hqdefault.jpg,랜필 홈런공장 가동♨️ 2연승 질주!ㅣ경기 하이라이트(05.14),BxAW1PpAs_k
#SSGLANDERS #SSG랜더스,SSG,https://i.ytimg.com/vi/1XsLihDCe_8/hqdefault.jpg,팽팽한 균형을 깬 8회초 대포 한 방☄️ㅣ경기 하이라이트(05.17),1XsLihDCe_8
,SSG,https://i.ytimg.com/vi/xv0WwZ1o1DA/hqdefault.jpg,마운드의 활약으로 만들어낸 시즌 첫 팀 영봉승🔥ㅣ경기 하이라이트(05.18),xv0WwZ1o1DA
#SSGLANDERS #SSG랜더스,SSG,https://i.ytimg.com/vi/5058JNsTN6k/hqdefault.jpg,마침내 끊어낸 연패 사슬💦 7회 빅이닝을 만든 랜더스🔥ㅣ경기 하이라이트(05.30),5058JNsTN6k
#SSGLANDERS #SSG랜더스,SSG,https://i.ytimg.com/vi/I8pBCNc7qoA/hqdefault.jpg,보석보다 원석💎 달콤한 연승🍫💝ㅣ경기 하이라이트(05.31),I8pBCNc7qoA
#SSGLANDERS #SSG랜더스,SSG,https://i.ytimg.com/vi/j8dD3ukxDRY/hqdefault.jpg,🏭홈런 공장 정상 가동🏭 홈런 4방으로만 9득점 완성💃🏻ㅣ경기 하이라이트(06.01),j8dD3ukxDRY
#SSGLANDERS #SSG랜더스,SSG,https://i.ytimg.com/vi/kVGWYPm-Jw4/hqdefault.jpg,주말 3연전 싹쓸이✌🏻4연승 질주하는 랜더스💨ㅣ경기 하이라이트(06.02),kVGWYPm-Jw4
,SSG,https://i.ytimg.com/vi/3qKdXaE6Aqo/hqdefault.jpg,전날 패배를 설욕하는 역전승! 5할 승률 사수👊🏻ㅣ경기 하이라이트(06.05),3qKdXaE6Aqo
#SSGLANDERS #SSG랜더스,SSG,https://i.ytimg.com/vi/CrP0J-KiAnw/hqdefault.jpg,선발과 불펜의 합작🙏 시즌 세 번째 팀 영봉승✨ㅣ경기 하이라이트(06.06),CrP0J-KiAnw
#SSGLANDERS #SSG랜더스,SSG,https://i.ytimg.com/vi/O4q6fEeE8CU/hqdefault.jpg,에이스의 통산 162승 + 슈퍼 루키의 첫 홈런 = ❤️‍🔥ㅣ경기 하이라이트(06.09 DH1),O4q6fEeE8CU
#SSGLANDERS #SSG랜더스,SSG,https://i.ytimg.com/vi/plMdJHiDPyU/hqdefault.jpg,슈퍼 루키가 견인한 연장 10회 승리🫧ㅣ경기 하이라이트(06.11),plMdJHiDPyU
#SSGLANDERS #SSG랜더스,SSG,https://i.ytimg.com/vi/PN_ebv26Vq8/hqdefault.jpg,'시라카와 호투+한유섬 쐐기 3점 홈런' 위닝시리즈 달성!ㅣ경기 하이라이트(06.13),PN_ebv26Vq8
#SSGLANDERS #SSG랜더스,SSG,https://i.ytimg.com/vi/D8qixjJd9Po/hqdefault.jpg,❕선발 전원 안타❕ 연승을 이끈 타선의 집중력 💪🏻 ㅣ경기 하이라이트(06.14),D8qixjJd9Po
,SSG,https://i.ytimg.com/vi/1mUhJZRG2g8/hqdefault.jpg,랜더스의 미래들이 만든 오늘의 승리☀️ㅣ경기 하이라이트(06.15),1mUhJZRG2g8
"기존 업로드된 하이라이트 영상 중 오류가 발견됨에 따라 
영상 재업로드하게 된 점 팬 여러분의 너른 양해 부탁드립니다. 

#SSGLANDERS #SSG랜더스",SSG,https://i.ytimg.com/vi/pl21qjkVzjg/hqdefault.jpg,리빙레전드의 역전포 ➡️ 슈퍼루키의 쐐기포ㅣ경기 하이라이트(06.18),pl21qjkVzjg
#SSGLANDERS #SSG랜더스,SSG,https://i.ytimg.com/vi/bxkrvDpS5iQ/hqdefault.jpg,6월 22일 NC VS SSGㅣ2024시즌 경기 하이라이트,bxkrvDpS5iQ
#SSGLANDERS #SSG랜더스,SSG,https://i.ytimg.com/vi/TOflvBAKJ5k/hqdefault.jpg,6월 26일 KT VS SSGㅣ2024시즌 경기 하이라이트,TOflvBAKJ5k
#SSGLANDERS #SSG랜더스,SSG,https://i.ytimg.com/vi/s4INWx-JI4A/hqdefault.jpg,6월 29일 SSG VS 두산ㅣ2024시즌 경기 하이라이트,s4INWx-JI4A
#SSGLANDERS #SSG랜더스,SSG,https://i.ytimg.com/vi/Km5bBHq7Bck/hqdefault.jpg,6월 30일 SSG VS 두산ㅣ2024시즌 경기 하이라이트,Km5bBHq7Bck
#SSGLANDERS #SSG랜더스,SSG,https://i.ytimg.com/vi/i-uhJcXDl9M/hqdefault.jpg,7월 9일 롯데 VS SSGㅣ2024시즌 경기 하이라이트,i-uhJcXDl9M
#SSGLANDERS #SSG랜더스,SSG,https://i.ytimg.com/vi/iOJruasx4Zk/hqdefault.jpg,7월 11일 롯데 VS SSGㅣ2024시즌 경기 하이라이트,iOJruasx4Zk
#SSGLANDERS #SSG랜더스,SSG,https://i.ytimg.com/vi/l-x7kjRzSnY/hqdefault.jpg,7월 12일 SSG VS KIAㅣ2024시즌 경기 하이라이트,l-x7kjRzSnY
#SSGLANDERS #SSG랜더스,SSG,https://i.ytimg.com/vi/a8K1rcH8Sao/hqdefault.jpg,7월 13일 SSG VS KIAㅣ2024시즌 경기 하이라이트,a8K1rcH8Sao
#SSGLANDERS #SSG랜더스,SSG,https://i.ytimg.com/vi/4Lt0bjRh2_I/hqdefault.jpg,7월 19일 키움 VS SSGㅣ2024시즌 경기 하이라이트,4Lt0bjRh2_I
#SSGLANDERS #SSG랜더스,SSG,https://i.ytimg.com/vi/ned3y5UfW6U/hqdefault.jpg,7월 26일 두산 VS SSGㅣ2024시즌 경기 하이라이트,ned3y5UfW6U
#SSGLANDERS #SSG랜더스,SSG,https://i.ytimg.com/vi/W4AxsE1-5dA/hqdefault.jpg,7월 27일 두산 VS SSGㅣ2024시즌 경기 하이라이트,W4AxsE1-5dA
#SSGLANDERS #SSG랜더스,SSG,https://i.ytimg.com/vi/EGn3ELqC0gc/hqdefault.jpg,7월 28일 두산 VS SSGㅣ2024시즌 경기 하이라이트,EGn3ELqC0gc
#SSGLANDERS #SSG랜더스,SSG,https://i.ytimg.com/vi/3nd9laW9c5Y/hqdefault.jpg,7월 30일 롯데 VS SSGㅣ2024시즌 경기 하이라이트,3nd9laW9c5Y
#SSGLANDERS #SSG랜더스,SSG,https://i.ytimg.com/vi/60HKf7R95cQ/hqdefault.jpg,7월 31일 롯데 VS SSGㅣ2024시즌 경기 하이라이트,60HKf7R95cQ
#SSGLANDERS #SSG랜더스,SSG,https://i.ytimg.com/vi/RwSoNxKHmz0/hqdefault.jpg,8월 6일 SSG VS 키움ㅣ2024시즌 경기 하이라이트,RwSoNxKHmz0
#SSGLANDERS #SSG랜더스,SSG,https://i.ytimg.com/vi/Y7YKY_G226g/hqdefault.jpg,8월 7일 SSG VS 키움ㅣ2024시즌 경기 하이라이트,Y7YKY_G226g
#SSGLANDERS #SSG랜더스,SSG,https://i.ytimg.com/vi/oTGhge0-4WY/hqdefault.jpg,8월 11일 두산 VS SSGㅣ2024시즌 경기 하이라이트,oTGhge0-4WY
#SSGLANDERS #SSG랜더스,SSG,https://i.ytimg.com/vi/mwqMoWodbNU/hqdefault.jpg,8월 13일 SSG VS NCㅣ2024시즌 경기 하이라이트,mwqMoWodbNU
#SSGLANDERS #SSG랜더스,SSG,https://i.ytimg.com/vi/GCZAr7xkgHk/hqdefault.jpg,8월 15일 SSG VS NCㅣ2024시즌 경기 하이라이트,GCZAr7xkgHk
#SSGLANDERS #SSG랜더스,SSG,https://i.ytimg.com/vi/iUXgXuSUT3o/hqdefault.jpg,8월 21일 SSG VS LGㅣ2024시즌 경기 하이라이트,iUXgXuSUT3o
#SSGLANDERS #SSG랜더스,SSG,https://i.ytimg.com/vi/59ZZwaId8Ys/hqdefault.jpg,8월 25일 KT VS SSGㅣ2024시즌 경기 하이라이트,59ZZwaId8Ys
#SSGLANDERS #SSG랜더스,SSG,https://i.ytimg.com/vi/qO1VNWAhh3s/hqdefault.jpg,8월 29일 SSG VS KIAㅣ2024시즌 경기 하이라이트,qO1VNWAhh3s
#SSGLANDERS #SSG랜더스,SSG,https://i.ytimg.com/vi/9UaJ6A-OEWg/hqdefault.jpg,9월 8일 SSG VS 롯데ㅣ2024시즌 경기 하이라이트,9UaJ6A-OEWg
#SSGLANDERS #SSG랜더스,SSG,https://i.ytimg.com/vi/ZQKwKTngrI4/hqdefault.jpg,9월 5일 SSG VS LGㅣ2024시즌 경기 하이라이트,ZQKwKTngrI4
#SSGLANDERS #SSG랜더스,SSG,https://i.ytimg.com/vi/amQkZe1U8jg/hqdefault.jpg,9월 10일 한화 VS SSGㅣ2024시즌 경기 하이라이트,amQkZe1U8jg
#SSGLANDERS #SSG랜더스,SSG,https://i.ytimg.com/vi/zRoZN_ngx8A/hqdefault.jpg,9월 14일 삼성 VS SSGㅣ2024시즌 경기 하이라이트,zRoZN_ngx8A
,SSG,https://i.ytimg.com/vi/J30N3OmthW8/hqdefault.jpg,9월 15일 삼성 VS SSGㅣ2024시즌 경기 하이라이트,J30N3OmthW8
,SSG,https://i.ytimg.com/vi/D2Amnaxl8mU/hqdefault.jpg,9월 17일 KIA VS SSGㅣ2024시즌 경기 하이라이트,D2Amnaxl8mU
,SSG,https://i.ytimg.com/vi/dlVRTDWihVQ/hqdefault.jpg,9월 19일 키움 VS SSGㅣ2024시즌 경기 하이라이트,dlVRTDWihVQ
,SSG,https://i.ytimg.com/vi/NvsaeK_LHhA/hqdefault.jpg,9월 21일 SSG VS KTㅣ2024시즌 경기 하이라이트,NvsaeK_LHhA
,SSG,https://i.ytimg.com/vi/BCWaJKYTdV8/hqdefault.jpg,9월 22일 SSG VS KTㅣ2024시즌 경기 하이라이트,BCWaJKYTdV8
,SSG,https://i.ytimg.com/vi/9aG5aS3nmS0/hqdefault.jpg,9월 25일 SSG VS NCㅣ2024시즌 경기 하이라이트,9aG5aS3nmS0
,SSG,https://i.ytimg.com/vi/uLFEmetmslE/hqdefault.jpg,9월 26일 SSG VS NCㅣ2024시즌 경기 하이라이트,uLFEmetmslE
,SSG,https://i.ytimg.com/vi/fS6hTgWPsFQ/hqdefault.jpg,9월 28일 SSG VS 한화ㅣ2024시즌 경기 하이라이트,fS6hTgWPsFQ
,SSG,https://i.ytimg.com/vi/5LhJHaTQrk4/hqdefault.jpg,9월 30일 키움 VS SSGㅣ2024시즌 경기 하이라이트,5LhJHaTQrk4
#SSGLANDERS #SSG랜더스 #배영수 #오원석 #정성곤 #송영진 #이로운,SSG,https://i.ytimg.com/vi/fJSLQXYpULM/hqdefault.jpg,"배영수 코치와 배영하기 with 원석, 성곤, 영진, 로운ㅣ첫 얼리 훈련 [2024 스프링캠프]",fJSLQXYpULM
"#SSGLANDERS #SSG랜더스 #박대온 #오원석 #최민준 #박성한 
#김성현 #최지훈 #전의산 #조형우 #오태곤",SSG,https://i.ytimg.com/vi/YqpNoGB0ioo/hqdefault.jpg,"🌴나루토 춤 비하인드🌴 선수단에 물어봤습니다. ""당신의 원픽은..?""",YqpNoGB0ioo
#SSGLANDERS #SSG랜더스 #신헌민 #조병현,SSG,https://i.ytimg.com/vi/tsqjb0wJo-4/hqdefault.jpg,"보아라, 이것이 구르기의 정석이다",tsqjb0wJo-4
#SSGLANDERS #SSG랜더스 #박대온 #조형우,SSG,https://i.ytimg.com/vi/rqkXniNvDrQ/hqdefault.jpg,당신을 쓱튜브 New 인재로 임명합니다🍀ㅣ포수 아우조의 토크타임(이라 읽고 박대온 원맨쇼라 부르기),rqkXniNvDrQ
#SSGLANDERS #SSG랜더스 #로버트더거 #더거,SSG,https://i.ytimg.com/vi/6TGko51-NjU/hqdefault.jpg,🌸뷰티풀 더기🌸 새 외국인 투수 로버트 더거의 첫 불펜 피칭🔥 [2024 스프링캠프],6TGko51-NjU
#SSGLANDERS #SSG랜더스 #엘리아스,SSG,https://i.ytimg.com/vi/-KwpYuVoIAg/hqdefault.jpg,올 시즌도 함께🫶🏻 엘리아스의 불펜 피칭🔥 [2024 스프링캠프],-KwpYuVoIAg
#SSGLANDERS #SSG랜더스 #배영수,SSG,https://i.ytimg.com/vi/T68y_vtDAYA/hqdefault.jpg,배영수 코치님의 한 줄 평,T68y_vtDAYA
#SSGLANDERS #SSG랜더스 #에레디아,SSG,https://i.ytimg.com/vi/-rDkFPrym90/hqdefault.jpg,완벽한 한국어 발음과 함께 돌아온 우리의 복덩이💖 에레디아의 훈련 스케치 및 인터뷰 [2024 스프링캠프],-rDkFPrym90
#SSGLANDERS #SSG랜더스 #조동화 #오태곤 #전의산 #최정 #최준우 #김성현 #박성한 #하재훈 #김찬형 #추신수 #한유섬 #김민식 #이지영 #에레디아 #조형우 #김창평 #고명준 #김성민 #최상민 #박대온 #안상현 #최지훈,SSG,https://i.ytimg.com/vi/8uhNv3IQRkQ/hqdefault.jpg,야수 총집합🌟 다양한 상황에 따른 주루플레이 훈련 [2024 스프링캠프],8uhNv3IQRkQ
"#SSGLANDERS #SSG랜더스
#최지훈 #에레디아 #김창평 #오태곤 #안상현 #최경모 #김찬형 #김성민 #고명준 #최정 #조형우 #최준우 #전의산 #김민식 #하재훈",SSG,https://i.ytimg.com/vi/Oj-3A-c1zR4/hqdefault.jpg,새해 복 많이 드세요(?)🙇🏻‍♂️ 플로리다에서 선수단이 전하는 설날 인사 메시지💌,Oj-3A-c1zR4
#SSGLANDERS #SSG랜더스 #이지영 #김민식 #박대온 #조형우,SSG,https://i.ytimg.com/vi/tKBUMXP5Ilw/hqdefault.jpg,플로리다 추격전👀 이지영 vs 쓱튜브,tKBUMXP5Ilw
#SSGLANDERS #SSG랜더스 #추신수 #백승건,SSG,https://i.ytimg.com/vi/CNfIh2zRXJY/hqdefault.jpg,승건아 나이스👍🏻,CNfIh2zRXJY
#SSGLANDERS #SSG랜더스 #이지영 #김민식 #박대온 #조형우,SSG,https://i.ytimg.com/vi/GUoYZShupuo/hqdefault.jpg,17살 나이 차를 극복한 지영이 형☀️ 포수조의 막간 MBTI 토론,GUoYZShupuo
"윷놀이 대결의 패배 팀이 벌칙으로 수행할 숏폼 챌린지를 댓글로 추천해주세요! 
두 선수가 직접 댓글 확인 후 선택할 예정이니 다양한 숏폼 챌린지를 해당 영상의 댓글로 남겨주세요🌝

#SSGLANDERS #SSG랜더스 #오원석 #박대온 #최민준 #박성한",SSG,https://i.ytimg.com/vi/ceGR051kYJM/hqdefault.jpg,❌영어 금지❌ Goal 때리는 나루토즈의 훈민정음 윷놀이,ceGR051kYJM
#SSGLANDERS #SSG랜더스 #최정 #한유섬,SSG,https://i.ytimg.com/vi/OSKw3uhk7DM/hqdefault.jpg,포켓몬 사냥에 나서다ㅣ최정과 한유섬의 포켓몬고 (Pokemon GO) in 플로리다,OSKw3uhk7DM
#SSGLANDERS #SSG랜더스 #최정 #한유섬,SSG,https://i.ytimg.com/vi/G5yOMdidnSU/hqdefault.jpg,"""모든 사람은 프로다"" -최정-",G5yOMdidnSU
#SSGLANDERS #SSG랜더스 #이로운 #조형우,SSG,https://i.ytimg.com/vi/og1RYF5gm9g/hqdefault.jpg,기특한 우리 막내✨,og1RYF5gm9g
#SSGLANDERS #SSG랜더스 #박종훈 #정성곤 #엘리아스 #더거 #이로운 #송영진 #오원석 #고효준,SSG,https://i.ytimg.com/vi/6LBKvLpjV-I/hqdefault.jpg,투수조의 베이스 커버 훈련,6LBKvLpjV-I
#SSGLANDERS #SSG랜더스 #박종훈 #오태곤 #이로운 #송영진  #백승건 #김성민 #김찬형 #추신수 #송재환 #길강남 #최지훈 #안상현 #오원석 #노경은 #박민호 #조병현 #신헌민 #김민식 #한유섬 #전의산 #이숭용 #송신영 #이승호 #임재현 #스즈키 #이대수 #고명준 #최정 #조형우 #더거 #하재훈 #박대온 #한두솔 #최경모 #박성한,SSG,https://i.ytimg.com/vi/6RWPWRn-yfc/hqdefault.jpg,다시 태어난다면 갖고 싶은 얼굴은?ㅣ출쓱부 in 플로리다,6RWPWRn-yfc
#SSGLANDERS #SSG랜더스 #최정,SSG,https://i.ytimg.com/vi/YvVy4GjZKsY/hqdefault.jpg,저는 다시 태어나면..,YvVy4GjZKsY
#SSGLANDERS #SSG랜더스 #노경은 #고효준,SSG,https://i.ytimg.com/vi/xO0T-8Z7bpY/hqdefault.jpg,"투수조의 든든한 베테랑 듀오💫 노경은, 고효준의 불펜 피칭 [2024 스프링캠프]",xO0T-8Z7bpY
#SSGLANDERS #SSG랜더스 #안상현 #이로운,SSG,https://i.ytimg.com/vi/oFdU7wPjghU/hqdefault.jpg,첫 자체 홍백전 MVP,oFdU7wPjghU
#SSGLANDERS #SSG랜더스 #추신수 #고명준,SSG,https://i.ytimg.com/vi/PrcGuYexZ-w/hqdefault.jpg,선배 추신수의 조언,PrcGuYexZ-w
#SSGLANDERS #SSG랜더스 #문승원 #박대온 #안상현 #최민준 #에레디아 #더거 #엘리아스 #박성한 #김성민 #김창평 #전의산 #고명준 #김성현 #최정 #김민식 #한유섬 #오태곤 #이지영 #신헌민 #이로운 #송영진 #김광현 #노경은 #오원석,SSG,https://i.ytimg.com/vi/4zDHJ-gIDUM/hqdefault.jpg,국물 튀기는💥 그들의 랍스터 전쟁ㅣ선수단 회식 현장(02.15),4zDHJ-gIDUM
"📌첫 자체 홍백전 라인업

[홍팀]
1. 김창평(RF)
2. 하재훈(CF)
3. 오태곤(LF)
4. 고명준(1B)
5. 김찬형(3B)
6. 김성현(SS)
7. 최준우(2B)
8. 이지영(DH)
9. 김민식(C)
10. 최경모(DH)
* 투수 : 엘리아스, 박민호, 이로운, 정성곤, 송영진

[백팀]
1. 최지훈(CF)
2. 추신수(RF)
3. 최정(3B)
4. 한유섬(DH)
5. 에레디아(LF)
6. 박성한(SS)
7. 전의산(1B)
8. 조형우(C)
9. 안상현(2B
10. 김성민(DH) 
* 투수 : 이건욱, 최민준, 한두솔, 조병현, 백승건

#SSGLANDERS #SSG랜더스",SSG,https://i.ytimg.com/vi/yuSNrqnjPO0/hqdefault.jpg,⭐️첫 자체 홍백전 하이라이트⭐️ [2024 스프링캠프],yuSNrqnjPO0
#SSGLANDERS #SSG랜더스 #고효준 #정성곤 #노경은 #더거 #신헌민 #이로운 #백승건 #오원석 #한두솔 #송영진,SSG,https://i.ytimg.com/vi/EOGPrYWFn8M/hqdefault.jpg,애교와 질투가 난무하는 투수조의 웨이트 현장 [사랑과 전쟁☆랜더스 편],EOGPrYWFn8M
#SSGLANDERS #SSG랜더스 #이로운 #송영진 #정성곤,SSG,https://i.ytimg.com/vi/TF8uUPhZ_AQ/hqdefault.jpg,"이제는 실전처럼🔥 이로운, 송영진, 정성곤의 라이브 피칭 [2024 스프링캠프]",TF8uUPhZ_AQ
#SSGLANDERS #SSG랜더스 #백승건 #오원석,SSG,https://i.ytimg.com/vi/GD72y3-eYqo/hqdefault.jpg,"베스트다 베스트👏🏻 랜더스의 좌완 영건! 백승건, 오원석의 불펜 피칭 [2024 스프링캠프]",GD72y3-eYqo
#SSGLANDERS #SSG랜더스 #김광현,SSG,https://i.ytimg.com/vi/uKAxGX4R_fQ/hqdefault.jpg,우리의 KK🔥 김광현의 불펜 피칭 [2024 스프링캠프],uKAxGX4R_fQ
#SSGLANDERS #SSG랜더스,SSG,https://i.ytimg.com/vi/K4hjeRvZ7h0/hqdefault.jpg,투수조와 야수조의 합동 훈련ㅣ이중 도루 방지 연습 [2024 스프링캠프],K4hjeRvZ7h0
#SSGLANDERS #SSG랜더스 #하재훈 #한유섬 #추신수 #에레디아 #최지훈 #김창평 #최상민,SSG,https://i.ytimg.com/vi/WZGph1NMuLs/hqdefault.jpg,플로리다 강풍에 맞선 외야수들💨 외야 수비 훈련 스케치 [2024 스프링캠프],WZGph1NMuLs
#SSGLANDERS #SSG랜더스 #김광현 #최민준 #조병현,SSG,https://i.ytimg.com/vi/vFlxlepknSg/hqdefault.jpg,최PD의 즉석 반말 인터뷰,vFlxlepknSg
#SSGLANDERS #SSG랜더스 #박대온 #박성한 #최민준 #오원석,SSG,https://i.ytimg.com/vi/0TDLbJyeIEM/hqdefault.jpg,도합 99세 선수들의 싸움 현장,0TDLbJyeIEM
#SSGLANDERS #SSG랜더스 #이지영,SSG,https://i.ytimg.com/vi/1IGwaFF_j0c/hqdefault.jpg,1급수 이지영,1IGwaFF_j0c
#SSGLANDERS #SSG랜더스 #한유섬 #김민식,SSG,https://i.ytimg.com/vi/2nEC4nl2CUs/hqdefault.jpg,방에 우리 밖에 없는데 니 뭐하노?,2nEC4nl2CUs
#SSGLANDERS #SSG랜더스 #오태곤 #최정 #김성현 #박성한 #전의산 #하재훈 #최지훈 #에레디아 #이지영 #김민식 #박대온,SSG,https://i.ytimg.com/vi/3I7x4DB3EJc/hqdefault.jpg,타격 소리 ASMR,3I7x4DB3EJc
"#SSGLANDERS #SSG랜더스 #오원석 #최민준 #박성한 
#하이디라오춤 #하이디라오챌린지 #나루토춤",SSG,https://i.ytimg.com/vi/4DzGwSMi8_0/hqdefault.jpg,플로리다에서 추는 #나루토춤 (영상 제공 : 박대오니오니),4DzGwSMi8_0
#SSGLANDERS #SSG랜더스 #최지훈,SSG,https://i.ytimg.com/vi/6KvbeaOOQUw/hqdefault.jpg,최지훈을 이겨버린 운동 신경,6KvbeaOOQUw
#SSGLANDERS #SSG랜더스 #박종훈 #정성곤 #엘리아스 #더거 #이로운 #송영진 #오원석 #고효준,SSG,https://i.ytimg.com/vi/6LBKvLpjV-I/hqdefault.jpg,투수조의 베이스 커버 훈련,6LBKvLpjV-I
#SSGLANDERS #SSG랜더스 #김민식 #한유섬,SSG,https://i.ytimg.com/vi/7SBc4RFgcak/hqdefault.jpg,예능신이 내린 웃수저,7SBc4RFgcak
#SSGLANDERS #SSG랜더스 #추신수 #백승건,SSG,https://i.ytimg.com/vi/CNfIh2zRXJY/hqdefault.jpg,승건아 나이스👍🏻,CNfIh2zRXJY
#SSGLANDERS #SSG랜더스 #조형우,SSG,https://i.ytimg.com/vi/FGKJwwzFoJg/hqdefault.jpg,조형우의 필살기 공개,FGKJwwzFoJg
#SSGLANDERS #SSG랜더스 #최정 #한유섬,SSG,https://i.ytimg.com/vi/G5yOMdidnSU/hqdefault.jpg,"""모든 사람은 프로다"" -최정-",G5yOMdidnSU
#SSGLANDERS #SSG랜더스 #추신수 #고명준,SSG,https://i.ytimg.com/vi/PrcGuYexZ-w/hqdefault.jpg,선배 추신수의 조언,PrcGuYexZ-w
#SSGLANDERS #SSG랜더스 #배영수,SSG,https://i.ytimg.com/vi/T68y_vtDAYA/hqdefault.jpg,배영수 코치님의 한 줄 평,T68y_vtDAYA
#SSGLANDERS #SSG랜더스 #최정,SSG,https://i.ytimg.com/vi/YvVy4GjZKsY/hqdefault.jpg,저는 다시 태어나면..,YvVy4GjZKsY
#SSGLANDERS #SSG랜더스 #김민식,SSG,https://i.ytimg.com/vi/ZBW8ZsTQ_aw/hqdefault.jpg,딸천재요? 따뜻하다 못해 뜨거웠어요,ZBW8ZsTQ_aw
#SSGLANDERS #SSG랜더스 #에레디아,SSG,https://i.ytimg.com/vi/ZXAkQzECOY0/hqdefault.jpg,그리웠던 에레디아의 텐션❤️‍🔥(feat. 언어 교실),ZXAkQzECOY0
#SSGLANDERS #SSG랜더스 #한유섬,SSG,https://i.ytimg.com/vi/g2jMEvKj6N4/hqdefault.jpg,후발대로 출국할 뻔한 썰,g2jMEvKj6N4
#SSGLANDERS #SSG랜더스 #안상현 #이로운,SSG,https://i.ytimg.com/vi/oFdU7wPjghU/hqdefault.jpg,첫 자체 홍백전 MVP,oFdU7wPjghU
#SSGLANDERS #SSG랜더스 #이로운 #조형우,SSG,https://i.ytimg.com/vi/og1RYF5gm9g/hqdefault.jpg,기특한 우리 막내✨,og1RYF5gm9g
#SSGLANDERS #SSG랜더스 #최정,SSG,https://i.ytimg.com/vi/pTgDJ6bRSQk/hqdefault.jpg,살려달라구 기도하면서 왔져,pTgDJ6bRSQk
#SSGLANDERS #SSG랜더스 #이지영 #김민식 #박대온 #조형우,SSG,https://i.ytimg.com/vi/tKBUMXP5Ilw/hqdefault.jpg,플로리다 추격전👀 이지영 vs 쓱튜브,tKBUMXP5Ilw
#SSGLANDERS #SSG랜더스 #신헌민 #조병현,SSG,https://i.ytimg.com/vi/tsqjb0wJo-4/hqdefault.jpg,"보아라, 이것이 구르기의 정석이다",tsqjb0wJo-4
#SSGLANDERS #SSG랜더스 #김광현 #최민준 #조병현,SSG,https://i.ytimg.com/vi/vFlxlepknSg/hqdefault.jpg,최PD의 즉석 반말 인터뷰,vFlxlepknSg
#SSGLANDERS #SSG랜더스 #에레디아,SSG,https://i.ytimg.com/vi/Kf_TUUMKdLo/hqdefault.jpg,초이를 향한 끝없는 구애,Kf_TUUMKdLo
"퓨처스팀의 강화 스프링캠프 현장을 담은 [시즌 첫 강화일기] 영상도 곧 공개될 예정이니 조금만 기다려주세요 :)

#SSGLANDERS #SSG랜더스 #서진용 #신범수 #김규민 #류현곤 #정현승 #박기호 #윤성보 #최현석 #류효승 #박지환 #김태윤 #이승민",SSG,https://i.ytimg.com/vi/dKOy9dITh4A/hqdefault.jpg,1군 선배님들과 함께 귀국하겠습니다🔥 퓨처스팀의 대만 스프링캠프 출국 스케치,dKOy9dITh4A
#SSGLANDERS #SSG랜더스 #안상현 #이로운,SSG,https://i.ytimg.com/vi/XZO51mCo5X8/hqdefault.jpg,캠프 MVP 야수 안상현 & 투수 이로운,XZO51mCo5X8
#SSGLANDERS #SSG랜더스 #문승원 #박민호 #백승건 #조병현,SSG,https://i.ytimg.com/vi/SsfCPPXTTww/hqdefault.jpg,"문승원, 박민호, 백승건, 조병현의 라이브 피칭 [2024 스프링캠프]",SsfCPPXTTww
"금일 오후에는 윷놀이 대결 의벌칙으로 수행한 
원석&성한의 은행 플러팅 촬영 비하인드도 공개될 예정입니다! Coming soon..⭐

#SSGLANDERS #SSG랜더스 #김성현 #박성한 #최정",SSG,https://i.ytimg.com/vi/b2SnzK8tcQo/hqdefault.jpg,춤신춤왕 박성한을 본 큐식,b2SnzK8tcQo
#SSGLANDERS #SSG랜더스 #박성한 #오원석 #박대온 #최민준,SSG,https://i.ytimg.com/vi/GSWrZF-H3QA/hqdefault.jpg,릴박사의 충격 선언! [은행 플러팅 촬영 비하인드🎬],GSWrZF-H3QA
#SSGLANDERS #SSG랜더스 #조형우,SSG,https://i.ytimg.com/vi/LElQLeSJoAA/hqdefault.jpg,100미터 12초의 사나이,LElQLeSJoAA
#SSGLANDERS #SSG랜더스 #박성한 #김민식 #조동화,SSG,https://i.ytimg.com/vi/2YRYjOx0Do8/hqdefault.jpg,"가을동화 앞에서 주름잡는 도루왕 후보들(?)ㅣ박성한, 김민식의 도루 훈련 [2024 스프링캠프]",2YRYjOx0Do8
#SSGLANDERS #SSG랜더스 #추신수 #박종훈 #하재훈 #박대온,SSG,https://i.ytimg.com/vi/qR3VGlo7Wlo/hqdefault.jpg,⭐️텍사스 자택공개⭐️ 추추캠프 브이로그 in 텍사스,qR3VGlo7Wlo
#SSGLANDERS #SSG랜더스 #김규민,SSG,https://i.ytimg.com/vi/swh83wlHOjs/hqdefault.jpg,‘끝내기 홈런의 주인공’ 김규민의 인터뷰,swh83wlHOjs
#SSGLANDERS #SSG랜더스 #박지환,SSG,https://i.ytimg.com/vi/MTflRQ5ohxw/hqdefault.jpg,‘24시즌 1라운더’ 박지환의 인터뷰,MTflRQ5ohxw
#SSGLANDERS #SSG랜더스 #전의산 #고명준 #오태곤 #최준우 #안상현 #김찬형 #김성민 #최정 #박성한 #최경모 #김성현,SSG,https://i.ytimg.com/vi/j5RN5qDqR9A/hqdefault.jpg,🔥철벽 내야를 위한 펑고 시간🔥 내야 수비 훈련 [2024 스프링캠프],j5RN5qDqR9A
#SSGLANDERS #SSG랜더스 #오원석,SSG,https://i.ytimg.com/vi/JNaWYT9yBQ0/hqdefault.jpg,’2이닝 무실점‘ 오원석 인터뷰,JNaWYT9yBQ0
#SSGLANDERS #SSG랜더스 #전의산,SSG,https://i.ytimg.com/vi/37vzNrVDu5E/hqdefault.jpg,연타석포 작렬한 전의산 인터뷰,37vzNrVDu5E
#SSGLANDERS #SSG랜더스 #오태곤 #이지영 #김성현 #하재훈,SSG,https://i.ytimg.com/vi/uLTU2lJvXDo/hqdefault.jpg,오태곤으로 개명한 결정적인 계기😱 괌에서 귀신 본 썰…(※소름주의※),uLTU2lJvXDo
#SSGLANDERS #SSG랜더스 #조병현 #최민준 #신헌민,SSG,https://i.ytimg.com/vi/l-jwxt4XkmI/hqdefault.jpg,"포수들의 감탄사를 자아낸👏🏻 조병현, 최민준, 신헌민의 불펜 피칭 [2024 스프링캠프]",l-jwxt4XkmI
#SSGLANDERS #SSG랜더스 #강병식 #고명준 #김성민 #조형우 #김창평,SSG,https://i.ytimg.com/vi/l3HKHTYkPX4/hqdefault.jpg,열혈 수강생을 사랑에 빠뜨린 일명 ‘프로포즈 훈련‘ㅣ야간 타격 훈련 [2024 스프링캠프],l3HKHTYkPX4
#SSGLANDERS #SSG랜더스 #오태곤 #이지영 #김찬형 #김민식 #조형우 #최지훈 #안상현 #에레디아 #하재훈 #김창평 #김성민 #박대온 #박성한 #최준우,SSG,https://i.ytimg.com/vi/C3bTnGHj-xI/hqdefault.jpg,최지훈의 최애(?) 포도맛 번트 슬래시🍇ㅣ작전 훈련 [2024 스프링캠프],C3bTnGHj-xI
#SSGLANDERS #SSG랜더스,SSG,https://i.ytimg.com/vi/Jqs-rGuobso/hqdefault.jpg,대만에서 울려 퍼진 ‘승리의 최정’❤️‍🔥 연습경기 하이라이트(03.03),Jqs-rGuobso
#SSGLANDERS #SSG랜더스 #전의산 #고명준 #이대수,SSG,https://i.ytimg.com/vi/B9TfwtR7TQ0/hqdefault.jpg,"0.4초에 갈리는 승부, 타이밍을 잡아라💥 전의산, 고명준의 1루 수비 훈련 [2024 스프링캠프]",B9TfwtR7TQ0
#SSGLANDERS #SSG랜더스 #더거 #엘리아스 #박종훈 #오원석,SSG,https://i.ytimg.com/vi/arFTjq1hzbI/hqdefault.jpg,"개막까지 D-18🔥 더거, 엘리아스, 박종훈, 오원석의 라이브 피칭 [2024 스프링캠프]",arFTjq1hzbI
#SSGLANDERS #SSG랜더스 #박종훈 #신헌민,SSG,https://i.ytimg.com/vi/o7P8P3lIgUA/hqdefault.jpg,(예고편) 박종훈의 숙소한바퀴,o7P8P3lIgUA
#SSGLANDERS #SSG랜더스 #고효준 #정성곤 #노경은 #박민호,SSG,https://i.ytimg.com/vi/CPAk7sfgGW4/hqdefault.jpg,두 관장님의 회원 사랑,CPAk7sfgGW4
#SSGLANDERS #SSG랜더스 #이로운 #송영진 #최민준 #전의산,SSG,https://i.ytimg.com/vi/lH-ysbdr7XA/hqdefault.jpg,탁구 신동 로진듀오,lH-ysbdr7XA
#SSGLANDERS #SSG랜더스 #김광현 #최정 #김성현 #더거 #한두솔 #에레디아 #엘리아스 #김민식 #한유섬 #고효준 #오태곤 #이로운 #고명준 #조형우 #오원석,SSG,https://i.ytimg.com/vi/hcUty9fYtjY/hqdefault.jpg,귀국했습니다🫡 MLB 서울 시리즈 최다 발탁 소식과 함께 돌아온 선수단(03.07),hcUty9fYtjY
#SSGLANDERS #SSG랜더스 #이건욱 #최민준 #한두솔 #서상준,SSG,https://i.ytimg.com/vi/GrIP6jFjC00/hqdefault.jpg,"스프링캠프 투수 피칭 영상 마지막 조⭐️ 이건욱, 최민준, 한두솔, 서상준의 라이브 피칭 [2024 스프링캠프]",GrIP6jFjC00
#SSGLANDERS #SSG랜더스 #조병현 #백승건,SSG,https://i.ytimg.com/vi/ng924bDPtPQ/hqdefault.jpg,두통 유발 오뚝이 훈련,ng924bDPtPQ
#SSGLANDERS #SSG랜더스,SSG,https://i.ytimg.com/vi/6hIEImPnsXU/hqdefault.jpg,🔥콘셉트는 카리스마🔥ㅣ2024 프로필 촬영 현장 스케치,6hIEImPnsXU
,SSG,https://i.ytimg.com/vi/rvHKg0phDEA/hqdefault.jpg,⭐️단독 주인공⭐️ 최지훈의 알쓸신잡🧐 [박종훈의 숙소한바퀴 2편],rvHKg0phDEA
#SSGLANDERS #SSG랜더스 #박종훈 #신헌민 #이지영 #고효준 #김찬형 #최민준 #박성한 #최정,SSG,https://i.ytimg.com/vi/Ne3jTvAK_2E/hqdefault.jpg,"만만치 않은 독거인 라인,, 방 털러 갔다가 영혼까지 털리고 왔습니다🤯 [박종훈의 숙소한바퀴 3편]",Ne3jTvAK_2E
#SSGLANDERS #SSG랜더스,SSG,https://i.ytimg.com/vi/xk7QBUQ4C_w/hqdefault.jpg,내 옷에 잉크가 묻는다면?😱ㅣ에레디아의 실험카메라😜,xk7QBUQ4C_w
#SSGLANDERS #SSG랜더스 #최정 #김성현 #오태곤,SSG,https://i.ytimg.com/vi/yRFhg3E_A-w/hqdefault.jpg,역대급 토론 배틀🔥 최정 vs 김성현ㅣMC 곤 & 정성현,yRFhg3E_A-w
#덕밍아웃 #윌커슨 #전준우 #유강남 #최항,롯데,https://i.ytimg.com/vi/3hTz1RqX210/hqdefault.jpg,기다리던 홈 개막의 날! 팬들의 함성에 베테랑들의 눈부신 활약,3hTz1RqX210
#박세웅 #레이예스 #전준우 #정훈 #장두성 #황성빈 #전미르 #김원중 #김광수 #광수생각 #숨은거인,롯데,https://i.ytimg.com/vi/A0s-xE6ceeQ/hqdefault.jpg,"'안경 에이스야, 부담 없이 던지고 와라' 박세웅의 호투와 3회 빅이닝으로 가져온 승리! (4/6) #덕밍아웃",A0s-xE6ceeQ
#윤동희 #이주찬 #반즈,롯데,https://i.ytimg.com/vi/eu2G2f4XO-w/hqdefault.jpg,"처음입니다! 윤동희의 그랜드슬램, 이주찬의 끝내기! #덕밍아웃",eu2G2f4XO-w
#반즈 #황성빈 #정훈 #윤동희 #덕밍아웃,롯데,https://i.ytimg.com/vi/5SrgUXuoChU/hqdefault.jpg,반즈가 막고 마성의 황성빈이 달렸다 #덕밍아웃,5SrgUXuoChU
#황성빈 #레이예스 #나균안 #덕밍아웃,롯데,https://i.ytimg.com/vi/l4zDK_DwI2g/hqdefault.jpg,"“황성빈 홈런”으로 정리 가능, 위닝시리즈를 가져오는 기분 좋은 일요일 승리! #덕밍아웃",l4zDK_DwI2g
#박세웅 #전준우 #정훈 #손호영 #전미르 #덕밍아웃 #덕아웃 #황성빈,롯데,https://i.ytimg.com/vi/gyC_MFC1mVo/hqdefault.jpg,"박세웅의 혼신투와 전준우&정훈, 베테랑이 이끈 타선🔥 (+ 덕아웃 응원단장 황성빈) #덕밍아웃",gyC_MFC1mVo
#손호영 #덕밍아웃,롯데,https://i.ytimg.com/vi/2GycN_WoIj8/hqdefault.jpg,"33번 손호영의 3점포와 3루타, 역전에 역전을 거듭한 한점 차 짜릿한 승리!!🔥#덕밍아웃",2GycN_WoIj8
#반즈 #덕밍아웃,롯데,https://i.ytimg.com/vi/aXk9Q8KkMwc/hqdefault.jpg,"반즈의 환상적인 13K, “4연승 질주”🔥🔥 #덕밍아웃",aXk9Q8KkMwc
#고승민 #이주찬 #전준우 #덕밍아웃,롯데,https://i.ytimg.com/vi/OyMrWLOIpfY/hqdefault.jpg,홈런 세 방 “19안타 18득점” 타선 대폭발!! 파죽의 5연승🔥 #덕밍아웃,OyMrWLOIpfY
#반즈 #윤동희 #전미르 #덕밍아웃,롯데,https://i.ytimg.com/vi/ZXNlueKlWCw/hqdefault.jpg,반즈가 이끌고 윤동희가 뒤집고 전미르가 지켰다🔥 #덕밍아웃,ZXNlueKlWCw
#박세웅 #김민성 #황성빈 #신윤후 #덕밍아웃,롯데,https://i.ytimg.com/vi/VxXGIrgu7GQ/hqdefault.jpg,"*위닝 확보* 시즌 5승 박세웅, 김민성의 결승타! 오늘의 GOD거인 신윤후 #덕밍아웃",VxXGIrgu7GQ
#유강남 #이학주 #나승엽 #윌커슨 #덕밍아웃,롯데,https://i.ytimg.com/vi/zTVMhJyjw78/hqdefault.jpg,시리즈 스윕!! 홈런 4방 10득점 화력쇼🔥 #덕밍아웃,zTVMhJyjw78
#김진욱 #유강남 #박승욱 #덕밍아웃,롯데,https://i.ytimg.com/vi/ZtchtqGoqwc/hqdefault.jpg,"김진욱의 첫 등판과 약속의 8회, 유강남과 박승욱이 만든 극적인 역전 드라마 #덕밍아웃",ZtchtqGoqwc
#최이준 #김상수 #레이예스 #덕밍아웃,롯데,https://i.ytimg.com/vi/c8MPXDex920/hqdefault.jpg,"복덩이 레이예스의 타점 먹방, 불펜진의 7.1이닝 무실점 릴레이로 가져온 위닝 시리즈! #덕밍아웃",c8MPXDex920
#김진욱 #박승욱 #덕밍아웃,롯데,https://i.ytimg.com/vi/lEoqyiazy_Y/hqdefault.jpg,김진욱의 761일 만의 선발승과 15안타 13득점 화력쇼🔥🔥 그리고 시즌 첫 기록까지 #덕밍아웃,lEoqyiazy_Y
#김민석 #고승민 #최이준 #덕밍아웃,롯데,https://i.ytimg.com/vi/TgKeuInvtks/hqdefault.jpg,"대타 김민석의 싹쓸이 역전타, 고승민의 데뷔 첫 그랜드슬램! 사직에서 펼쳐진 화력쇼로 가져온 위닝시리즈🔥 #덕밍아웃",TgKeuInvtks
#고승민 #레이예스 #손호영 #김상수 #김원중 #덕밍아웃,롯데,https://i.ytimg.com/vi/Qn74VNu8NmY/hqdefault.jpg,"식을 줄 모르는 화끈한 타격 속, 한 계단씩 올라가는 중! #덕밍아웃",Qn74VNu8NmY
#박승욱 #윤동희 #손호영 #윌커슨 #덕밍아웃,롯데,https://i.ytimg.com/vi/G-8Ed00ighE/hqdefault.jpg,"Mr.QS 윌커슨의 시즌 10번째 퀄리티 스타트, 3연속 위닝시리즈 달성!🔥 #덕밍아웃",G-8Ed00ighE
#윤동희 #김진욱 #덕밍아웃,롯데,https://i.ytimg.com/vi/FZMdY3OTJUQ/hqdefault.jpg,"의심하지 마! 윤동희의 연타석 홈런과 김진욱의 8K QS, 7점 차 대승🔥 #덕밍아웃",FZMdY3OTJUQ
#고승민 #정훈 #김상수 #덕밍아웃,롯데,https://i.ytimg.com/vi/b7VTiQ0P79o/hqdefault.jpg,'대역전 드라마' 포기란 없는 21안타 18득점의 핵타선이 만든 4연속 위닝시리즈🔥 #덕밍아웃,b7VTiQ0P79o
#레이예스 #나승엽 #덕밍아웃,롯데,https://i.ytimg.com/vi/usLBfxaDnTk/hqdefault.jpg,오늘도 또 뒤집었다! 약속의 7회로 만든 짜릿한 역전승! #덕밍아웃,usLBfxaDnTk
#나승엽 #최항 #박세웅 #덕밍아웃,롯데,https://i.ytimg.com/vi/tTPu0JhcTEk/hqdefault.jpg,"식을 줄 모르는 핵타선, 위닝시리즈 완성! #덕밍아웃",tTPu0JhcTEk
#레이예스 #손성빈 #윌커슨 #덕밍아웃,롯데,https://i.ytimg.com/vi/wPxBF9Jok0I/hqdefault.jpg,역전의 명수! 레이예스의 타점 먹방과 윌커슨의 이닝 먹방으로 가져온 5연승! #덕밍아웃,wPxBF9Jok0I
,롯데,https://i.ytimg.com/vi/9NudibBJI6o/hqdefault.jpg,"돌아온 에이스 반즈의 역투와 베테랑의 힘을 보여준 정훈, 후반기 첫 승! #덕밍아웃",9NudibBJI6o
#반즈 #최항 #박승욱 #덕밍아웃,롯데,https://i.ytimg.com/vi/mH4vcBZpAJ8/hqdefault.jpg,"'에이스의 품격' 반즈의 QS+와 박승욱의 한방, 약속의 땅 울산에서 가져온 승리! #덕밍아웃",mH4vcBZpAJ8
#레이예스 #덕밍아웃,롯데,https://i.ytimg.com/vi/GqGr_puwLu0/hqdefault.jpg,Yes or Yes! 승리 확률 100%를 만드는 Mr.클러치의 끝내기 만루포 #덕밍아웃,GqGr_puwLu0
#덕밍아웃 #송재영 #황성빈 #윤동희 #김상수 #손성빈 #정훈,롯데,https://i.ytimg.com/vi/z3InJujSOzA/hqdefault.jpg,송재영의 깜짝 세이브와 다리에 모터 달린 마황의 질주로 만든 역전승! #덕밍아웃,z3InJujSOzA
#덕밍아웃 #손호영,롯데,https://i.ytimg.com/vi/Sg7xywgZSc8/hqdefault.jpg,“아프지마 호영신” 손호영의 홈런 두 방이 만든 승리🔥  #덕밍아웃,Sg7xywgZSc8
#최항 #나승엽 #전준우 #덕밍아웃,롯데,https://i.ytimg.com/vi/of9KP4oSzcA/hqdefault.jpg,오늘만을 위한 특별 세리머니! 아빠의 힘으로 가져온 승리🔥 #덕밍아웃,of9KP4oSzcA
#손성빈 #고승민 #윤동희 #덕밍아웃,롯데,https://i.ytimg.com/vi/MXPT0fLnVRI/hqdefault.jpg,"캡틴의 말하는대로, 홈런 세 방 화력쇼로 만든 4연승🔥 #덕밍아웃",MXPT0fLnVRI
#덕밍아웃,롯데,https://i.ytimg.com/vi/73eNev1lerM/hqdefault.jpg,"뜨겁다 못해 폭발해버린 타선의 힘, 선발 전원 안타와 함께 10점 차 대승🔥 #덕밍아웃",73eNev1lerM
#반즈 #손호영 #박승욱 #덕밍아웃,롯데,https://i.ytimg.com/vi/JuTwa22SB1U/hqdefault.jpg,"‘반즈시 이긴다’는 승리 공식, 호영신의 투런포와 함께 살려가는 추격의 불씨🔥 #덕밍아웃",JuTwa22SB1U
,롯데,https://i.ytimg.com/vi/cbOgUHmWTYs/hqdefault.jpg,"루키 정현수가 막고, 캡틴 전준우가 마무리 지은 일요일! 뜨거운 우리의 8월🔥 #덕밍아웃",cbOgUHmWTYs
#윤동희 #박세웅 #덕밍아웃,롯데,https://i.ytimg.com/vi/1kXxNDqHFUQ/hqdefault.jpg,"가을을 향한 중요한 3연전의 시작, 약속의 8회로 만든 소중한 승리! #덕밍아웃",1kXxNDqHFUQ
#정훈 #손호영 #덕밍아웃,롯데,https://i.ytimg.com/vi/6QxkDmz1nBA/hqdefault.jpg,"굵은 빗줄기도 식힐 수 없던 타선의 화력, 20안타 14득점과 함께 위닝시리즈 달성! #덕밍아웃",6QxkDmz1nBA
#정현수 #손호영 #나승엽 #덕밍아웃,롯데,https://i.ytimg.com/vi/jIkBmHyLZh8/hqdefault.jpg,“1피안타 6K 완벽투” 최강 ‘롯데’ 정현수의 프로 데뷔 첫 승리🔥 #덕밍아웃,jIkBmHyLZh8
#레이예스 #김태형감독 #덕밍아웃,롯데,https://i.ytimg.com/vi/HxU6VV-es4w/hqdefault.jpg,감독님의 통산 700승! ‘복덩이’ 레이예스의 3안타 3타점과 캡틴의 홈런으로 기분 좋은 3연승 질주🔥 #덕밍아웃,HxU6VV-es4w
#정훈 #덕밍아웃,롯데,https://i.ytimg.com/vi/H1BVu-cXiog/hqdefault.jpg,마지막 한 번의 기회를 살린 베테랑의 힘! 9월의 첫날 만들어낸 값진 4연승🔥 #덕밍아웃,H1BVu-cXiog
#덕밍아웃,롯데,https://i.ytimg.com/vi/Y7bj06En3dE/hqdefault.jpg,"베테랑들이 추격의 시작을 알리고, 동생들이 뒤집었다! 7회 빅이닝으로 만든 소중한 역전승🔥 #덕밍아웃",Y7bj06En3dE
#윌커슨 #레이예스 #덕밍아웃,롯데,https://i.ytimg.com/vi/YzdJOUuHdKw/hqdefault.jpg,"끈질긴 집중력의 ‘복덩이’ 레이예스가 만든 귀중한 한 점, 연장 혈투 속 가져온 승리 #덕밍아웃",YzdJOUuHdKw
#박진 #윤동희 #덕밍아웃,롯데,https://i.ytimg.com/vi/upBoGstxVyg/hqdefault.jpg,"초반부터 화끈하게 두들긴 타선, 인천에서의 마지막을 승리로 장식🔥 #덕밍아웃",upBoGstxVyg
#덕밍아웃 #윤동희 #전준우 #정훈 #김원중,롯데,https://i.ytimg.com/vi/8r8zBFw1ks4/hqdefault.jpg,연휴의 첫날 폭발한 타선과 130번째 뒷문 단속에 성공한 마무리 투수 #덕밍아웃,8r8zBFw1ks4
#고승민 #윤동희 #구승민 #덕밍아웃,롯데,https://i.ytimg.com/vi/GFqZ5_J3bM0/hqdefault.jpg,"한 이닝 9득점 역전극, 빅이닝 두 번으로 가져온 위닝시리즈🔥 #덕밍아웃",GFqZ5_J3bM0
#고승민 #정현수 #덕밍아웃,롯데,https://i.ytimg.com/vi/aLblnM1F7Rs/hqdefault.jpg,"날씨만큼 뜨거운 고승민의 타격감, 고승민의 사이클링 히트와 함께 3연승 질주🔥 #덕밍아웃",aLblnM1F7Rs
#고승민 #레이예스 #한현희 #덕밍아웃,롯데,https://i.ytimg.com/vi/rX9JivgYYt4/hqdefault.jpg,루키들 앞에서 터진 화력으로 가져온 승리🔥 #덕밍아웃,rX9JivgYYt4
#최종전 #레이예스 #202안타 #신기록,롯데,https://i.ytimg.com/vi/ltWQv6RoMog/hqdefault.jpg,동료애 폭발…! 모두가 밀어주는 레이예스의 202 안타,ltWQv6RoMog
#스프링캠프 #시작,롯데,https://i.ytimg.com/vi/flxfAbU6FPQ/hqdefault.jpg,2024 스프링캠프 시작! 가자 괌으로!,flxfAbU6FPQ
#스프링캠프 #김태형 #김민호,롯데,https://i.ytimg.com/vi/MFuxpkZOFDc/hqdefault.jpg,스프링캠프 훈련 1일 차. 김태형 감독의 첫 당부,MFuxpkZOFDc
#스프링캠프 #내야수비 #김민호 #정훈 #오선진 #박승욱 #이정훈 #한동희 #김민성 #최항 #이주찬 #정대선 #노진혁 #이학주 #고승민 #나승엽,롯데,https://i.ytimg.com/vi/IH6gOerfUV0/hqdefault.jpg,괌에서도 수비는 김민호!,IH6gOerfUV0
#스프링캠프 #투수조 #러닝,롯데,https://i.ytimg.com/vi/PglcomiAmak/hqdefault.jpg,괌에서 맛보는 뜨거운 K-러닝,PglcomiAmak
#스프링캠프 #타격편 #김태형,롯데,https://i.ytimg.com/vi/RW5_5UDIIbk/hqdefault.jpg,지켜보고 있다! 타격감 올리기,RW5_5UDIIbk
#스프링캠프 #레이예스,롯데,https://i.ytimg.com/vi/dusTaNez14w/hqdefault.jpg,"""안녕!"" 레이예스가 보내는 첫 인사!",dusTaNez14w
#스프링캠프 #투수조 #김상수 #박세웅 #윌커슨 #한현희 #이민석 #전미르,롯데,https://i.ytimg.com/vi/7FMT48J2QC4/hqdefault.jpg,원하는 곳으로 직배송 피칭캠,7FMT48J2QC4
"#롯데호텔괌 #조식 #괌 
#김민성 #우강훈 #진해수 #박승욱 #이주찬 #이정훈 #최항 #김상수 #전준우 #레이예스 #김도규 #이민석 #김민석 #고승민 #나승엽 #서동욱 #강태율 #전미르 #한동희 #황성빈 #최준용 #정대선 #윤동희 #손성빈 #김진욱 #나균안 #김원중 #유강남",롯데,https://i.ytimg.com/vi/QMj-GckPj0A/hqdefault.jpg,훈련도 밥심으로부터. 든든하게 시작하는 아침 식사.,QMj-GckPj0A
#유강남 #강태율 #손성빈 #서동욱 #포수,롯데,https://i.ytimg.com/vi/N9KzBhQoYoY/hqdefault.jpg,"4명의 캐쳐, 3가지 미션. 캐칭 훈련 start!",N9KzBhQoYoY
"#투수조 #웨이트 #코어운동
#박세웅 #이인복 #전미르 #이민석 #김원중 #김상수 #최준용 #임준섭 #최이준 #김진욱 #박진 #나균안 #진해수 #박진형 #구승민 #김도규",롯데,https://i.ytimg.com/vi/LLvYXvD7jO4/hqdefault.jpg,보고있나? 더 강력한 투수조 근력 운동.,LLvYXvD7jO4
"#최준용 #출국 #브이로그 
#김진욱 #손성빈 #강태율 #정대선 #노진혁 #한동희 #김민석 #윤동희 #황성빈 #고승민 #나승엽 #이학주 #서동욱 #전준우 #정훈",롯데,https://i.ytimg.com/vi/C8480p1YpBM/hqdefault.jpg,'죽을 준비가 되어있다!' 출국하면서 묻는 24년 마음가짐?,C8480p1YpBM
#나승엽 #정대선 #김민호 #고영민 #김민재,롯데,https://i.ytimg.com/vi/eel-ILs3AhI/hqdefault.jpg,아침 일찍 찾아보는 '수비 느낌',eel-ILs3AhI
#고영민 #김광수 #박승욱 #장두성 #윤동희 #김민석,롯데,https://i.ytimg.com/vi/wg62UHyVWzk/hqdefault.jpg,고영민의 주루 특강 '발야구의 디테일',wg62UHyVWzk
#유강남 #김상수 #이인복 #김태형,롯데,https://i.ytimg.com/vi/Xpaavj5LEcs/hqdefault.jpg,감독님 인정! 제구 잘 되는 공 포수 시점으로 보기,Xpaavj5LEcs
#김주찬,롯데,https://i.ytimg.com/vi/hYmNu82oP8o/hqdefault.jpg,좋은 코치... 좋은 선배... 좋은 형... 12년 만에 돌아온 김주찬 코치!,hYmNu82oP8o
"#괌 #하드털이 
#김태형감독
#구승민 #김원중 #전미르 #이민석 #김도규 #나균안 #최이준 #정성종 #우강훈 #이인복 #진해수 #박진형 #전준우 #김상수 #김민성 #유강남 #윤동희 #김진욱 #나승엽 
#손성빈 #정대선 #강태율 #황성빈 #김민석 #노진혁 #이정훈 #이주찬 #최준용 #고승민",롯데,https://i.ytimg.com/vi/khwc2pECuSY/hqdefault.jpg,너희 왜 그래? 본진을 맞이하는 선발대의 자세,khwc2pECuSY
"#고승민 #윤동희 #한동희 #김민석 #황성빈 #정훈 #전준우 #김민성 #노진혁 #레이예스

00:35 고승민
01:25 윤동희
02:10 한동희
03:15 김민석
04:12 황성빈
05:13 정훈
06:19 전준우
07:35 김민성
08:17 노진혁
09:26 레이예스 (우타)
10:28 레이예스 (좌타)",롯데,https://i.ytimg.com/vi/rcGNv6uvoWM/hqdefault.jpg,내 마음을 울리는 타격 소리. 타격 ASMR #고승민 #윤동희 #한동희 #김민석 #황성빈 #정훈 #전준우 #김민성 #노진혁 #레이예스,rcGNv6uvoWM
"#진해수 #임준섭 #김진욱 #최이준 #정성종 #최준용 #박진형 #구승민 #우강훈 #한현희 #전미르 #이민석 #나균안 #박세웅 #김원중

좌완
00:13 진해수
00:32 임준섭
00:53 김진욱

우완
01:24 최이준
01:48 정성종
02:14 최준용
02:43 박진형
03:12 구승민

사이드
03:34 우강훈
04:14 한현희

영건
04:41 전미르
05:17 이민석

국가대표
05:53 나균안
06:35 박세웅
07:01 김원중

07:17",롯데,https://i.ytimg.com/vi/xOOLsdGSjfQ/hqdefault.jpg,"""넌 직구 가지고만 승부할 수 있다니까"" 투수들의 무한 경쟁 #불펜피칭",xOOLsdGSjfQ
,롯데,https://i.ytimg.com/vi/vGjc9Pa0Suc/hqdefault.jpg,"""힘들어도 어쩔 수 없습니다. 이겨내야죠!"" 야구의 기본은 체력! 하얗게 불태웠다",vGjc9Pa0Suc
#지바롯데 #지바롯데마린스,롯데,https://i.ytimg.com/vi/YX3Grk60vuM/hqdefault.jpg,형제 만난 선수들. 지바롯데와 화기애애하게 합동 훈련,YX3Grk60vuM
#롯데더비 #하이라이트,롯데,https://i.ytimg.com/vi/NM8l-0A0m_s/hqdefault.jpg,"vs 지바롯데 1차전 H/L | 윌커슨 완벽투, 레이예스의 첫 홈런, 돌아온 내야 고승민",NM8l-0A0m_s
#롯데자이언츠 #지바롯데 #chibalotte,롯데,https://i.ytimg.com/vi/dZZX16uHwvk/hqdefault.jpg,박세웅 vs 사사키 로키 | 지바롯데 2차전 H/L,dZZX16uHwvk
#전준우 #카라카와유키 #고승민 #후지오카유다이 #손성빈 #마츠카와코,롯데,https://i.ytimg.com/vi/U3tEwbAfhJ0/hqdefault.jpg,지바롯데와 닮은꼴 토크. “퍼펙트게임 어땠어요?”,U3tEwbAfhJ0
#연습경기 #하이라이트 #롯데자이언츠 #기아타이거즈 #전미르,롯데,https://i.ytimg.com/vi/gOweKdlV0Ns/hqdefault.jpg,고작 스무 살. 마운드 위 쌈닭 전미르의 빛나는 피칭 | vs KIA타이거즈 H/L,gOweKdlV0Ns
#스프링캠프 #전준우 #정훈 #김민호 #손성빈 #고승민 #오선진 #최항 #김민성 #최이준 #구승민 #김원중 #전미르,롯데,https://i.ytimg.com/vi/JspheohQ95M/hqdefault.jpg,연습경기는 취소지만 훈련은 강행입니다,JspheohQ95M
#연습경기 #하이라이트 #롯데자이언츠 #한화이글스 #전준우 #안치홍 #한동희 #김민석 #고승민 #오선진 #우강훈 #윌커슨 #최이준 #박진,롯데,https://i.ytimg.com/vi/FUw1M9Ig3kc/hqdefault.jpg,윌커슨 vs 산체스 | vs 한화이글스 H/L,FUw1M9Ig3kc
#연습경기 #하이라이트 #롯데자이언츠 #기아타이거즈 #이인복 #양현종 #고승민 #전준우 #노진혁 #김상수 #김원중 #구승민 #김민성 #김태형,롯데,https://i.ytimg.com/vi/n6lUfWptnnI/hqdefault.jpg,이인복 vs 양현종 | vs KIA타이거즈 H/L,n6lUfWptnnI
#스프링캠프 #김태형 #김민호 #전준우 #김원중 #구승민 #김민석 #전미르 #우강훈 #박진 #김진욱 #유강남 #최이준 #서동욱 #한동희 #고승민,롯데,https://i.ytimg.com/vi/hGPotG6l4PA/hqdefault.jpg,"스캠 마지막 날, ""우리는 충분히 해낼 수 있다.""",hGPotG6l4PA
"00:00 대전에서 만난 네 번째 주인공 
00:48 오늘의 메뉴 : 생수
02:25 매일 복습하는 16년차
03:52 내향인들끼리 절친
04:24 밀당의 고수
05:18 안치홍 MBTI
05:50 안치홍 등장곡의 비밀
06:12 좋아하는 음식
07:18 대전 맛집 추천
07:45 눈에 넣어도 안아플 두 딸
08:07 2025시즌은 지금부터 
08:52 2루수 준비할까요?
09:53 야구를 시작한 계기
10:50 영어 공부 썰 인증
11:39 루틴 리스트
12:42 가장 기억에 남는 경기
14:03 목표는 하나
14:30 끝까지 괴롭히는 제작진

#한화이글스 #안치홍

🎵BGM(Music provided by 브금대통령)
꽃길을 걸어서 https://www.youtube.com/watch?v=l-oe8t91CnA
붕어빵 https://www.youtube.com/watch?v=Id_qRi0WjAY&t=11s
코기의 하루 https://www.youtube.com/watch?v=dojxu6m_7lU
Confusing Road https://www.youtube.com/watch?v=ydPppyQQdPc
그 빵은 내거야 https://www.youtube.com/watch?v=Jyh4ETOLIhQ
조별과제 https://www.youtube.com/watch?v=wLuWmPrJkSk&t=1s
쳇바퀴인생 https://www.youtube.com/watch?v=jpo3kYQpTZs
졸려죽겠다 https://www.youtube.com/watch?v=2BuLYN0wbMI
뭐라는 거야 https://www.youtube.com/watch?v=DAfWMCuPwRs
Little Commando https://www.youtube.com/watch?v=OMBjNrUrhnI
내가 그랬어 https://www.youtube.com/watch?v=QKBh2YehfGM&t=9s
Kid's Room 4 https://www.youtube.com/watch?v=ixTelrxRNeo&t=2s
가을 안부 https://www.youtube.com/watch?v=PKLs9Qfldrg&t=17s",한화,https://i.ytimg.com/vi/mF-G4TDcsDg/hqdefault.jpg,안치홍과 대전에서 생수 한 잔🚰,mF-G4TDcsDg
"00:00 서울에서 만난 네 번째 주인공 
01:08 오늘의 메뉴 : 에스프레소
02:12 계약금 어떻게 썼어요?
02:52 먹방계의 샛별
03:35 코골이 빌런
04:25 모찌까지 여섯 가족
06:07 알고보니 로컬 보이
07:01 돈가스집 연쇄 사인마
07:33 김경문 감독과 단 둘이 식사한 썰
10:45 구속은 포기 못해
12:53 팀에 애정이 넘치는 김서현
13:28 김서현 PICK 고교 올스타
14:34 소통왕 키무소효

📺 여러분들의 이야기를 Eagles TV에 광고해드립니다 📺
1️⃣ 광고하고 싶은 내용을 이미지로 제작해주세요 (1080*1080px)
2️⃣ 제작한 이미지를 eagles1985@naver.com로 보내주세요
3️⃣ 이메일 제목에 “[이글스티비 광고 이벤트]”를 포함해 주세요

기념일 축하/응원/육아일기 등을 담아 특별한 추억을 선물해드리겠습니다☺️
* 당첨 여부에 대한 개별 회신은 따로 드리지 않습니다 (영상에서 확인 가능)

🎵BGM(Music provided by 브금대통령)
고슴이 - https://www.youtube.com/watch?v=wXCgWMCgawA
비틀비틀 - https://www.youtube.com/watch?v=kkTYGStJ968
지능지수 낮아지는 브금 - https://www.youtube.com/watch?v=Z5PVraeiz7Y&t=1s
내가 그랬어 - https://www.youtube.com/watch?v=QKBh2YehfGM&t=10s
꿀벌브금 - https://www.youtube.com/watch?v=dyPYXM-_mz4

#한화이글스 #김서현",한화,https://i.ytimg.com/vi/dx4iavIgLqE/hqdefault.jpg,(후반기 ERA 0.77) 김서현과 서울에서 에스프레소 한 잔☕️,dx4iavIgLqE
"00:00 부산에서 만난 세 번째 주인공 
00:54 오늘의 메뉴 : 아이스 핸드드립
01:25 Eagles TV 애청자
02:25 김태연의 커피 취향
03:27 디저트에 진심인 남자
04:14 후니(최재훈)와 여니(김태연)
05:00 사랑꾼 남편
06:17 데뷔 첫 타석 초구 홈런
08:28 내외야 넘나드는 멀티맨
09:40 팬분들께 너무 죄송했어요
10:44 이름 부자
11:34 상무와 훈련소 동기
12:38 남은 후반기 목표

📺 여러분들의 이야기를 Eagles TV에 광고해드립니다 📺
1️⃣ 광고하고 싶은 내용을 이미지로 제작해주세요 (1080*1080px)
2️⃣ 제작한 이미지를 eagles1985@naver.com로 보내주세요
3️⃣ 이메일 제목에 “[이글스티비 광고 이벤트]”를 포함해 주세요

기념일 축하/응원/육아일기 등을 담아 특별한 추억을 선물해드리겠습니다☺️
* 당첨 여부에 대한 개별 회신은 따로 드리지 않습니다 (영상에서 확인 가능)

#한화이글스 #김태연",한화,https://i.ytimg.com/vi/y1OQtbrWV2g/hqdefault.jpg,(첫 두 자릿수 홈런🔥 커하에 도전하는)김태연과 부산에서 핸드드립 커피 한 잔☕️,y1OQtbrWV2g
"00:00 광주에서 만난 두 번째 주인공
00:37 오늘의 메뉴 : 아.아
01:02 커피 애호가 장진혁의 취향
02:03 장진혁의 소개팅 승률
03:07 할말은 하는 성격
04:11 시작은 야구 대신 축구
05:27 남자들이 사랑하는 남자
05:55 장진혁의 광주, 대전 맛집 추천
06:57 데뷔 첫 만루홈런
07:34 파쇄꾼
08:37 본인 기사 챙겨봐요?
09:25 길거리 캐스팅 받다
12:28 포스트 정우성이 꼽은 미남
13:18 그렇게 내향인은 아니에요
15:07 다음 게스트 추천 


📺 여러분들의 이야기를 Eagles TV에 광고해드립니다 📺
1️⃣ 광고하고 싶은 내용을 이미지로 제작해주세요 (1080*1080px)
2️⃣ 제작한 이미지를 eagles1985@naver.com로 보내주세요
3️⃣ 이메일 제목에 “[이글스티비 광고 이벤트]”를 포함해 주세요

기념일 축하/응원/육아일기 등을 담아 특별한 추억을 선물해드리겠습니다☺️
* 당첨 여부에 대한 개별 회신은 따로 드리지 않습니다 (영상에서 확인 가능)

#한화이글스 #장진혁",한화,https://i.ytimg.com/vi/HiYb3jVe2k8/hqdefault.jpg,(정우성 매니저가 보고 달려온) 장진혁과 광주에서 아이스 아메리카노 한 잔,HiYb3jVe2k8
"‘ㅇㅇㅇ과 ㅇㅇㅇ 한 잔’ 시리즈는 원정 경기 점심 식사 후 선수의 스케줄에 방해되지 않는 선에서 커피 한 잔 하는 새로운 콘텐츠입니다. 2편이 계속될 수 있을 지는 1편의 결과에 달려 있습니다… 2편의 주인공이 누가될지는 아직 알 수 없습니다...

#한화이글스 #황준서",한화,https://i.ytimg.com/vi/yfAytysh4C8/hqdefault.jpg,신인 황준서와 대구에서 블루베리 스무디 한 잔,yfAytysh4C8
"📣 이글스 TV 예고
(1) 11월 22일(금) 저녁: 심우준&엄상백 선수단 첫 인사 현장 
(2) 11월 24일(일) 저녁: 형님들과 저녁 식사 with 류현진&채은성

선수단은 11월 23일까지 미야자키에서 훈련 후 한국으로 돌아올 예정입니다! 마무리캠프 끝까지 팬 여러분의 많은 응원 부탁드립니다🦅

00:00 펑고 전 몸풀기
00:41 노시환부터 시작
01:40 감동한 김우석 코치
02:14 자체 비디오 판독
02:48 더블 플레이 훈련 시작
04:15 국제심판 김경문 감독
05:21 진짜 카운트하는 중
06:05 마지막 펑고의 주인공

#한화이글스 #마무리캠프",한화,https://i.ytimg.com/vi/VtpcCi4kX-A/hqdefault.jpg,[4K] 마무리캠프에서 김경문 감독이 직접 카운트하는 내야 펑고 지옥,VtpcCi4kX-A
"00:00 꼭 붙어서 훈련하는 포수조
00:50 블로킹부터 시작하는 수비 훈련
01:29 분량 욕심 장규현과 파이팅 요정 박상언
03:44 실전과 같은 미친 텐션 보여주는 포수조
04:50 투수조&포수조 함께하는 불펜 피칭
06:11 마지막 힘까지 끌어내는 하는 포수조 파이팅
07:09 솔선수범 윤규진 코치의 셀프 인터뷰
08:12 배팅 훈련과 엑스트라까지 이어지는 오후 스케줄
08:55 함께 공 주으며 포수조 일과 마무리
-----------------------------------------------------------------------------------
Music provided by 브금대통령
Track : 쫄보브금 - https://youtu.be/oCkPsizC6Mk
Track : 총체적난국 - https://youtu.be/z2ue5koLr7k
Track : 뭐라는거야 - https://youtu.be/DAfWMCuPwRs
Track : FAIL -  https://youtu.be/h4DKi2eUnH8 
Track : 어디를 털어볼까 - https://youtu.be/FevQHuzj73E
-----------------------------------------------------------------------------------
#한화이글스 #마무리캠프",한화,https://i.ytimg.com/vi/-4t3dMz3ee4/hqdefault.jpg,(고막 주의) 투수의 마지막 힘까지 쥐어짜내는 최강 데시벨 포수조의 무한 파이팅🔥,-4t3dMz3ee4
"(참고) 영상에 나온 중간식은 훈련과 훈련 사이 짧은 시간에 에너지를 보충하기 위해 먹는 식사입니다. 조식과 석식(단백질 중심의 한식+일식)의 식단을 간소화하여 간단한 메뉴로 제공하고 있습니다🍽

00:00 이태양-이원석 등장
01:03 문동주-안치홍-채은성 등장
01:33 6kg 찐 이원석
02:12 라멘만 파는 이도윤
02:27 생각하는 김규연
02:44 마라토너 이상규
03:05 룸메 황영묵&권광민
03:33 신인 야수 3인방 
04:12 이태양 담당일진 주현상&김태연
06:19 이재원 끌고 다니는 최재훈
06:57 허인서 지쳤나요?
07:24 입맛 없는 장규현

#한화이글스 #먹방",한화,https://i.ytimg.com/vi/WG3BHUyDD64/hqdefault.jpg,"""너 흑백요리사 안 봤어..?"" 디스와 애정이 넘치는 휴식 시간 국수 먹방🍽️",WG3BHUyDD64
,한화,https://i.ytimg.com/vi/57W2GlNKwZY/hqdefault.jpg,황영묵 논란의 도둑복면(?) 해명,57W2GlNKwZY
,한화,https://i.ytimg.com/vi/6yotBUu97Xo/hqdefault.jpg,10년 넘게 한화이글스 응원한 일본인 소년 팬,6yotBUu97Xo
"캠프 중간 식사 시간, 휴식시간 중 틈틈이 담아 본 옾더그 미야자키 스페셜편입니다. 어느새 옾더그가 54화라니ㄷㄷㄷ

00:00 인간 복사기 노시환
00:50 게잡이 안치홍&임종찬
02:48 문동주-이상규 룸메썰
04:15 채은성이 말하는 진실
05:07 최재훈-김태연 룸메
05:38 노시환-이원석의 사부님
06:10 황영묵 도둑 가면 해명
08:15 이태양과 일본팬의 인연

#한화이글스 #옾더그",한화,https://i.ytimg.com/vi/Ay9VASREl34/hqdefault.jpg,황영묵 도둑 가면 해명｜안치홍&임종찬 게잡이 썰｜마무리캠프 룸메이트 공개 [옾더그],Ay9VASREl34
"김태연 ""저희는 지치지 않았습니다""

00:00 카운트 에누리 최인호
01:06 기차화통 이도윤
01:43 근성의 김태연
02:24 정현석 코치의 훈련 설명
02:51 독기 이원석
04:04 숙명의 라이벌 이상혁
04:35 도망 금지 신인 배승수
05:02 게잡이 소년 임종찬이
06:24 E기합 넣는 I 장진혁
07:18 금세 적응하는 유로결
07:55 농담도 하는 안치홍
08:24 여유있는 베테랑 채은성
08:58 반대 스윙으로 훈련 마무리
09:10 김경문 감독의 사탕 나눔

#한화이글스 #마무리캠프",한화,https://i.ytimg.com/vi/aTZtlb4g8OU/hqdefault.jpg,'방금이 마지막 아니야?' 끊임없이 무효 처리되는 네버엔딩 빠른T 배팅의 늪,aTZtlb4g8OU
"오늘 훈련 메뉴는 뭔가요
☞ 외야 펑고 입니다

PS) 선수들은 내년 시즌 달라진 모습을 위해 열심히 훈련에 임하고 있습니다! 많은 응원의 댓글 부탁드립니다

00:00 오늘 훈련은 뭔가요
00:11 캐치볼로 웜업 시작
00:40 박재상-정현석 코치 타구로 펑고 훈련
02:22 어디 한 번 잡아봐
03:38 실수 만회하는 김태연
04:19 어려운 타구 도전
04:59 1인 2역 메신저 이상혁
06:23 한 명씩 합격 심사
07:03 마지막 합격자는 과연
07:33 억울한 이상혁
08:06 박재상 코치의 깊은 뜻

#한화이글스 #마무리캠프",한화,https://i.ytimg.com/vi/Ft7kN2dcGPw/hqdefault.jpg,[4K] 놓치면 죽고 잡으면 산다...펑고 받던 외야수 OOO 총 5번 호출된 사연,Ft7kN2dcGPw
"00:00 오전 훈련 후 트랙에 모인 투수조
01:29 비 내린 흙바닥 탓에 꽈당 현상 탄생
01:52 서로를 잡아야하는 미션을 받은 OB&YB팀
02:34 걱정 안해줘서 서운한 F현상
02:59 열심히 뛰면서 열심히 말하는 이태양
04:22 아직 서운한 주현상과 T의 정석 윤규진 코치
04:51 랜덤 기합과 함께하는 단거리 스프린트
05:58 땀이 없어서 억울한 조동욱
06:22 양상문 코치가 주문한 마무리 하체 훈련
07:00 이상규에게 점점 접근하는 문동주
07:33 타이즈가 구멍나도록 열심히 훈련한 이상규
08:08 괘씸한 김범수의 영상편지
08:31 양상문 코치 소환한 김범수
#한화이글스 #마무리캠프",한화,https://i.ytimg.com/vi/HALtXaJcmT4/hqdefault.jpg,미야자키의 헬난이도 러닝크루...옷 색 바뀔 때까지 뛰는 투수조 러닝훈련 현장,HALtXaJcmT4
"00:00 비 오는 날 야간 훈련
00:12 북한 친구에게 모자 빌려온 이상규
00:49 바지로 패션쇼하는 투수조
01:26 우중 훈련 시작
01:44 권광민 스윙 교정해주는 김민호 코치
02:09 이번엔 이진영에게 피드백
02:55 발을 교차로 놓고 스윙하는 최인호
03:10 김태연과 김기중의 합동 훈련
04:17 정이황의 섀도우 피칭
04:23 김도빈의 섀도우 피칭
04:32 김승일의 섀도우 피칭
05:11 양상문 코치에게 피드백 받는 조동욱
05:30 신인 정우주와 권민규의 섀도우 피칭
06:30 비가 와도 계속 되는 훈련
07:36 최인호에게 조언을 구하는 신인 이승현
08:06 혼자 남아서 연습하는 신인 이지성",한화,https://i.ytimg.com/vi/ZytUXcDL2n0/hqdefault.jpg,"비 오는 밤, 꺼지지 않는 조명💡 한화이글스 야간 훈련 현장 ASMR",ZytUXcDL2n0
"이 전통이 언제까지 이어질지는 아무도 몰루

00:00 이동길 브이로그의 역사
00:40 배승수 인사드립니다
01:38 룸메 권민규 인터뷰 시도
02:07 야구장으로 이동
02:40 마캠 합류 신인 릴레이 인터뷰
03:57 버스 탑승해서 인천 이동
04:25 출국 전 신인끼리 아침 식사
05:50 우주야 오디오 좀 채워줘
07:00 출국장 가는길 승이로그 지분 싸움
08:35 배승수에게 2루타 맞은 정우주
09:37 비행기 탑승 옆자리는 황영묵
10:00 숙소 룸메이트는 내향인 조합
10:17 배승수의 마지막 인사

#한화이글스 #배승수 #미야자키마무리캠프",한화,https://i.ytimg.com/vi/TksbI1wCcqQ/hqdefault.jpg,4R 배승수가 담아 온 신인들의 첫 마무리캠프 출국 현장 브이로그┃승이로그,TksbI1wCcqQ
"야구장에서의 스케줄을 마친 후 숙소에 돌아와 저녁 식사 후 마지막 야간 운동이 진행됩니다...스윙과 섀도우 피칭을 진행하는 야간 운동까지 마치면 오후 8시🔥 투수조의 러닝 훈련과 저녁 식사 후 진행되는 야간 훈련의 모습은 따로 영상으로 보여드릴 예정입니다. 조금만 기다려주세요! 

00:00 미야자키 캠프 첫 출근
00:42 캠프 시작을 앞둔 김경문 감독의 한마디
01:47 역대급 인원의 웜업&캐치볼
02:28 본격 야수조 수비 훈련
07:45 옆 구장에 모인 투수조
08:47 투수조 웜업&드릴
09:31 채은성이 선물한 투수조 커플 신발
10:57 재활조 습격한 미야자키 모기
12:06 첫 날부터 불펜 피칭! 든든한 포수조까지
13:45 이어지는 투수&야수 합동 작전 훈련
15:56 훈련 사이에 간단히 먹는 식사
16:16 8개의 조, 4개의 훈련 야외 배팅훈련
16:33 자존심 긁힌 문현빈
17:24 알고보니 배팅 훈련 더 있음
17:44 실내 배팅볼 파트-번트 훈련 파트
18:39 아직 한 발 남았...엑스트라 훈련

#한화이글스 #마무리캠프",한화,https://i.ytimg.com/vi/EVvxyrUT4Ss/hqdefault.jpg,아침 7시~저녁 8시 풀 스케줄(?) 제대로 시작하는 마무리캠프 첫 훈련의 모든 것 (10.31),EVvxyrUT4Ss
"00:00 비오는 교육리그 마지막 경기날
00:32 비가 와도 멈추지 않는 투수조 우천러닝
01:21 오릭스와 함께 훈련 하는 실내 불펜장
02:00 야수조의 로테이션 훈련
02:45 장지수 인터뷰
04:56 이상규 인터뷰
06:41 조동욱 인터뷰
08:36 허인서 인터뷰
10:29 이진영 인터뷰
13:10 교육리그를 마치며 선수단에게 전하는 이대진 감독의 한마디
14:44 이대진 감독의 교육리그 총평

#한화이글스 #교육리그",한화,https://i.ytimg.com/vi/HpYlUc2ooxM/hqdefault.jpg,쏟아지는 비에도 멈추지 않는 우중러닝! 2024 미야자키 교육리그 대장정의 마지막 날,HpYlUc2ooxM
"00:00 미야자키 교육리그 (vs 삼성전)
00:09 2회초 선발투수 김규연 삼자범퇴
00:44 4회초 이성민 삼자범퇴
01:10 5회말 임종찬-문현빈 합작으로 첫 득점
01:45 6회말 김건의 3점 홈런
02:22 이충호, 장지수의 무실점 피칭
02:45 7회말 문현빈 3루타
03:04 9회말 짜릿한 역전승
03:54 흙범벅된 임종찬 얼굴
04:24 ‘3점 홈런’ 김건 인터뷰
05:41 ‘6경기째 무실점’ 이성민 인터뷰

#한화이글스 #교육리그",한화,https://i.ytimg.com/vi/BfBQnF02fg4/hqdefault.jpg,역전의 주역 문현빈·임종찬·김건의 맹타로 교육리그 3연승 (10.27),BfBQnF02fg4
#한화이글스 #shorts,한화,https://i.ytimg.com/vi/uUtpPwpH5_s/hqdefault.jpg,"2025 수능 대박 기원! 한화이글스 선수들의 응원 메시지💌 (정우주, 이지성, 이승현)",uUtpPwpH5_s
"00:00 공항에서 미야자키 마무리캠프까지
02:00 심우준, 엄상백 첫 상견례
03:15 엄상백 - 청소년대표팀 이도윤, 덕수고 선배 최재훈
05:00 심우준 - 황영묵, 송정동초 최인호, 상무 동기 허인서
06:00 엄상백 러닝화 쇼핑 - 우연히 만난 훈련소 동기 김태연
10:16 다시 러닝화 쇼핑 이어가는 엄상백

#한화이글스 #심우준 #엄상백",한화,https://i.ytimg.com/vi/ZEUsnlvFrwQ/hqdefault.jpg,"공항에서 일본 미야자키까지 함께한 심우준, 엄상백 선수단 첫 인사 현장",ZEUsnlvFrwQ
"📣댓글 이벤트 있습니다
세 선수 중 누구의 편의점 쇼핑리스트가 가장 마음에 드시나요? 마음에 드는 선수와 이유를 댓글로 달아주시면 두 분을 선정하여 선수들의 쇼핑템 중 식품이 아닌 아이템을(예: 매직, 양말 등) 선물로 드립니다! (선수들을 향한 응원의 메시지도 같이 써주시면 당첨 확률 UP⬆)

❶ 기간: 12월 1일(일) ~ 12월 8일(일)
❷ 당첨자 발표: 12월 9일(월)
(당첨자에게는 댓글의 답글을 달아 드립니다)

00:00 이래서 편의점 털어봤습니다
00:35 이태양&김범수&문동주 입장
01:45 맞춤 제작한 편의점 티셔츠
02:34 문동주 세븐일레븐 입장
02:48 이태양 로손 입장
04:13 일본 뉴비 문동주의 쇼핑
05:45 김범수의 패밀리마트
07:47 이태양의 최장 시간 쇼핑
09:10 편의점 티셔츠 기념샷
09:21 셋 다 사온 일본 컵라면
10:00 3인 3색 PB상품
10:24 편의점 도시락 대전
10:41 맛도리 세븐일레븐 어묵 
11:11 일본 편의점 최고의 푸딩
12:41 로손 무인양품 커리
13:06 크림브륄레 아이스크림
13:49 제작진 원픽 편의점 커피
14:40 편의점 고구마 과자 대결
15:28 식품 외 찐템 대결
16:22 가장 잘 사 온 아이템 투표
17:41 편의점 추천템 요약

#이태양 #김범수 #문동주",한화,https://i.ytimg.com/vi/YBFAeIlFTX8/hqdefault.jpg,"일본 여행 준전문가 야구선수들의 찐 일본 편의점 추천템 10가지 (이태양, 김범수, 문동주)",YBFAeIlFTX8
"00:00 고교 vs 대학 올스타전 많관부
00:07 2말 선취점 가져오는 적시타(vs 엔스)
00:47 4말 변화구 받아쳐 멀티히트(vs 엔스)
01:41 7초 구본혁의 타구를 낚아챈 호수비
02:13 8말 김유영 상대 오늘 경기 3안타 완성

#이도윤 #한화이글스",한화,https://i.ytimg.com/vi/8BAiva_538s/hqdefault.jpg,'3할 치는 유격수' 이도윤 호수비 포함 3안타 활약상 (05.22),8BAiva_538s
"00:00 돌아온 선발투수 문동주
00:11 1회초 삼자범퇴(vs 홍창기, 박해민, 김범석)
00:52 2회초 삼자범퇴(vs 오스틴, 문성주, 문보경)
01:29 3회초(vs 허도환, 신민재)
01:59 4회초(vs 홍창기, 박해민, 오스틴)
02:31 5회초 삼자범퇴(vs 문성주, 문보경, 오지환)
02:46 등에 묻은 정체 모를 흙
03:14 꽈당동주

#한화이글스 #문동주",한화,https://i.ytimg.com/vi/gandpdDFGQk/hqdefault.jpg,'최고 157km/h’ 문동주의 완벽한 복귀전 (05.21),gandpdDFGQk
"00:00 1K vs 손아섭
00:40 2K vs 서호철
01:26 3K vs 김성욱
02:24 4K vs 김형준
03:01 5K vs 김주원
03:35 6K vs 김성욱
04:13 7K vs 손아섭
05:04 8K vs 손아섭

#류현진 #한화이글스",한화,https://i.ytimg.com/vi/JGAZocP4vkU/hqdefault.jpg,'110구 투혼' 류현진 NC전 8K 투구 하이라이트 (05.14),JGAZocP4vkU
"류현진, 황준서, 조동욱 Let's GO

00:00 1회(vs 이용규, 이주형, 고영우)
01:28 2회 삼자범퇴(vs 고영우, 김휘집, 이원석)
02:03 3회(vs 김재현, 이용규, 도슨)
02:33 4회 삼자범퇴(vs 김혜성, 이주형, 고영우)
03:46 5회 삼자범퇴(vs 김휘집, 이원석, 김재현)
04:52 6회(vs 임지열, 도슨, 김혜성)

#조동욱 #한화이글스",한화,https://i.ytimg.com/vi/KddFHzUNRQ8/hqdefault.jpg,'KBO리그 역대 11번째' 신인 조동욱 데뷔 첫 승 투구모음 (05.12),KddFHzUNRQ8
"00:00 1회말 우익수 앞 안타
00:32 2회말 불리한 볼카운트에서 얻어낸 값진 볼넷
01:15 8회말 이닝 선두타자 출루를 만들어내는 안타
01:28 8회말 상대의 빈틈을 파고들어 2루까지 진루
01:51 8회말 문현빈의 안타에 득점하며 동점!
02:54 10회말 끝내기 홈런

#한화이글스 #페라자 #끝내기홈런",한화,https://i.ytimg.com/vi/yqh1dyP7PXc/hqdefault.jpg,'10회말 역전 끝내기 홈런' 페라자의 끝내주는 하루 (05.10),yqh1dyP7PXc
"00:00 2회초 땅볼 처리
00:30 2회초 느린 땅볼 빠르게 전진하며 아웃 처리
01:00 3회말 역전 그랜드슬램
02:22 4회초 벌처럼 날아서 아웃 처리
02:41 5회초 땅볼 처리
02:56 5회초 병살 처리
03:15 6회초 땅볼 처리
03:33 7회말 오늘 경기 두 번째 자동 고의 4구
03:58 7회말 안치홍 적시타에 득점

#한화이글스 #노시환",한화,https://i.ytimg.com/vi/5ic9NiKaZiw/hqdefault.jpg,역전 만루 홈런에 호수비 대잔치! 류현진 100승 특급 도우미 노시환 공수 활약상 (04.30),5ic9NiKaZiw
"생애 첫 2번타자로 선발 출장하여
12경기 연속 안타를 이어간 황영묵 활약상
(4타수 2안타 1볼넷 3득점)

00:00 1회초 4-6-3 병살타 수비
00:14 1회말 볼넷 출루
00:27 1회말 노시환에게 쫓기다
01:15 2회말 12경기 연속 안타 이어가기
01:46 2회말 노시환 적시타에 득점
01:59 3회초 뜬공 처리
02:10 6회초 이번엔 6-4-3 병살타 수비
02:35 6회말 멀티 히트 완성
03:01 7회초 땅볼 처리
03:30 8회초 팝플라이 처리
03:36 9회초 발빠른 정수빈의 까다로운 타구 호수비
04:04 9회초 땅볼 처리

#한화이글스 #황영묵",한화,https://i.ytimg.com/vi/qGVdDXy2JmQ/hqdefault.jpg,'12경기 연속 안타' 신인 황영묵 멀티히트 포함 3출루 3득점 활약상 (04.27),qGVdDXy2JmQ
"한화이글스 2024 신인 황준서 
시즌 두 번째 선발 등판 (4월 20일 삼성전) 
: 5이닝 64구 4피안타 1볼넷 5탈삼진 1실점 
(최고구속 147km/h, 패스트볼 평균 143km/h) 

00:00 1회초 vs 김지찬, 이재현, 구자욱 
01:16 2회초 vs 김영웅, 강민호, 김헌곤 
02:32 3회초 vs 이성규, 김지찬 
03:28 4회초 vs 이재현, 구자욱, 강민호 
04:24 5회초 vs 김헌곤, 이성규 

#한화이글스 #황준서",한화,https://i.ytimg.com/vi/-xhgkFZzjBo/hqdefault.jpg,'ERA 1.15' 신인 황준서 삼성전 5이닝 1실점 5K 투구모음 (04. 20),-xhgkFZzjBo
"야식 안 먹고 이거 보고 자렵니다

#한화이글스 #류현진",한화,https://i.ytimg.com/vi/n2CVTTpUlRs/hqdefault.jpg,류현진 2024시즌 첫 승! 두산전 8K 모음 (04.11),n2CVTTpUlRs
"여권 어디 있어
#한화이글스 #페라자",한화,https://i.ytimg.com/vi/IRWrCkuayWI/hqdefault.jpg,만원관중을 들썩이게 한 동점 쓰리런💥 '홈런 포함 멀티히트' 페라자 활약상 (04.04),IRWrCkuayWI
"황준서 데뷔 영상 제작중.. 커밍순..
#한화이글스",한화,https://i.ytimg.com/vi/OXRZQSbQTTc/hqdefault.jpg,‘5이닝 5K 1실점’ 역대 10번째 고졸신인 데뷔전 선발승! 황준서 투구 하이라이트 (03.31),OXRZQSbQTTc
"슬슬 여권을..

#한화이글스 #페라자",한화,https://i.ytimg.com/vi/mlCJG2dHMCk/hqdefault.jpg,'타율이 5할' 홈런 포함 4출루 오늘도 미친 활약 페라자 H/L (03.30),mlCJG2dHMCk
"6이닝 8피안타 2실점 무사사구 9K(89구) ND
패스트볼 최고 구속 147km/h, 평균 구속 144km/h

#한화이글스 #류현진",한화,https://i.ytimg.com/vi/9drC8j7DtDA/hqdefault.jpg,'6이닝 9K' 류현진 홈 개막전 시즌 첫 QS 피칭 하이라이트 (03.29),9drC8j7DtDA
"어제 우타 멀티 히트에 이은 오늘 좌타 멀티 홈런🔥

#한화이글스 #페라자",한화,https://i.ytimg.com/vi/TgEeEqxZaFc/hqdefault.jpg,'잠실에서 멀티홈런 쾅💥' 넘치는 에너지로 팀 분위기 메이커 역할 톡톡히 한 페라자 활약상 (03.24),TgEeEqxZaFc
"5이닝 76구 6피안타 2실점 6탈삼진
최고구속 144km/h #한화이글스 #류현진",한화,https://i.ytimg.com/vi/9FDAD6YIUFU/hqdefault.jpg,'정규시즌 준비완료' 류현진 시범경기 마지막 등판(vs 롯데) 하이라이트 (03.17),9FDAD6YIUFU
"정보 : 임종찬은 제7보병사단 조교 출신이다
#한화이글스 #임종찬",한화,https://i.ytimg.com/vi/XwbXpf2BWgs/hqdefault.jpg,'조교는 강하다!' 전역 후 데뷔 첫 4안타 경기 신고한 임종찬 활약상 (03.16),XwbXpf2BWgs
"한승혁 : 1이닝 14구 퍼펙트 1K, 최고 151km/h
박상원 : 1이닝 13구 1피안타 2K, 최고 145km/h

#한화이글스 #한승혁 #박상원",한화,https://i.ytimg.com/vi/sEWhyDCTRmQ/hqdefault.jpg,"'최고구속 151km/h' 8, 9회 삭제한 두 파이어볼러 한승혁, 박상원 (03.14)",sEWhyDCTRmQ
"4이닝 62구 3피안타 3K 1실점 
최고구속 148km/h

#한화이글스 #류현진",한화,https://i.ytimg.com/vi/qvRpmKKpjbM/hqdefault.jpg,'4이닝 1실점 3K' 류현진 시범경기 첫 등판 투구모음 (03.12),qvRpmKKpjbM
"2경기 연속 시범경기 매진!
아껴주시고
성원해주시고
후원해주시고
격려해주시고
보태주시고
밀어주셔서
감사합니다..🧡
#한화이글스 #황준서",한화,https://i.ytimg.com/vi/SXFjBLhPZwU/hqdefault.jpg,'3이닝 4K' 황준서 첫 정식경기 활약상 (03.10),SXFjBLhPZwU
"[곧 올라올 영상 안내]
1. 시범경기 첫 승 하이라이트
2. 9년 만에 매진된 시범경기 첫 승 '킹착취재'
... coming soon

“KBO리그 생중계는 TVING에서”

#한화이글스 #페라자",한화,https://i.ytimg.com/vi/7wDZDMy9Fis/hqdefault.jpg,'비거리 115m 홈런 포함 멀티히트' 요나단 페라자 활약상 (03.09),7wDZDMy9Fis
"페라자의 사이클링 히트 도전은 다음 기회에.. 😎

00:00 6/6(목) 제2회 고교vs대학 올스타전 COMING SOON
00:06 1회말 첫 번째 타석(2루타)
00:54 3회말 두 번째 타석(시즌 15호 홈런)
02:03 5회말 세 번째 타석(볼넷)
02:24 5회말 네 번째 타석(안타)
02:42 7회말 다섯 번째 타석(2루타)

#한화이글스 #페라자 #사이클링히트",한화,https://i.ytimg.com/vi/Kb1A1QwYvQQ/hqdefault.jpg,"2루타, 홈런, 안타 그리고.. 3루타? 페라자의 생애 첫 사이클링 히트 도전기 (05.28)",Kb1A1QwYvQQ
"00:00 6/6(목) 제2회 고교vs대학 올스타전 COMING SOON
00:06 1회초
00:35 견제사를 만들어내는 김태연
01:38 2회초
02:08 3회초
03:13 4회초
03:56 포수 최재훈에게 혼나는(?) 황준서
04:18 5회초
04:46 6회초

#한화이글스 #황준서",한화,https://i.ytimg.com/vi/Q1wtVN1umpc/hqdefault.jpg,'데뷔 첫 QS'로 팀 4연승 이끈 신인 황준서 피칭 하이라이트 (05.29),Q1wtVN1umpc
"📺 여러분의 이야기를 Eagles TV에 광고해드립니다 📺
1️⃣ 광고하고 싶은 내용을 이미지로 제작해주세요 (1080*1080px)
2️⃣ 제작한 이미지를 eagles1985@naver.com로 보내주세요
3️⃣ 이메일 제목에 “[이글스티비 광고 이벤트]”를 포함해주세요

기념일 축하/응원/육아일기 등을 담아 특별한 추억을 선물해드리겠습니다☺️
* 당첨 여부에 대한 개별 회신은 따로 드리지 않습니다(영상에서 확인 가능)


00:00 선발투수 바리아
00:10 1회초 최지훈 상대 '1K'
00:43 1회초 추신수 상대 '2K'
01:02 1회초 박지환 상대 '3K'
01:27 2회초 오태곤 상대 '4K'
01:57 2회초 김민식 상대 '5K'
02:16 2회초 고명준 상대 '6K'
02:42 3회초 정준재 상대 '7K'
03:16 5회초 김민식 상대 '8K'

#한화이글스 #바리아",한화,https://i.ytimg.com/vi/GMjJzkIxaS0/hqdefault.jpg,'리그 적응 완료' 선발투수 바리아의 8K 탈삼진 모음 (06.16),GMjJzkIxaS0
"📺 여러분의 이야기를 Eagles TV에 광고해드립니다 📺
1️⃣ 광고하고 싶은 내용을 이미지로 제작해주세요 (1080*1080px)
2️⃣ 제작한 이미지를 eagles1985@naver.com로 보내주세요
3️⃣ 이메일 제목에 “[이글스티비 광고 이벤트]”를 포함해주세요

기념일 축하/응원/육아일기 등을 담아 특별한 추억을 선물해드리겠습니다☺️
* 당첨 여부에 대한 개별 회신은 따로 드리지 않습니다(영상에서 확인 가능)

⏰ 𝙏𝙄𝙈𝙀𝙇𝙄𝙉𝙀
00:00 4,443일 만에 청주 마운드에 선 선발투수 류현진
00:22 1회초
00:37 2회초 
01:27 3회초
01:52 4회초
03:17 5회초
03:48 6회초
04:55 7회초
06:05 8회초

#한화이글스 #류현진",한화,https://i.ytimg.com/vi/CMpftMmlxjE/hqdefault.jpg,아웃카운트 하나도 놓치기 아까운 류현진의 8이닝 무실점 피칭 H/L (06.18),CMpftMmlxjE
"📺 여러분의 이야기를 Eagles TV에 광고해드립니다 📺
1️⃣ 광고하고 싶은 내용을 이미지로 제작해주세요 (1080*1080px)
2️⃣ 제작한 이미지를 eagles1985@naver.com로 보내주세요
3️⃣ 이메일 제목에 “[이글스티비 광고 이벤트]”를 포함해주세요

기념일 축하/응원/육아일기 등을 담아 특별한 추억을 선물해드리겠습니다☺️
* 당첨 여부에 대한 개별 회신은 따로 드리지 않습니다(영상에서 확인 가능)

00:00 와이스의 KBO 리그 데뷔 첫 등판
00:12 1회초
01:03 2회초
02:10 3회초
02:54 4회초
03:46 5회초
04:51 6회초

#한화이글스 #와이스",한화,https://i.ytimg.com/vi/QqBE3bezUtI/hqdefault.jpg,'이보다 완벽한 데뷔는 없다' 와이스 데뷔전 6이닝 무실점 KKKKKKK 피칭 H/L (06.25),QqBE3bezUtI
"📺 여러분의 이야기를 Eagles TV에 광고해드립니다 📺
1️⃣ 광고하고 싶은 내용을 이미지로 제작해주세요 (1080*1080px)
2️⃣ 제작한 이미지를 eagles1985@naver.com로 보내주세요
3️⃣ 이메일 제목에 “[이글스티비 광고 이벤트]”를 포함해주세요

기념일 축하/응원/육아일기 등을 담아 특별한 추억을 선물해드리겠습니다☺️
* 당첨 여부에 대한 개별 회신은 따로 드리지 않습니다(영상에서 확인 가능)

00:00 1회말
01:04 4회말
01:49 5회초

#한화이글스 #황영묵",한화,https://i.ytimg.com/vi/3Z9QdrlIRi0/hqdefault.jpg,야구 인생 첫 '선두타자 홈런' 황영묵 공수 활약상 (06.27),3Z9QdrlIRi0
"📺 여러분의 이야기를 Eagles TV에 광고해드립니다 📺
1️⃣ 광고하고 싶은 내용을 이미지로 제작해주세요 (1080*1080px)
2️⃣ 제작한 이미지를 eagles1985@naver.com로 보내주세요
3️⃣ 이메일 제목에 “[이글스티비 광고 이벤트]”를 포함해주세요

기념일 축하/응원/육아일기 등을 담아 특별한 추억을 선물해드리겠습니다☺️
* 당첨 여부에 대한 개별 회신은 따로 드리지 않습니다(영상에서 확인 가능)

00:00 1회초 4-6-3 병살타
00:20 2회초 6-4-3 병살타
00:30 3회초 황영묵의 다이빙 캐치로 더블 플레이
00:45 4회초 황영묵 혼자 처리하는 두 개의 아웃 카운트
01:28 4회초 황영묵의 재치 있는 커트로 3루주자 삭제
02:08 5회초 황영묵의 다이빙 캐치
02:58 7회초 문현빈의 러닝 스로우(비디오 판독 결과 세이프)
03:20 7회초 문현빈 라인드라이브 처리하며 더블 플레이

#한화이글스",한화,https://i.ytimg.com/vi/AyOB-wqsmMY/hqdefault.jpg,'4이닝 연속 병살' 단 1실점도 허락하지 않은 팀 수비 하이라이트 (07.12),AyOB-wqsmMY
"📺 여러분의 이야기를 Eagles TV에 광고해드립니다 📺
1️⃣ 광고하고 싶은 내용을 이미지로 제작해주세요 (1080*1080px)
2️⃣ 제작한 이미지를 eagles1985@naver.com로 보내주세요
3️⃣ 이메일 제목에 “[이글스티비 광고 이벤트]”를 포함해주세요

기념일 축하/응원/육아일기 등을 담아 특별한 추억을 선물해드리겠습니다☺️
* 당첨 여부에 대한 개별 회신은 따로 드리지 않습니다(영상에서 확인 가능)

00:00 '시즌 6승'에 도전하는 선발투수 류현진
00:09 1회초
00:54 2회초
02:37 3회초
03:26 4회초
04:13 5회초
05:06 6회초
06:14 7회초

#한화이글스 #류현진",한화,https://i.ytimg.com/vi/vn5mt0RCucs/hqdefault.jpg,'10타자 연속 범타' 명품 투수전 이끈 류현진의 QS+ 피칭 H/L (07.24),vn5mt0RCucs
"📺 여러분의 이야기를 Eagles TV에 광고해드립니다 📺
1️⃣ 광고하고 싶은 내용을 이미지로 제작해주세요 (1080*1080px)
2️⃣ 제작한 이미지를 eagles1985@naver.com로 보내주세요
3️⃣ 이메일 제목에 “[이글스티비 광고 이벤트]”를 포함해주세요

기념일 축하/응원/육아일기 등을 담아 특별한 추억을 선물해드리겠습니다☺️
* 당첨 여부에 대한 개별 회신은 따로 드리지 않습니다(영상에서 확인 가능)

00:00 1회말 ‘시즌 20호’ 쓰리런
01:32 3회말 두 번째 안타
02:09 6회말 세 번째 안타
02:46 7회말 네 번째 안타
03:18 8회말 쐐기 2타점 적시타

#한화이글스 #노시환",한화,https://i.ytimg.com/vi/xElHDM90eas/hqdefault.jpg,7연승 이끈 4번타자 노시환의 불방망이 화력쇼🔥 (08.02),xElHDM90eas
"📺 여러분의 이야기를 Eagles TV에 광고해드립니다 📺
1️⃣ 광고하고 싶은 내용을 이미지로 제작해주세요 (1080*1080px)
2️⃣ 제작한 이미지를 eagles1985@naver.com로 보내주세요
3️⃣ 이메일 제목에 “[이글스티비 광고 이벤트]”를 포함해주세요
기념일 축하/응원/육아일기 등을 담아 특별한 추억을 선물해드리겠습니다☺️
* 당첨 여부에 대한 개별 회신은 따로 드리지 않습니다(영상에서 확인 가능)

00:00 1K vs 정수빈
00:48 2K vs 김재환
01:41 3K vs 조수행
02:46 4K vs 제러드
03:25 5K vs 진흥고 선배 양의지
04:12 6K vs 김재환
05:08 7K vs 조수행
06:06 8K vs 정수빈",한화,https://i.ytimg.com/vi/5aw3Htaa3Eo/hqdefault.jpg,'후반기 ERA 2.60' 문동주 두산전 8K 탈삼진 모음 (09.03),5aw3Htaa3Eo
"NC 다이노스 입단 두달만에 폭풍질주로 그라운드를 뒤흔든 장창훈. 강렬한 주루 플레이로 일찌감치 이호준 감독의 눈도장을 받았는데...2025년 신인으로는 유일하게 1군 마무리캠프에 합류한 장창훈 선수를 NC 뭐하노스가 만났습니다.

#장창훈 #NC다이노스 #ncdinos #엔씨다이노스 #마무리캠프 #camp1 #nc훈련 #강릉영동대 #이호준감독 #호부지 #신입공룡 #도루왕 #도루상 #nc신인 #2025신인 #2025신인드래프트 #됐다좌 #됐씨좌 #프로야구 #외야수 #내야수 #타자 #도루 #KBO #교육리그 #가을리그 #준우승 #2루도루 #3루도루 #스퀴즈번트 #김한별 #홈스틸 #대주자 #김종호 #코치 #nc도루 #타율 #아구찜후기 #전재경스시 #장창훈맛집 #야구장맛집 #nc창원구장맛집
[ MBC경남 NEWS 구독하기 ]
구독하기: https://www.youtube.com/c/MBC경남News?sub_confirmation=1

[ MBC경남 NEWS 제보하기 ]
시청자 여러분들의 제보를 받습니다. 현장의 소리를 들으며
항상 정확한 정보를 신속하게 보도하겠습니다.

문자, 전화 제보 - 055.771.2580 / 055.250.5050
홈페이지 제보 - https://mbcjebo.com/?c=gn / https://mbcgn.kr/
카카오톡 채팅 제보 - http://pf.kakao.com/_tUxnZj/chat 

[ MBC경남 NEWS 웹사이트 ]
홈페이지 : http://www.mbcgn.kr
카카오톡: http://pf.kakao.com/_tUxnZj
페이스북 : http://www.facebook.com/withmbcgn 
인스타그램 : https://www.instagram.com/mbcgn_news",NC,https://i.ytimg.com/vi/N-PV9iWgPdc/hqdefault.jpg,ㅣNC 뭐하노스 I 2025년 신인의 폭풍질주! 그라운드 찢은 NC 신입공룡 장창훈. 호부지 눈도장에 “미래 도루왕은 나!”,N-PV9iWgPdc
"😎피디들이 픽한 핫 플레이스 | 피픽핫플 (PPHP)😎
NC선수들도 반한 갈비 맛집
5개월만에 재오픈한 ‘갈비집’ 🍖
피픽핫플이 다녀왔습니다❤️‍🔥



💖 구독과 좋아요는 힘이 됩니다 💖
경남신문을 SNS에서도 보고싶다면?
인스타그램 👉 / knnews  
페이스북 👉 / knnews1946

제작 : 이하림 PD, 권아영 PD",NC,https://i.ytimg.com/vi/o5fzEM1OypI/hqdefault.jpg,NC선수들이 추천하는 갈비 맛집🍖 | 마산 ‘갈비집’이 재오픈 했다고? | 피픽핫플 (PPHP),o5fzEM1OypI
"‘호부지’ NC 다이노스 이호준 감독이 팀 합류 첫날 언급한 두 선수. ‘수비 달인’ 김한별 , ‘제2의 나성범’ 박시원 선수입니다. 물론 가만히 있을 NC 뭐하노스가 아니죠. 긴급 인터뷰에 응한 김한별*박시원 선수가 감독 선임과 이후 팀 분위기에 대해 솔직한 심경을 털어놨습니다.

#nc다이노스 #ncdinos #엔씨다이노스 #박시원 #김한별 #이호준 #감독 #내야수 #외야수 #타자 #이호준취임식 #마무리캠프 #야구 #프로야구

[ MBC경남 NEWS 구독하기 ]
구독하기: https://www.youtube.com/c/MBC경남News?sub_confirmation=1

[ MBC경남 NEWS 제보하기 ]
시청자 여러분들의 제보를 받습니다. 현장의 소리를 들으며
항상 정확한 정보를 신속하게 보도하겠습니다.

문자, 전화 제보 - 055.771.2580 / 055.250.5050
홈페이지 제보 - https://mbcjebo.com/?c=gn / https://mbcgn.kr/
카카오톡 채팅 제보 - http://pf.kakao.com/_tUxnZj/chat 

[ MBC경남 NEWS 웹사이트 ]
홈페이지 : http://www.mbcgn.kr
카카오톡: http://pf.kakao.com/_tUxnZj
페이스북 : http://www.facebook.com/withmbcgn 
인스타그램 : https://www.instagram.com/mbcgn_news",NC,https://i.ytimg.com/vi/r2aRimC4D2w/hqdefault.jpg,l NC 뭐하노스 l 이호준 감독은 OOO이다! 호부지가 팀 합류 첫날 언급한 김한별과 박시원 선수 솔직 심경 공개,r2aRimC4D2w
"세상에 70억 명의 NC팬이 있다면, 나는 그들 중 한 명일 것이다. 
세상에 천만 명의 NC팬이 있다면, 나는 여전히 그들 중 한 명일 것이다. 
세상에 백 명의 NC팬이 있다면, 나는 아직도 그들 중 한 명일 것이다.
세상에 한 명의 NC팬이 있다면, 그 사람은 아마도 나일 것이다. 
세상에 NC팬이 단 한명도 없다면, 나는 그제서야 이 세상에 없는 것이다. 
NC다이노스, 나의 사랑. 나의 빛. 나의 어둠. 나의 삶. 나의 기쁨. 나의 슬픔. 나의 영혼.
NC다이노스, 나.

https://youtu.be/2tSInIxyI4w?si=AZXinMZnRfCnoWb9
https://youtu.be/CbBtZhCe98E?si=euyrqh3yvPRlY5h4
https://youtu.be/sKyrnsP4P2U?si=AyyUor_6Pz6jI5Bc

00:50 공룡좌가 된 이유
01:42 지금의 추신영을 만든 양의지 선수
02:57 NC다이노스 팬들이 젊은 이유?
04:16 추신영은 어쩌다 유튜브를 시작했을까?
05:04 힘들어도 포기할 수 없는 공룡좌
06:06 NC파크는 참 좋은데... 야구 보고 이제 뭐함?
07:56 NC팬으로 살아간다는 건...
08:54 명언제조기 낭만파 추신영

♥♡구독과 좋아요 알람 설정은 다이브투엔씨 제작에 큰 힘이 됩니다♥♡

-

Music track: Sundara by AgusAlvarez & Waesto
Source: https://freetouse.com/music
Free Music No Copyright (Safe)

Music track: Cool Rock by Pufino
Source: https://freetouse.com/music
Copyright Free Music for Video

Music track: A New Day by shandr
Source: https://freetouse.com/music
Royalty Free Music (Free Download)

Music track: Tomorrow by shandr
Source: https://freetouse.com/music
No Copyright Music (Free Download)",NC,https://i.ytimg.com/vi/nVcRs-zLJHo/hqdefault.jpg,우리가 NC다이노스를 사랑하는 방법ㅣfeat. 공룡좌 추신영ㅣDIVE TO NC ep.4,nVcRs-zLJHo
"NC다이노스 팬, 그리고 엔팍 385 팬 여러분
올 시즌 참 우여곡절이 많았죠?
그래도 지나고 보니 참 뜨겁게 응원했던 것 같습니다.
팬들의 변함없는 응원이 있기에 NC 다이노스도 존재하는 거겠죠.

NC팬 100명에게 '나에게 NC란?'이라는 질문을 건넸습니다.
뜨거웠던 지난날들을 추억하며 함게 시청해보아요!

#nc다이노스 #엔팍385 #프로야구 #엔씨다이노스 #KBO #BASEBALL #야구 #스포츠 #창원 #다이노스 #우정잉 #가요이 #인터뷰 

촬영 /뉴미디어부
편집 /김연수 기자 권민주 인턴기자

경남도민일보 정기후원 : https://www.ihappynanum.com/Nanum/B/DF7WOWJ0IC
경남도민일보 일시후원: https://www.idomin.com/com/support.html",NC,https://i.ytimg.com/vi/RBytO8YkwSY/hqdefault.jpg,"[엔팍 385] NC를 응원하는 100가지 이유 (feat. 가요이, 우정잉)",RBytO8YkwSY
"https://youtu.be/2tSInIxyI4w?si=AZXinMZnRfCnoWb9
https://youtu.be/CbBtZhCe98E?si=euyrqh3yvPRlY5h4

01:10 꿈을 향해 한 발 딛은 신인 포수 신민우
03:16 소년체전 강판 당한 김시훈의 눈물
04:09 프로 투수의 꿈을 이룬 김시훈
05:34 미래의 공룡을 꿈꾸는 아이들
07:12 김시훈 선수가 미래의 공룡들에게
07:38 아마 야구 감독들이 말하는 아이들에게 NC란?

""깡!"" 야구 방망이로 공을 치는 소리가 꼭 망치로 쇠를 두들기는 소리와 닮았다. 공을 치고 달리는 그라운드 위 선수들을 보며 야구장을 찾은 아이들은 선수가 되는 상상을 한다. 상상에 노력을 칠 해온 마산고 포수 신민우도 이곳에서 처음 꿈을 키워 이번 신인 드래프트에 이름을 올렸다. 프로가 되겠다는 목표를 달성한 NC다이노스 투수 김시훈도 이곳에서 지역 1번을 꿈꿨다. 꿈이 시작되고 이뤄지는 NC파크에서 연신 ""깡!"" 소리가 울려 퍼진다. 또 누군가의 꿈이 만들어지는 걸까?

※알림 ※ 고윤성 감독 인터뷰 중 신용호를 신용석으로 정정합니다. 오타로 혼돈을 드려 죄송합니다. 


♥♡구독과 좋아요 알람 설정은 다이브투엔씨 제작에 큰 힘이 됩니다♥♡


Music track: Rush, Guardians by Aylex
A New Day by shandr
Wandering by Epic Spectrum
Source: https://freetouse.com/music
Royalty Free Music for Videos (Safe)",NC,https://i.ytimg.com/vi/sKyrnsP4P2U/hqdefault.jpg,나는 NC다이노스를 꿈이라 부른다ㅣFeat. 김시훈 신민우ㅣDIVE TO NC ep.3,sKyrnsP4P2U
"NC가 올 시즌 아쉬운 성적을 뒤로 하고 마무리 캠프에 돌입했습니다. 실전보다 독한 훈련 속에 공룡군단의 부산고 동기들이 내년도 NC 성적과 유망 선수 분석 보고서를 공개했습니다. NC뭐하노스가 독점 공개합니다.


#nc다이노스 #nc #엔씨 #다이노스 #야구 #KBO #안중열 #김재열 #김주원 #서호철 #김형준 #김휘집 #박민우 #송명기 #천재환 #최정원  #데이비슨 #하트 #권희동 #김성욱 #박시원 #박건우 #이재학 #랠리다이노스 #도태훈 #치어리더 #응원 #손석구 #훈련 #요키치 #부산고 #이호준 #감독 #마무리캠프 #공룡군단 #엔씨파크 #mbc경남 #mbc뉴스 #엠뉴 #엠비씨 #엠비씨경남 #엠비씨뉴스 #스포츠 #스포츠뉴스 #엔씨뭐하노스 #NC뭐하노스

[ MBC경남 NEWS 구독하기 ]
구독하기: https://www.youtube.com/c/MBC경남News?sub_confirmation=1

[ MBC경남 NEWS 제보하기 ]
시청자 여러분들의 제보를 받습니다. 현장의 소리를 들으며
항상 정확한 정보를 신속하게 보도하겠습니다.

문자, 전화 제보 - 055.771.2580 / 055.250.5050
홈페이지 제보 - https://mbcjebo.com/?c=gn / https://mbcgn.kr/
카카오톡 채팅 제보 - http://pf.kakao.com/_tUxnZj/chat 

[ MBC경남 NEWS 웹사이트 ]
홈페이지 : http://www.mbcgn.kr
카카오톡: http://pf.kakao.com/_tUxnZj
페이스북 : http://www.facebook.com/withmbcgn 
인스타그램 : https://www.instagram.com/mbcgn_news",NC,https://i.ytimg.com/vi/f3E0_SLMVhU/hqdefault.jpg,ㅣNC 뭐하노스 I 실전보다 독하다!..NC 다이노스 마무리 캠프 돌입. 00고 동기 김재열*안중열의 천기누설. 내년 NC 성적 대예측!,f3E0_SLMVhU
"경남도민일보 정기후원 : https://www.ihappynanum.com/Nanum/B/DF7WOWJ0IC
경남도민일보 일시후원: https://www.idomin.com/com/support.html",NC,https://i.ytimg.com/vi/9iBe8dU55GY/hqdefault.jpg,"나야 쉬림프...당신이 몰랐던 엔팍 새우의 비밀, 그런데 이제 인터뷰를 곁들인｜NC를 만드는 사람들",9iBe8dU55GY
"창원NC파크에서 가장 가까운 언론사 경남도민일보가 만듭니다. 엔팍 385 지금 시작합니다. 

#엔팍385 #신용석 #NC다이노스",NC,https://i.ytimg.com/vi/oD9sQc0TqnE/hqdefault.jpg,[엔팍 385/사인볼 이벤트] NC 포수 유망주 신용석이 극찬한 투수는 과연 누구?  l NC 다이노스 편파 방송 엔팍 385 구독+좋아요,oD9sQc0TqnE
"https://youtu.be/CbBtZhCe98E?si=lsKwZP3nyw0-rfIZ
https://youtu.be/sKyrnsP4P2U?si=BftW8il6DryjHkVe

0:37 엔린이 출신 치어리더가 무대에서 울컥할 때
1:59 NC가 좋아서 엔팍에 취업한 썰
3:25 원조 공룡 이재학
4:24 구단은 왕조를 꿈꾼다
4:39 김가은의 NC부심
5:03 이재학이 할아버지가 된다면

창원NC파크에는 NC다이노스와 함께 새로운 역사를 써가고 있는 사람들이 있습니다. 지난 10년간 NC와 함께 걸어온 이재학 선수와 NC 팬심으로 직원이 된 김형욱 매니저, 그리고 창원 엔린이 출신의 김가은 치어리더까지.  NC와 함께 걸어온 이들의 꿈은 무엇인지 들어봤습니다. 

♥♡구독과 좋아요 알람 설정은 다이브투엔씨 제작에 큰 힘이 됩니다♥♡

-

Music track: Energizer by Aylex
Source: https://freetouse.com/music
Music for Video (Free Download)

Music track: Rebellion by Aylex
Source: https://freetouse.com/music
Free Background Music for Videos

Music track: A New Day by shandr
Source: https://freetouse.com/music
Royalty Free Music (Free Download)",NC,https://i.ytimg.com/vi/2tSInIxyI4w/hqdefault.jpg,야구장에 출근하는 엔팍 사람들ㅣfeat.이재학 김가은ㅣDIVE TO NC ep.2,2tSInIxyI4w
"0:50 NC팬은 배신자라고? 나는 남색피인데?
2:15 엔팍의 성지 '요아정' 사장님 등판 
2:54  선수들 얼굴로 벽면을 가득 채운 닭갈비집 어디?
3:34  NC가 좋아서 야구장 앞에 술상을 차린 사연
4:40 야구장 앞에 새롭게 생긴 카페의 매출은
5:25  마산 야구 거리 땅값이 마산에서 가장 비싸다고?
5:50 NC가 야구 좀 못해도 지역 사람들의 사랑을 받는 비결

https://youtu.be/2tSInIxyI4w?si=aqGi5yJMFgS8wkpt

창원NC파크 앞 마산 야구 거리.
구도심이었던 이 거리가 활기를 띄기 시작한 건 
13년 전, 2011년 NC다이노스가 창단한 이후 부터다. 
NC가 너무 좋아서 야구장 앞 가게를 열어 '덕업일치'를 이룬 사장님도
창단 때부터 시작해 단골 선수와 팬들을 확보한 동네 맛집 사장님도
홈 경기 날이면 야구의 거리에서 NC에 대한 추억을 쌓아가는 팬들도,
모두 NC 때문에 웃고 우는 '남색 피'  사람들이다.

♥♡구독과 좋아요 알람 설정은 다이브투엔씨 제작에 큰 힘이 됩니다♥♡



#NC다이노스 #엔팍 #마산야구장 #야구의거리 #요아정 #마녀술상 #월명관 #더벤티 #억만장자닭갈비 #산호동 #남색피


Music track 
Building Dreams, Carnival, Refresh, Last Summer by Aylex
Rock Me Now by Pufino
Feels Like by Eric Lund
Source: https://freetouse.com/music
Copyright Free Background Music",NC,https://i.ytimg.com/vi/CbBtZhCe98E/hqdefault.jpg,엔팍 앞 마산 야구의 거리를 아시나요?ㅣfeat. 요아정ㅣDIVE TO NC ep.1,CbBtZhCe98E
"#nc다이노스 #KBO #야구 #치어리더

경남 마산을 연고지로 두고 있는 NC 다이노스. ‘야구 돌풍’을 일으키며 실력 있는 야구 구단으로 성장했는데요. 선수만 있다고 경기가 진행되는 것은 아닙니다. 직접 그라운드에서 뛰진 않지만, 더 좋은 경기를 보여주기 위해 노력하는 ‘경기장 뒤편 사람들’에게 집중합니다.

촬영 : 김연수 기자 이창우 기자 권민주 인턴기자
편집 : 권민주 인턴기자

경남도민일보 정기후원 : https://www.ihappynanum.com/Nanum/B/DF7WOWJ0IC
경남도민일보 일시후원: https://www.idomin.com/com/support.html",NC,https://i.ytimg.com/vi/u0I_s8yvBN8/hqdefault.jpg,천온유 치어리더 'NC파크 PD' 된 사연은?｜NC를 만드는 사람들,u0I_s8yvBN8
"지난달 NC다이노스가 고난의 행군을 할 때 강림하신 우주대스타가 있었으니...그 이름 하여 김주원, 우주 김주원 선수가 8월 맹활약에 힘입어 MVP에 등극했습니다. ‘미래 메이저리거’ 김주원 선수를 NC뭐하노스가 만났습니다.

#김주원 #NC다이노스 #NC #다이노스 #엔씨다이노스 #서호철 #손아섭 #박민우 #하트 #김형준 #천재환 #랠리다이노스 #응원가 #야구 #국내야구 #치어리더 #KBO #엔씨뭐하노스 #경남 #경상남도 #엠비씨 #mbc #엠비씨경남 #mbc경남 #엠뉴 #경남 #경상남도 #창원 #엔팍 #엔씨파크 #스포츠

[ MBC경남 NEWS 구독하기 ]
구독하기: https://www.youtube.com/c/MBC경남News?sub_confirmation=1

[ MBC경남 NEWS 제보하기 ]
시청자 여러분들의 제보를 받습니다. 현장의 소리를 들으며
항상 정확한 정보를 신속하게 보도하겠습니다.

문자, 전화 제보 - 055.771.2580 / 055.250.5050
홈페이지 제보 - https://mbcjebo.com/?c=gn / https://mbcgn.kr/
카카오톡 채팅 제보 - http://pf.kakao.com/_tUxnZj/chat 

[ MBC경남 NEWS 웹사이트 ]
홈페이지 : http://www.mbcgn.kr
카카오톡: http://pf.kakao.com/_tUxnZj
페이스북 : http://www.facebook.com/withmbcgn 
인스타그램 : https://www.instagram.com/mbcgn_news",NC,https://i.ytimg.com/vi/YiMOWLhn_6k/hqdefault.jpg,ㅣNC 뭐하노스 I 경축 ‘창원아이돌’ 우리주원이 MVP 등극...NC다이노스가 힘들때마다 강림하시는 ‘우주대스타’. 우리주원이 메이저 가면 NC는 어쩌나?,YiMOWLhn_6k
"우리를 가슴 뛰게 하는 창원 NC 다이노스, 위대한 공룡구단이 만들어 낸 남색빛 물결 속으로 뛰어들어 봅니다. [DIVE TO NC] Ep.1 9월 30일 공개 ⚾",NC,https://i.ytimg.com/vi/0_QV3Sr59K4/hqdefault.jpg,"우리들의 고향, NC다이노스 이야기ㅣNC DINOS 다큐ㅣDIVE TO NC 예고편",0_QV3Sr59K4
"연패 후 연승 주역 NC다이노스 서호철 선수,, 성실에 투지까지 갖춘 ‘다이노스의 미래’ 서호철 선수가 가을야구 티켓을 예약하고 있습니다. ‘좀비철’ 서호철 선수가 털어 놓은 ‘빅 픽쳐’를 NC머하노스가 공개합니다.

#서호철 #김형준 #박민우 #김휘집 #손아섭 #김주원 #엔씨다이노스 #하트 #요키치 #엔씨 #다이노스 #NC다이노스 #NC뭐하노스 #야구 #국내야구 #키움 #롯데 #삼성 #한화 #두산 #KBO #mbc경남 #mbc뉴스 #mbc #엠뉴 #엠비씨뉴스 #엠비씨 #엠비씨경남 #마산 #창원 #엔팍 #경상남도 

[ MBC경남 NEWS 구독하기 ]
구독하기: https://www.youtube.com/c/MBC경남News?sub_confirmation=1

[ MBC경남 NEWS 제보하기 ]
시청자 여러분들의 제보를 받습니다. 현장의 소리를 들으며
항상 정확한 정보를 신속하게 보도하겠습니다.

문자, 전화 제보 - 055.771.2580 / 055.250.5050
홈페이지 제보 - https://mbcjebo.com/?c=gn / https://mbcgn.kr/
카카오톡 채팅 제보 - http://pf.kakao.com/_tUxnZj/chat 

[ MBC경남 NEWS 웹사이트 ]
홈페이지 : http://www.mbcgn.kr
카카오톡: http://pf.kakao.com/_tUxnZj
페이스북 : http://www.facebook.com/withmbcgn 
인스타그램 : https://www.instagram.com/mbcgn_news",NC,https://i.ytimg.com/vi/A_v0v6F4E8U/hqdefault.jpg,"ㅣNC 뭐하노스 I 연패 끊고 펄펄 나는 NC 다이노스 서호철.  “또 던져봐라, 또 맞아줄게” 두려움이란 없다. 가을야구 티켓은 ‘좀비철’에 맡겨라!",A_v0v6F4E8U
"#KBO #NC다이노스 #엔팍 #야구 #NC #팀스토어  #경남도민일보 

경남 마산을 연고지로 두고 있는 NC 다이노스. ‘야구 돌풍’을 일으키며 실력 있는 야구 구단으로 성장했는데요. 선수만 있다고 경기가 진행되는 것은 아닙니다. 직접 그라운드에서 뛰진 않지만, 더 좋은 경기를 보여주기 위해 노력하는 ‘경기장 뒤편 사람들’에게 집중합니다.

촬영 / 손유진 부장 김연수 기자 이창우 기자
편집 / 권민주 인턴기자

출처
본 영상에 사용된 일부 영상 소스는 모셔니스트 코리아에서 무료로 다운로드 받을수 있습니다.
https://motionist.kr

경남도민일보 정기후원 : https://www.ihappynanum.com/Nanum/B/DF7WOWJ0IC
경남도민일보 일시후원: https://www.idomin.com/com/support.html",NC,https://i.ytimg.com/vi/nYoGMXh6ays/hqdefault.jpg,'오픈런' NC 팀스토어 매니저의 하루｜NC를 만드는 사람들,nYoGMXh6ays
"랠리 다이노스 3인방 작심 인터뷰 EP. 2...응원가 부르다 흘린 눈물에 ‘음주 응원’까지,
치어리더 생활의 뒷 이야기 “이제야 말할 수 있다” NC뭐하노스가 공개합니다.

#NC다이노스 #NC #다이노스 #NC뭐하노스 #랠리다이노스 #김수현 #허수미 #김가은 #치어리더 #치어리딩 #스포츠 #손아섭 #박민우 #요키치 #하트 #마산 #창원 #마산스트리트 #경남 #mbc경남 #mbc #mbc뉴스 #엠뉴 #엠비씨 #엠비씨경남 #엠비씨뉴스 #스포츠 #스포츠뉴스 #야구 #KBO #국내야구

[ MBC경남 NEWS 구독하기 ]
구독하기: https://www.youtube.com/c/MBC경남News?sub_confirmation=1

[ MBC경남 NEWS 제보하기 ]
시청자 여러분들의 제보를 받습니다. 현장의 소리를 들으며
항상 정확한 정보를 신속하게 보도하겠습니다.

문자, 전화 제보 - 055.771.2580 / 055.250.5050
홈페이지 제보 - https://mbcjebo.com/?c=gn / https://mbcgn.kr/
카카오톡 채팅 제보 - http://pf.kakao.com/_tUxnZj/chat 

[ MBC경남 NEWS 웹사이트 ]
홈페이지 : http://www.mbcgn.kr
카카오톡: http://pf.kakao.com/_tUxnZj
페이스북 : http://www.facebook.com/withmbcgn 
인스타그램 : https://www.instagram.com/mbcgn_news",NC,https://i.ytimg.com/vi/qj5UcyU7QLY/hqdefault.jpg,"ㅣNC 뭐하노스 I ‘음주 응원’ 첫 고백, ‘마산 스트리트’ 부를 때 흘린 눈물... 랠리 다이노스 김수현・허수미・김가은 3인방의 “이제야 말할 수 있다” EP. 2",qj5UcyU7QLY
"다이노스가 경기에서 이기건 지건 언제나 환한 얼굴로 팬들 앞에 서는 랠리 다이노스.
‘나는 전설이다’ 김수현, ‘라떼는 말야’ 허수미, ‘가문의 영광’ 김가은.
랠리 다아노스 3인방을 NC뭐하노스가 만났습니다.

#NC다이노스 #NC #다이노스 #박민우 #하트 #손아섭 #야구 #김수현 #김가은 #허수미 #치어리더 #야구치어리더 #치어리딩 #스포츠 #인터뷰 #NC뭐하노스 #스포츠뉴스 #mbc경남 #mbc뉴스 #mbc #경남 #엠비씨뉴스 #엠비씨 #엠비씨경남  #엠뉴 #경상남도 #창원 

[ MBC경남 NEWS 구독하기 ]
구독하기: https://www.youtube.com/c/MBC경남News?sub_confirmation=1

[ MBC경남 NEWS 제보하기 ]
시청자 여러분들의 제보를 받습니다. 현장의 소리를 들으며
항상 정확한 정보를 신속하게 보도하겠습니다.

문자, 전화 제보 - 055.771.2580 / 055.250.5050
홈페이지 제보 - https://mbcjebo.com/?c=gn / https://mbcgn.kr/
카카오톡 채팅 제보 - http://pf.kakao.com/_tUxnZj/chat 

[ MBC경남 NEWS 웹사이트 ]
홈페이지 : http://www.mbcgn.kr
카카오톡: http://pf.kakao.com/_tUxnZj
페이스북 : http://www.facebook.com/withmbcgn 
인스타그램 : https://www.instagram.com/mbcgn_news",NC,https://i.ytimg.com/vi/A31QZ0pN65k/hqdefault.jpg,ㅣNC 뭐하노스 I 김유나 팀장 보고 있나? 랠리 다이노스 3인방 김수현*허수미*김가은  작정 인터뷰....NC가 힘겨울 때 랠리 다이노스 3인방 구원등판 EP. 1,A31QZ0pN65k
"#NC다이노스 #NC #워터페스티벌 #엔팍 

영상 제공 / 로라 님 / 채빈 님 / 정빈 님
촬영 / 김연수 기자 권민주 인턴기자
편집 / 김연수 기자 권민주 인턴기자

저작권
#나눔템플릿
Music provided by 브금대통령
Track : 합리적 의심 - https://youtu.be/YvsLfyEvuR4
Track : 씰룩씰룩 - https://youtu.be/3Brg4JBk6JI
Track : 역시 난 멋있어 - https://youtu.be/jT5n658ootY

경남도민일보 정기후원 : https://www.ihappynanum.com/Nanum/B/DF7WOWJ0IC
경남도민일보 일시후원: https://www.idomin.com/com/support.html",NC,https://i.ytimg.com/vi/BiSorYWrxG4/hqdefault.jpg,[직캠] NC 다이노스 워터 페스티벌 이렇게 신난다고?!,BiSorYWrxG4
"지난 2일부터 4일까지 KT위즈와 주말 3연전 경기가 잡힌 NC다이노스. 
이번 3연전은 워터 페스티벌이 예정돼 팬들의 기대를 모았는데요.
그러나 지난 3일, 비로 인해 경기가 취소돼 많은 아쉬움을 남겼습니다.
드디어 4일, 창원NC파크는 비가 아닌 팬들의 열기와 워터 페스티벌로 흠뻑 젖었습니다. 
화끈한 타선으로 승리한 NC.뜨거운 열기, 시원한 물줄기가 함께했던 워터 페스티벌 현장, 
따끈따끈하게 전해드립니다.",NC,https://i.ytimg.com/vi/PcbEEmI3V5M/hqdefault.jpg,"계곡, 바다 아니! 난 NC파크에서 더위 날린다|  NC다이노스 워터 페스티벌 현장",PcbEEmI3V5M
"엠뉴가 NC 다이노스 전담 코너를 런청했습니다. 이름하여 ‘NC 뭐하노스’!
다이노스 팬들의 궁금증을 한방애 날려줄 ‘NC 뭐하노스’가 집집이 김휘집 선수를 만났습니다.
신입공룡 김휘집 선수가 21일 KT와의 원정 경기에서 데뷔 첫 멀티 홈런을 작성했는데요.
귀한 키움집 자식에서 NC 새 유니폼을 입고 제 몫을 톡톡히 해내는 김휘집!
NC 이적 후 두달 동안의 속내를 NC 뭐하노스에 대방출했습니다.



#김휘집 #nc다이노스 #집집이 #돔수저 #돔련님 #신입공룡 #이적공룡 #다이노스 #nc #엔씨 #엔씨다이노스 #ncdinos #엠뉴 #엠포츠 #스포츠 #야구 #베이스볼 #프로야구 #baseball #kbo #한국야구 #프로선수 #엔집이 #jipjip #김한별 #박시원 #김주원 #박건우 #손아섭 #박민우 #서호철 #엔튜브 #너기미지비자나 #김형준 #신민혁 #홈런 #멀티홈런 #데뷔첫멀티홈런 #두자릿수안타 #안타 #타자 #유격수 #3루수 #내야수 #도태훈 #NC뭐하노스 #엔씨뭐하노스 #키움 #히어로즈 #롯데 #낙동강더비 #자이언츠
#NC다이노스 


[ MBC경남 NEWS 구독하기 ]
구독하기: https://www.youtube.com/c/MBC경남News?sub_confirmation=1

[ MBC경남 NEWS 제보하기 ]
시청자 여러분들의 제보를 받습니다. 현장의 소리를 들으며
항상 정확한 정보를 신속하게 보도하겠습니다.

문자, 전화 제보 - 055.771.2580 / 055.250.5050
홈페이지 제보 - https://mbcjebo.com/?c=gn / https://mbcgn.kr/
카카오톡 채팅 제보 - http://pf.kakao.com/_tUxnZj/chat 

[ MBC경남 NEWS 웹사이트 ]
홈페이지 : http://www.mbcgn.kr
카카오톡: http://pf.kakao.com/_tUxnZj
페이스북 : http://www.facebook.com/withmbcgn 
인스타그램 : https://www.instagram.com/mbcgn_news",NC,https://i.ytimg.com/vi/qH5tDCKL9Mg/hqdefault.jpg,ㅣNC 뭐하노스ㅣ귀한 키움 집 자식에서 엔휘집으로...깁휘집 NC 이적 후 두달 만에 참았던 이야기 대방출,qH5tDCKL9Mg
"경남 마산을 연고지로 두고 있는 NC 다이노스. ‘야구 돌풍’을 일으키며 실력 있는 야구 구단으로 성장했는데요. 하지만 선수만 있다고 경기가 진행되는 것은 아닙니다. 직접 그라운드에서 뛰진 않지만, 더 좋은 경기를 보여주기 위해 노력하는 ‘경기장 뒤편 사람들’에게 집중합니다.

#경남도민일보 #경남 #창원 #치어리더 #엔팍 #엔씨다이노스 #엔씨파크 #김유나 #야구 #cheerleader 
  
촬영 : 뉴미디어부
편집 : 권민주 인턴기자 

경나도민일보 유튜브 구독하기 : https://www.youtube.com/user/gndomin
경남도민일보 페이스북 페이지 : https://www.facebook.com/idomin/",NC,https://i.ytimg.com/vi/b78wRDFhu-U/hqdefault.jpg,(쿠키영상 있음) 마산 출신 치어리더에게 NC란?｜NC를 만드는 사람들,b78wRDFhu-U
"#NC다이노스 #NC #엔씨 #야구 #창원 #마산 #SSG #인천

모임명 : NC 다이노스 프렌즈
모임 참여 방법 : https://somoim.friendscube.com/g/d30d03e8-2bc0-11e6-8514-22000aae09fe1

뉴스파다 다시보기 : https://youtu.be/lNoUmMuiQjE

콘텐츠 왕국  ★★★More clips are available★★★
[구독 좋아요 알림설정]은 콘텐츠 제작에 큰 힘이 됩니다

홈페이지 : http://www.mbcgn.kr
페이스북 : http://www.facebook.com/withmbcgn 
인스타그램 : https://www.instagram.com/mbcgn/",NC,https://i.ytimg.com/vi/kjQxrSHyTcU/hqdefault.jpg,왜 야구팬들은 항상 화가 나 있죠?! | 뉴스파다 X NC 다이노스 프렌즈 | [전지적청년시점 EP.1],kjQxrSHyTcU
"창원NC파크 새 명물 '엔팍포차'가 팬들에게 큰 호응을 끌고 있다. 야구팬들은 경기에 이겼다면 승리의 여운을, 졌다면 패배의 아쉬움을 털어내고자 뒤풀이를 한다. NC 다이노스는 올 시즌부터 외야 잔디석 뒤편을 '엔팍포차'로 꾸며 팬들에게 특별한 뒤풀이 장소를 제공하고 있다.
관련기사: https://www.idomin.com/news/articleView.html?idxno=911834

촬영: 김연수 권민주
편집: 권민주

#NC #NC다이노스 #엔팍 #엔팍포차 #KBO #프로야구 #창원 #마산 #여행 #스포츠

https://www.youtube.com/@UCdB9r_14tKdMI7L3zGf0aXA 

경남도민일보 유튜브 구독하기 : https://www.youtube.com/user/gndomin
경남도민일보 페이스북 페이지 : https://www.facebook.com/idomin/",NC,https://i.ytimg.com/vi/iyVoziQwjPE/hqdefault.jpg,야구팬 성지! 전국 최초 낭만의 '엔팍포차' | NC 다이노스,iyVoziQwjPE
"4월 30일, 창원NC파크에는 시각장애인 장상호씨가 마운드에 올라 아름다운 시구를 펼쳤습니다. 
생애 두 번째 야구장 방문, 로또 당첨과도 같다고 이야기 하는 장상호 경남시각장애인복지연합회 회장.
장애인도 할 수 있다는 것을 보여주기 위해 장 회장은 매일 같이 야구공 30개를 던지며 연습했고 마운드에 올라 멋진 투구를 보여줬습니다.
장 회장은 ""내 평생에 야구장에서 야구공을 던지리라고 꿈에도 생각해 본 적이 없는데, 선수들과 응원단 앞에서 이렇게 공을 던져 정말 신난다. 시구에 도움을 주신 분들께 감사드린다""고 소감을 전했습니다. 

💖 구독과 좋아요는 힘이 됩니다 💖
경남신문을 SNS에서도 보고싶다면?
인스타그램 👉 / knnews  
페이스북 👉 / knnews1946

취재:박준영 기자
제작:방소정 PD",NC,https://i.ytimg.com/vi/nh--uvfGPHQ/hqdefault.jpg,'불가능은 없다' | NC 다이노스 마운드에서 펼쳐진 시각장애인 장상호씨의  아름다운 시구,nh--uvfGPHQ
"04:40 NC다이노스 개막전 승리의 비밀? 
03:50  200명 줄 세운 인기템 제일버거 맛은?
.
지난해 팬들 가슴을 뜨겁게 달궜던 NC, 올해도 위대하고 새로운 여정을 위한 힘찬 발걸음을 내딛었는데요, 개막전이 열린 23일 김병현의 제일버거를 시작으로 업그레이드 된 캠크닉석, 아울러 더 많은 즐길 거리로 무장한 2층 엔팍랜드까지  주니어랠리다이노스 친구들과 함께 새롭게 바뀐 경기장 투어에 나섰습니다. 
.
#경남신문 #창원 #nc #nc다이노스 

💖구독과 좋아요는 힘이 됩니다💖
경남신문을 SNS에서도 보고싶다면?
인스타그램 👉  / knnews  
페이스북 👉  / knnews1946

취재:박준영
촬영·편집:이솔희 PD",NC,https://i.ytimg.com/vi/OJJuT9oXymA/hqdefault.jpg,개막전 승요 꼬마 공룡들과 창원NC파크 탐방!,OJJuT9oXymA
"2024년 3월 23일 NC 다이노스의 홈 개막전이 있는 날 NC파크에 특별한 사람이 등장했습니다. 바로 전 메이저리거 김병현 씨인데요. 무슨 일일까요? 경남도민일보가 영상으로 담았습니다.

촬영: 뉴미디어부
편집: 김연수 기자

#KBO #NC #엔씨 #엔튜브",NC,https://i.ytimg.com/vi/zjVlDH34OvE/hqdefault.jpg,NC 다이노스 홈 개막전에 김병현이 등장한 '뜻밖의' 이유,zjVlDH34OvE
"2024년 3월 23일 창원 NC파크에서 열린 NC와 두산의 개막경기. NC 팬들은 경기 시작 2시간도 훨씬 전에 NC파크에 도착해서 '뜨거운 열정'을 보여주었습니다. 이날 현장을 경남도민일보가 영상으로 담았습니다.

#NC다이노스 #KBO #프로야구

촬영: 뉴미디어부
편집: 김연수 기자",NC,https://i.ytimg.com/vi/EgpgRxramGM/hqdefault.jpg,팬들의 뜨거운 열정으로 가득 찬 NC 다이노스 홈 개막전! 생생한 현장 속으로,EgpgRxramGM
"전 NC 야구선수 재비어 스크럭스가 6면 만에 NC 홈 개막전 시구를 하기위해 창원을 찾았습니다. 오랜만에 팬들을 만나 사인회를 가졌는데요.
이 자리에 소중한 인연이 있는 팬이 두 분이나 나왔네요.

경남도민일보 유튜브 구독하기 : https://www.youtube.com/user/gndomin
경남도민일보 페이스북 페이지 : https://www.facebook.com/idomin/",NC,https://i.ytimg.com/vi/G4ZdLibxYnk/hqdefault.jpg,진짜 '특별한' 팬과 만난 (구) NC 스크럭스의 사연.... 낭만 있다❤️,G4ZdLibxYnk
"다양한 이벤트가 가득했던 NC 홈 개막전
엠뉴가 다녀왔습니다!

개막전의 두근거림과 감동을
영상으로 만나보세요

#엔씨 #엔씨다이노스 #NC다이노스 #NC #홈개막전 #창원NC파크 #NC홈개막전 #개막시리즈 #24시즌 #야구24시즌 #봄 #벚꽃 #팬 #테마 #야구장 #두산베어스 #두산 #재비어스크럭스 #스크럭스 #박민우 #채수현 #애국가 #미스트롯 #리틀야구단 #제일버거 #김병현 #메이저리거 #전메이저리거 #역전승 #역전 
#데이비슨 #손아섭 #권희동 #김주원 #서호철

[ MBC경남 NEWS 구독하기 ]
구독하기: https://www.youtube.com/c/MBC경남News?sub_confirmation=1

[ MBC경남 NEWS 제보하기 ]
시청자 여러분들의 제보를 받습니다. 현장의 소리를 들으며
항상 정확한 정보를 신속하게 보도하겠습니다.

문자, 전화 제보 - 055.771.2580 / 055.250.5050
홈페이지 제보 - https://mbcjebo.com/?c=gn / https://mbcgn.kr/
카카오톡 채팅 제보 - http://pf.kakao.com/_tUxnZj/chat 

[ MBC경남 NEWS 웹사이트 ]
홈페이지 : http://www.mbcgn.kr
카카오톡: http://pf.kakao.com/_tUxnZj
페이스북 : http://www.facebook.com/withmbcgn 
인스타그램 : https://www.instagram.com/mbcgn_news",NC,https://i.ytimg.com/vi/Gzuxllz2y2s/hqdefault.jpg,[M포츠] 전석 매진?! 다양한 이벤트가 가득했던 | NC 다이노스 홈 개막전,Gzuxllz2y2s
"#NC #NC다이노스 #손아섭 #김주원 #신민혁 #야구 #프로야구 #MLB #서울시리즈 #야구시범경기 #야구개막 #야구금메달 #아시안게임 #야구국가대표 #골든글러브 #KBO #김하성 #오타니 #샌디에고 #다저스 #LA다저스

콘텐츠 왕국  ★★★More clips are available★★★
[구독 좋아요 알림설정]은 콘텐츠 제작에 큰 힘이 됩니다

홈페이지 : http://www.mbcgn.kr
페이스북 : http://www.facebook.com/withmbcgn 
인스타그램 : https://www.instagram.com/mbcgn/",NC,https://i.ytimg.com/vi/eMz7m93GWEY/hqdefault.jpg,"야구보다 어려운 인터뷰..🤣 이마 짚은 주원, 고개 숙인 민혁, 당황하는 아섭까지…! | 뉴스파다XNC 다이노스",eMz7m93GWEY
"※2편은 3월 20일 수요일 공개됩니다※
#NC #NC다이노스 #손아섭 #김주원 #신민혁 #야구 #프로야구 #MLB #서울시리즈 #야구시범경기 #야구개막 #야구금메달 #아시안게임 #야구국가대표 #골든글러브 #KBO #김하성 #오타니 #샌디에고 #다저스 #LA다저스

콘텐츠 왕국  ★★★More clips are available★★★
[구독 좋아요 알림설정]은 콘텐츠 제작에 큰 힘이 됩니다

홈페이지 : http://www.mbcgn.kr
페이스북 : http://www.facebook.com/withmbcgn 
인스타그램 : https://www.instagram.com/mbcgn/",NC,https://i.ytimg.com/vi/qlpb5W--xk0/hqdefault.jpg,"NC 시범 경기 분위기부터 MLB 서울시리즈 참가 소감까지! 므찌나 오빠, 우주, 갓민혁 총출동",qlpb5W--xk0
"#지난시즌정규리그4위 #프로야구 #NC다이노스 #미국애리조나투손 
#스프링캠프 #시범경기 #카스타노하트 #데이비슨 #강인권감독
◀ 앵 커 ▶
지난 시즌 하위권 전력이라는 예상을 뒤엎고 
정규리그 4위를 기록한 프로야구 NC다이노스가
올 시즌 더 높은 곳을 향한 준비에 한창인데요.

예년처럼 미국 애리조나 투손에서 
스프링캠프를 진행했고,
이제 시범 경기를 앞두고 있습니다.

스프링캠프 현장을 
이재경 기자가 전해드립니다. 
◀ 리포트 ▶
힘찬 기합소리와 함께 
NC다이노스 선수들이 가볍게 몸을 풉니다.

미국 애리조나 투산에서
스프링캠프 훈련을 마친 NC다이노스.

이번 시즌을 앞두고
좌완 원투펀치 카스타노 하트, 
그리고 장타력을 가진 데이비슨까지.
외국인 선수 3명을 새로 영입했습니다.

강인권 감독은 
이들에 대한 기대를 숨기지 않았습니다. 

◀ INT ▶ 강인권 / NC다이노스 감독
""카스타노 선수도 분명 좋은 장점을 가지고 있고 하트 선수도 마찬가지고요. 맷 데이비 선수도 우리 팀에 필요한 장타력을 충분하게 충족시켜줄 수 있는 그런 외국인 선수들이라고, 기대감이 큽니다.""

강인권 감독이 꼽은 
이번 스프링캠프의 목적은 
국내 선발 투수진 발굴입니다. 

지난 시즌 불펜에서 좋은 활약을 보인
김영규와 김시훈의 선발 전환을 비롯해 
신영우의 활약도 기대됩니다.

2년 연속 1군 스프링캠프에 참가한 신영우는 
실제 타자를 상대로 공을 던지는 훈련인 
'라이브 피칭'은 물론 자체 청백전에서도 
최고 시속 152km의 공을 뿌렸습니다.

◀ INT ▶ 신영우 / NC다이노스 투수 
""일단 1군 데뷔하는 게 큰 목표이고 제가 지금 부족했던 부분을 잘 준비해오고 있는 것 같으니까 이런 부분들을 조금 시즌 끝날 때까지 안 다치도록 잘 이끌고 나가서...""

지난해 타격왕을 거머쥔 손아섭은
2년 연속 타격왕 의지를 내비쳤습니다. 

◀ INT ▶ 손아섭 / NC다이노스 주장
""올해는 한국시리즈 무대를 밟고 싶고요. 개인적으로 작년에 받았던 타격왕과 최다 안타왕을 계속해서 다른 선수에게 안 뺏기고 제가 좀 왕관을 쓸 수 있도록 하겠습니다.""

창단 멤버인 박민우는 
팬들의 열띤 응원을 당부했습니다.

◀ INT ▶ 박민우/NC다이노스 2루수
""144경기, 저희 선수들만 하는 게 아니라 팬분들과 함께 같이 한다고, 같이 이겨낸다고 생각하기 때문에 많이 응원해 주시기 위해서 팬분들도 체력 관리 잘해주시고, 건강하게 기다리고 계셨으면 좋겠습니다.""

NC다이노스의 올 시즌 목표는 
포스트시즌 진출을 넘어 두 번째 우승입니다.

◀ st-up ▶
""스프링캠프 훈련을 마친 NC다이노스는 
모레((9일) 이곳 창원NC파크에서 
기아타이거즈를 상대로 
첫 시범 경기에 나섭니다.

MBC 뉴스 이재경입니다.""
◀ END ▶
[ MBC경남 NEWS 구독하기 ]
구독하기: https://www.youtube.com/c/MBC경남News?sub_confirmation=1

[ MBC경남 NEWS 제보하기 ]
시청자 여러분들의 제보를 받습니다. 현장의 소리를 들으며
항상 정확한 정보를 신속하게 보도하겠습니다.

문자, 전화 제보 - 055.771.2580 / 055.250.5050
홈페이지 제보 - https://mbcjebo.com/?c=gn / https://mbcgn.kr/
카카오톡 채팅 제보 - http://pf.kakao.com/_tUxnZj/chat 

[ MBC경남 NEWS 웹사이트 ]
홈페이지 : http://www.mbcgn.kr
카카오톡: http://pf.kakao.com/_tUxnZj
페이스북 : http://www.facebook.com/withmbcgn 
인스타그램 : https://www.instagram.com/mbcgn_news",NC,https://i.ytimg.com/vi/IRmXXrVYXl8/hqdefault.jpg,"""V2를 향해"" NC다이노스 스프링캠프 마무리 (2024.3.7/뉴스데스크/MBC경남)",IRmXXrVYXl8
"#KBO #프로야구 #스프링캠프 #엠스플 #NC다이노스
[NC 인터뷰 모음] ""KS 우승 반지 말고 더 이상의 목표는 없습니다"" I 엠스플 in 캠프

▶MBC SPORTS+ 유튜브 : https://www.youtube.com/@MBCsportsplus
▶스톡킹 유튜브 : https://www.youtube.com/@sportstalkking
▶⚾브런치 유튜브 : https://www.youtube.com/@baseballlunch
▶광고문의 : liebe6013@mbcplus.com",NC,https://i.ytimg.com/vi/83qQ4LgVggQ/hqdefault.jpg,"[NC 인터뷰 모음] ""KS 우승 반지 말고 더 이상의 목표는 없습니다"" I 엠스플 in 캠프",83qQ4LgVggQ
"#NC #NC다이노스 #엔씨 #엔씨다이노스 #미국 #청백전 #호투 #외국인투수 #카스타노 #하트 #백팀 #청팀 #이닝 #투구 #피안타 #탈삼진 #볼넷 #실점 #무실점 #이재학 #류진욱 #최성영 #박한결 #강인권감독 #강인권 #MVP #김수윤 #호수비 #특별호수비 #에넥스필드 #mbc #mbc경남 #mbc뉴스 #엠비씨 #엠비씨경남 #엠비씨뉴스 #경남 #야구 #한국야구 #프로야구 

[ MBC경남 NEWS 구독하기 ]
구독하기: https://www.youtube.com/c/MBC경남News?sub_confirmation=1

[ MBC경남 NEWS 제보하기 ]
시청자 여러분들의 제보를 받습니다. 현장의 소리를 들으며
항상 정확한 정보를 신속하게 보도하겠습니다.

문자, 전화 제보 - 055.771.2580 / 055.250.5050
홈페이지 제보 - https://mbcjebo.com/?c=gn / https://mbcgn.kr/
카카오톡 채팅 제보 - http://pf.kakao.com/_tUxnZj/chat 

[ MBC경남 NEWS 웹사이트 ]
홈페이지 : http://www.mbcgn.kr
카카오톡: http://pf.kakao.com/_tUxnZj
페이스북 : http://www.facebook.com/withmbcgn 
인스타그램 : https://www.instagram.com/mbcgn_news",NC,https://i.ytimg.com/vi/Gr04xfOn2Yw/hqdefault.jpg,NC 새 외국인 듀오 팀 청백전 ‘호투’,Gr04xfOn2Yw
"#nc다이노스#맷데이비슨#다니엘카스타노#카스타드#카일하트#박민우#박건우#손아섭#박세혁#권희동#엔씨다이노스#야구선수#2024야구#2024시즌#스프링캠프#전지훈련#미국#애리조나#투손#송명기#저스틴비버#맹구#터미네이터#한재승#이재학#류진욱#이용찬#두목리_#캡틴리#서의태#샤킬#프로야구#야구선수

[ MBC경남 NEWS 구독하기 ]
구독하기: https://www.youtube.com/c/MBC경남News?sub_confirmation=1

[ MBC경남 NEWS 제보하기 ]
시청자 여러분들의 제보를 받습니다. 현장의 소리를 들으며
항상 정확한 정보를 신속하게 보도하겠습니다.

문자, 전화 제보 - 055.771.2580 / 055.250.5050
홈페이지 제보 - https://mbcjebo.com/?c=gn / https://mbcgn.kr/
카카오톡 채팅 제보 - http://pf.kakao.com/_tUxnZj/chat 

[ MBC경남 NEWS 웹사이트 ]
홈페이지 : http://www.mbcgn.kr
카카오톡: http://pf.kakao.com/_tUxnZj
페이스북 : http://www.facebook.com/withmbcgn 
인스타그램 : https://www.instagram.com/mbcgn_news",NC,https://i.ytimg.com/vi/UCxM_wf35hA/hqdefault.jpg,[M포츠] 아 3인3색이라고요 2024 NC 다이노스 대박이라고요 | 이미 NC 접수한 것 같은 세 사람 | 맷 데이비슨 | 카일 하트 | 다니엘 카스타노,UCxM_wf35hA
"#NC다이노스 #NC #2024NC다이노스 #2024NC #야구 #KBO #NC맷데이비슨 #맷데이비슨 #NC다이노스타자 #타자 #1루수 #NC다이노스투수 #경남 #경상남도 #mbc경남 #mbc뉴스 #mbc #엠비씨경남 #엠비씨 #엠비씨뉴스 #쇼츠뉴스 #엠뉴 #짧뉴 

[ MBC경남 NEWS 구독하기 ]
구독하기: https://www.youtube.com/c/MBC경남News?sub_confirmation=1

[ MBC경남 NEWS 제보하기 ]
시청자 여러분들의 제보를 받습니다. 현장의 소리를 들으며
항상 정확한 정보를 신속하게 보도하겠습니다.

문자, 전화 제보 - 055.771.2580 / 055.250.5050
홈페이지 제보 - https://mbcjebo.com/?c=gn / https://mbcgn.kr/
카카오톡 채팅 제보 - http://pf.kakao.com/_tUxnZj/chat 

[ MBC경남 NEWS 웹사이트 ]
홈페이지 : http://www.mbcgn.kr
카카오톡: http://pf.kakao.com/_tUxnZj
페이스북 : http://www.facebook.com/withmbcgn 
인스타그램 : https://www.instagram.com/mbcgn_news",NC,https://i.ytimg.com/vi/mGcmPg9QvO0/hqdefault.jpg,✨2024 NC다이노스 새 1루수!✨ 맷 데이비슨,mGcmPg9QvO0
"NC 다이노스 선수단이 미국 애리조나 투손으로 전지훈련을 떠났습니다.
2024시즌을 열심히 준비하는 선수들의 모습을 영상으로 담았습니다.

촬영: 이원재 기자
편집: 김연수 기자",NC,https://i.ytimg.com/vi/uW6U8Iqv3d8/hqdefault.jpg,"[직캠] '2023시즌 커리어 하이' NC 우완 류진욱, 미국 애리조나에서 '맹연습' 포착",uW6U8Iqv3d8
"#NC #NC다이노스 #스프링캠프 #kbo #프로야구 #개막

콘텐츠 왕국  ★★★More clips are available★★★
[구독 좋아요 알림설정]은 콘텐츠 제작에 큰 힘이 됩니다

홈페이지 : http://www.mbcgn.kr
페이스북 : http://www.facebook.com/withmbcgn 
인스타그램 : https://www.instagram.com/mbcgn/",NC,https://i.ytimg.com/vi/7dSLaoyoyDU/hqdefault.jpg,NC 외국인 투수 라이브피칭 시작? | [현지 연결] 240221 MBC경남,7dSLaoyoyDU
"2023시즌 KBO리그에서 선동열 이후 37년 만 20승-200 탈삼진 대기록 작성을 작성하며 최고의 투수로 군림했던 에릭 페디. KBO 역수출 신화를 쓰며 미국 메이저리그에 재진출해 소속팀 시카고 화이트삭스에서 훈련을 진행했는데요. 훈련을 마친 뒤 진행한 인터뷰에서 여전히 유창한 한국말 실력은 물론, '옛 동료' NC 선수들에 대한 그리움도 드러냈습니다. KBO를 평정한 페디의 메이저리그 진출 소감, 〈스포츠머그〉에서 전해드립니다. 

(취재 : 유병민 / 구성·편집 : 류수아 / 영상취재 : 정상보 / 인턴 : 박상은 / 제작 : 디지털뉴스제작부)

🥇스포츠는 뭐다? ▶ 스포츠머그 SPORTSMUG

#스포츠머그 #페디 #MLB #메이저리그 #야구 #KBO #NC

♨지금 뜨거운 이슈, 함께 토론하기(스프 구독) : https://premium.sbs.co.kr

▶스포츠머그 채널 구독하기 : https://n.sbs.co.kr/sportsMugTube
▶Homepage : https://videomug.co.kr
▶Facebook : https://www.facebook.com/videomug
▶Twitter : https://twitter.com/videomug_sbs

Copyright Ⓒ SBS. All rights reserved. 무단 전재, 재배포 및 AI학습 이용 금지",NC,https://i.ytimg.com/vi/3X4Cf5d14LY/hqdefault.jpg,수상하게 자꾸 늘어가는 한국어(?)...KBO MVP 출신 에릭 페디가 NC 선수들에게 전한 말은? / 스포츠머그,3X4Cf5d14LY
"경남도민일보 유튜브 구독하기 : https://www.youtube.com/user/gndomin
경남도민일보 페이스북 페이지 : https://www.facebook.com/idomin/",NC,https://i.ytimg.com/vi/jgihHD7yBI8/hqdefault.jpg,NC 다이노스 미국 전지훈련... 박민우 타격 훈련 직캠,jgihHD7yBI8
"경남도민일보 유튜브 구독하기 : https://www.youtube.com/user/gndomin
경남도민일보 페이스북 페이지 : https://www.facebook.com/idomin/",NC,https://i.ytimg.com/vi/mhJF0I0Tptk/hqdefault.jpg,NC 새 외국인 타자 맷 데이비슨 훈련 직캠,mhJF0I0Tptk
"#NC다이노스 #NC #2024NC다이노스 #2024NC #야구 #KBO #NC카스타노 #다니엘카스타노 #NC다이노스투수 #경남 #경상남도 #mbc경남 #mbc뉴스 #mbc #엠비씨경남 #엠비씨 #엠비씨뉴스 #쇼츠뉴스 #엠뉴 #짧뉴 

[ MBC경남 NEWS 구독하기 ]
구독하기: https://www.youtube.com/c/MBC경남News?sub_confirmation=1

[ MBC경남 NEWS 제보하기 ]
시청자 여러분들의 제보를 받습니다. 현장의 소리를 들으며
항상 정확한 정보를 신속하게 보도하겠습니다.

문자, 전화 제보 - 055.771.2580 / 055.250.5050
홈페이지 제보 - https://mbcjebo.com/?c=gn / https://mbcgn.kr/
카카오톡 채팅 제보 - http://pf.kakao.com/_tUxnZj/chat 

[ MBC경남 NEWS 웹사이트 ]
홈페이지 : http://www.mbcgn.kr
카카오톡: http://pf.kakao.com/_tUxnZj
페이스북 : http://www.facebook.com/withmbcgn 
인스타그램 : https://www.instagram.com/mbcgn_news",NC,https://i.ytimg.com/vi/uCo8ATICxCQ/hqdefault.jpg,✨2024 NC다이노스 뉴페이스✨ 카스타노,uCo8ATICxCQ
"NC 다이노스 선수단이 미국 애리조나 투손에서 올 시즌을 준비하고 있습니다.
현장에 나가있는 이원재 기자가 선수들 모습을 영상으로 담아왔습니다.

촬영: 이원재 기자
편집: 김연수 기자

#NC다이노스 #프로야구 #KBO #야구",NC,https://i.ytimg.com/vi/-im_7Jpg11g/hqdefault.jpg,미국 애리조나 투손에서 NC 다이노스 훈련 모습 엿보기😃,-im_7Jpg11g
"NC 다이노스 선수단이 미국 애리조나로 전지훈련을 가있습니다.
선수들이 우렁찬 기합 소리를 내며 훈련에 임하고 있는데요!
배경음악으로 어딘가 귀에 익숙한 멜로디가 흘러나오네요... 과연 무슨 곡일까요?

촬영: 이원재 기자
편집: 김연수 기자

#NC다이노스 #KBO #프로야구",NC,https://i.ytimg.com/vi/rKDQIJFnIho/hqdefault.jpg,NC 다이노스 선수들이 훈련하면서 듣는 노래는?(반전 주의),rKDQIJFnIho
"#KBO #프로야구 #스프링캠프 #엠스플 #NC다이노스 #박건우 #박용택
[인터뷰] '데뷔 첫 골든글러브인데...' 박용택이 박건우에게 미안해한 이유는? I 엠스플 in 캠프 2024.02.14

▶MBC SPORTS+ 유튜브 : https://bit.ly/3lFgJd3
▶스톡킹 유튜브 : https://bit.ly/3f52pVd
▶베이스볼런치 유튜브 : https://bit.ly/3vuSC62
▶광고문의 : liebe6013@mbcplus.com",NC,https://i.ytimg.com/vi/mXR9t2FmXTM/hqdefault.jpg,[인터뷰] '데뷔 첫 골든글러브인데...' 박용택이 박건우에게 미안해한 이유는? I 엠스플 in 캠프 2024.02.14,mXR9t2FmXTM
"#KBO #프로야구 #스프링캠프 #엠스플 #NC다이노스 #손아섭
[인터뷰] 강민호와 손아섭 중에 누가 먼저 한국시리즈를 경험할지? I 엠스플 in 캠프 2024.02.14

▶MBC SPORTS+ 유튜브 : https://bit.ly/3lFgJd3
▶스톡킹 유튜브 : https://bit.ly/3f52pVd
▶베이스볼런치 유튜브 : https://bit.ly/3vuSC62
▶광고문의 : liebe6013@mbcplus.com",NC,https://i.ytimg.com/vi/OlxKFnvstfY/hqdefault.jpg,[인터뷰] 강민호와 손아섭 중에 누가 먼저 한국시리즈를 경험할지? I 엠스플 in 캠프 2024.02.14,OlxKFnvstfY
"#KBO #프로야구 #스프링캠프 #엠스플 #NC다이노스 #강인권
[인터뷰] NC 강인권 감독, 손아섭에게 어떤 도움을 줬는지? I 엠스플 in 캠프 2024.02.14

▶MBC SPORTS+ 유튜브 : https://bit.ly/3lFgJd3
▶스톡킹 유튜브 : https://bit.ly/3f52pVd
▶베이스볼런치 유튜브 : https://bit.ly/3vuSC62
▶광고문의 : liebe6013@mbcplus.com",NC,https://i.ytimg.com/vi/3cKQwMLJCZE/hqdefault.jpg,"[인터뷰] NC 강인권 감독, 손아섭에게 어떤 도움을 줬는지? I 엠스플 in 캠프 2024.02.14",3cKQwMLJCZE
"#에릭페디 #플렉센 #MLB #화이트삭스 #인터뷰

📌영상 타임라인
0:00 인트로
0:17 훈련
1:07 플렉센 인터뷰
2:37 페디 인터뷰

MLB 스프링캠프, 에릭 페디와 플렉센 인터뷰를 진행했습니다.
자세한 내용은 영상으로 확인하세요!

📺 2024 MLB는 SPOTV NOW에서!

SPOTV NOW ☞ https://www.spotvnow.co.kr/
내가 원하는 스포츠 상품 구매는? ☞  https://www.spotvmall.com
SPOTVNEWS ☞ http://www.spotvnews.co.kr/ 
네이버 TV ☞ https://tv.naver.com/spotvmaster/clips
카카오 TV ☞ https://tv.kakao.com/channel/1706/video
페이스북 ☞  https://www.facebook.com/spotvnews",NC,https://i.ytimg.com/vi/0owjBsKIHzc/hqdefault.jpg,MLB 복귀한 '마산 아재' 에릭 페디! (ft.플렉센) #SPOTIME,0owjBsKIHzc
"지난시즌 KBO리그 MVP에 오른 에릭 페디,  미국 메이저리그 화이트 삭스 전지훈련지인 애리조나에서
KBS 취재진과 만났습니다.

에릭 페디는  KBO리그 MVP를 발판으로 SK출신의 켈리(월드시리즈 승리투수) 처럼 빅리그에서 성공하고 싶다고 밝혔습니다.

구수한 사투리로 ""한번 보러 오라""는 페디, KBO 리그 역수출의 신화를 쓰겠다며 한국팬들의  응원을 부탁했습니다.

KBO역수출 신화 이룬다!..에릭 페디 ""함 보러 오이소!""

#에릭페디 #시카고화이트삭스 #KBO리그MVP #성공신화 #손아섭",NC,https://i.ytimg.com/vi/XTycbDQtorE/hqdefault.jpg,"KBO역수출 신화 이룬다!..에릭 페디 ""함 보러 오이소!""",XTycbDQtorE
"미국 애리조나주 투손 에넥스필드서 진행되는 CAMP 2(스프링캠프) 훈련 스케치 영상을 담았습니다
#nc다이노스  #ncdinos  #경남신문 
촬영:권태영 기자

💖 구독과 좋아요는 힘이 됩니다 💖
경남신문을 SNS에서도 보고싶다면?
인스타그램 👉 / knnews  
페이스북 👉 / knnews1946\

촬영:권태영 기자 편집:이솔희 PD",NC,https://i.ytimg.com/vi/TcaavMee9nI/hqdefault.jpg,미국에서 날아온 NC다이노스 선수들의 훈련 영상,TcaavMee9nI
"미국 애리조나주에서 스프링캠프 훈련에 매진하고 있는 NC 다이노스 선수단이 2024 시즌부터 도입되는 새 제도 적응에 나섰습니다. 달라진 스트라이크존과 18초 안에 투구·타격 준비를 완료해야 하는 피치 클록에 베테랑 이용찬, 박세혁 역시 쉽게 적응하지 못했는데요. 특히 특유의 타격 전 루틴으로 유명한 손아섭은 시간제한이 있는 피치 클록과 관련해 '루틴을 줄일 생각이냐'라는 물음에 당찬 답변을 내놓기도 했습니다. 공룡군단의 스프링캠프 현장을 〈스포츠머그〉에서 전해드립니다.

(취재 : 유병민 / 영상취재 : 정상보 / 구성·편집 : 류수아 / 제작 : 디지털뉴스제작부)

🥇스포츠는 뭐다? ▶ 스포츠머그 SPORTSMUG

#스포츠머그 #피치클록 #스트라이크존 #야구 #KBO

♨지금 뜨거운 이슈, 함께 토론하기(스프 구독) : https://premium.sbs.co.kr

▶스포츠머그 채널 구독하기 : https://n.sbs.co.kr/sportsMugTube
▶Homepage : https://videomug.co.kr
▶Facebook : https://www.facebook.com/videomug
▶Twitter : https://twitter.com/videomug_sbs

Copyright Ⓒ SBS. All rights reserved. 무단 전재, 재배포 및 AI학습 이용 금지",NC,https://i.ytimg.com/vi/dF1bkPvwJ00/hqdefault.jpg,투수들 숨 막히게 하는 '째깍째깍' 피치 클록...새 규정 적응 중인 '루틴왕' 손아섭의 반응은? / 스포츠머그,dF1bkPvwJ00
"#nc다이노스 #nc #내야수 #외야수 #수비훈련 #엔씨다이노스 #권희동 #박영빈 #박시원 #데이비슨 #박한결 #김주원 #조현진 #김한별 #박민우 #도태훈 #박주찬 #서호철 #김수윤 #최정원 #오영수 #손아섭 #박건우 #김성욱 #천재환 #송승환 #스프링캠프 #camp2 #미국 #애리조나 #투손

[ MBC경남 NEWS 구독하기 ]
구독하기: https://www.youtube.com/c/MBC경남News?sub_confirmation=1

[ MBC경남 NEWS 제보하기 ]
시청자 여러분들의 제보를 받습니다. 현장의 소리를 들으며
항상 정확한 정보를 신속하게 보도하겠습니다.

문자, 전화 제보 - 055.771.2580 / 055.250.5050
홈페이지 제보 - https://mbcjebo.com/?c=gn / https://mbcgn.kr/
카카오톡 채팅 제보 - http://pf.kakao.com/_tUxnZj/chat 

[ MBC경남 NEWS 웹사이트 ]
홈페이지 : http://www.mbcgn.kr
카카오톡: http://pf.kakao.com/_tUxnZj
페이스북 : http://www.facebook.com/withmbcgn 
인스타그램 : https://www.instagram.com/mbcgn_news",NC,https://i.ytimg.com/vi/HeE2bgzs9Rs/hqdefault.jpg,[속보] 투손에서 미누형을 외치다,HeE2bgzs9Rs
"#nc다이노스 #엔씨다이노스 #야구단 #프로야구 #camp2 #스프링캠프 #투손 #미국 #애리조나 #외국인선수 #데이비드 #김수훈 #서호철 #박민우 #박건우 #손아섭 #투수조 #내야수 #수비훈련 #훈련모습 #투수조훈련 #포수 #박세혁 #안중열 #포수조훈련 #전지훈련


[ MBC경남 NEWS 구독하기 ]
구독하기: https://www.youtube.com/c/MBC경남News?sub_confirmation=1

[ MBC경남 NEWS 제보하기 ]
시청자 여러분들의 제보를 받습니다. 현장의 소리를 들으며
항상 정확한 정보를 신속하게 보도하겠습니다.

문자, 전화 제보 - 055.771.2580 / 055.250.5050
홈페이지 제보 - https://mbcjebo.com/?c=gn / https://mbcgn.kr/
카카오톡 채팅 제보 - http://pf.kakao.com/_tUxnZj/chat 

[ MBC경남 NEWS 웹사이트 ]
홈페이지 : http://www.mbcgn.kr
카카오톡: http://pf.kakao.com/_tUxnZj
페이스북 : http://www.facebook.com/withmbcgn 
인스타그램 : https://www.instagram.com/mbcgn_news",NC,https://i.ytimg.com/vi/R8ym2byWSGY/hqdefault.jpg,재미삼아 전지훈련 중인 NC 기합소리 알아봅니다,R8ym2byWSGY
"2024년 새로운 시즌에 앞서 처음으로 한자리에 모인 NC 다이노스. 
이지만 대표의 신년사와 함께 새로운 시즌 캐치프레이즈 공개.
팀의 주장 손아섭과 강인권 감독의 새로운 목표까지 생생했던 신년회 현장을 담았습니다. 

#경남신문 #NC다이노스 #신년회 #손아섭 #강인권 #박건우 #박민우

 💖 구독과 좋아요는 힘이 됩니다 💖
경남신문을 SNS에서도 보고싶다면?
인스타그램 👉 / knnews  
페이스북 👉 / knnews1946

촬영·편집:방소정 PD",NC,https://i.ytimg.com/vi/4_ZUHrffCe4/hqdefault.jpg,'THE ROAD TO GREATNESS' 2024 NC 신년회 현장!,4_ZUHrffCe4
"#M포츠 #M포츠몰아보기 #몰아보기 #스포츠 #야구 #NC #NC다이노스 #창원 #NC구단 #구단 #강인권 #강인권감독 #서호철 #박한결 #인터뷰 #인터뷰모음 #mbc경남 #mbc뉴스 #mbc #엠비씨경남 #엠비씨뉴스 #엠비씨 #엠뉴

[ MBC경남 NEWS 구독하기 ]
구독하기: https://www.youtube.com/c/MBC경남News?sub_confirmation=1

[ MBC경남 NEWS 제보하기 ]
시청자 여러분들의 제보를 받습니다. 현장의 소리를 들으며
항상 정확한 정보를 신속하게 보도하겠습니다.

문자, 전화 제보 - 055.771.2580 / 055.250.5050
홈페이지 제보 - https://mbcjebo.com/?c=gn / https://mbcgn.kr/
카카오톡 채팅 제보 - http://pf.kakao.com/_tUxnZj/chat 

[ MBC경남 NEWS 웹사이트 ]
홈페이지 : http://www.mbcgn.kr
카카오톡: http://pf.kakao.com/_tUxnZj
페이스북 : http://www.facebook.com/withmbcgn 
인스타그램 : https://www.instagram.com/mbcgn_news


#mbc경남 #경남 #mbc뉴스 #mbc #엠비씨뉴스 #엠비씨경남 #엠비씨 #야구 #프로야구 #KBO #NC #NCDINOS #엔씨다이노스 #nc다이노스 #다이노스 #엔팍 #서호철 #박한결 #야구선수 #baseball #가을야구 #포스트시즌 #와일드카드전 #wc #po #플레이오프 #준플레이오프 #한국시리즈 #코시 #인터뷰 #창원 #마산 #엔씨파크 #엔팤 #홈 #원정 #경기 #시즌 #2023 #2024 #드래프트 #신인 #강인권 #감독 #박민우 #김주원 #박세혁 #송명기 #페디 #도태훈 #김영규 #최성영 #이용찬 #임정호 #손아섭 #최정원 #오영수 #권희동 #박건우 #하준영 #류진욱 #김형준 #신민혁 #마틴 #구창모 #전사민",NC,https://i.ytimg.com/vi/bJLGQK_IG7k/hqdefault.jpg,[M포츠 몰아보기] ⚾️ 2024년 NC다이노스의 목표는? 🦕 | 강인권 감독 & 서호철 & 박한결 선수 인터뷰 모음.zip,bJLGQK_IG7k
"4인 4색 투수들의 투구와
데이비슨의 홈런까지!
2024 CAMP2 첫 라이브 피칭/BP 현장을 담았습니다!

#ncdinos #거침없이가자 #RoadToGreatness #공룡군단 #2024 #CAMP2 #스프링캠프 #N팀 #애리조나 #하트 #신영우 #김재열 #이용준 #라이브피칭 #라이브BP",NC,https://i.ytimg.com/vi/AHG20PRIws8/hqdefault.jpg,"투수 vs 타자, 이제는 실전이다! | 2024 CAMP2 라이브 피칭&BP",AHG20PRIws8
"""개인적인 목표는 없습니다. 오로지 팀의 승리만 중요할 뿐!""
중열의 감탄을 자아낸 하트의 불펜 피칭을
지금 바로 영상으로 확인하세요!

#ncdinos #거침없이가자 #RoadtoGreatness #공룡군단 #2024 #CAMP2 #스프링캠프 #N팀 #애리조나 #카일하트 #하트 #불펜피칭",NC,https://i.ytimg.com/vi/JeCMsitLRv0/hqdefault.jpg,중열의 👍을 받은 하트💙의 불펜 피칭⚾ | 2024 CAMP2,JeCMsitLRv0
"공식 훈련 일정 종료 후 이어진
한결의 자청 주루 훈련!
결국 받아낸 종욱 코치님의 칭찬과 박수 갈채👏🏻

#ncdinos #거침없이가자 #RoadToGreatness #공룡군단 #2024 #CAMP2 #스프링캠프 #N팀 #애리조나 #박한결 #주루훈련 #자청훈련",NC,https://i.ytimg.com/vi/2FrZmw8WRdk/hqdefault.jpg,"""이제 도루하는 애 같네!"" | 2024 CAMP2",2FrZmw8WRdk
"내야 수비 훈련 중 찾아온 제2외국어 시간😵‍💫
1타 강사 민우와 함께하는 데이비슨의 마산 생활 미리보기

지금 영상에서 확인하세요!

#ncdinos #거침없이가자 #RoadToGreatness #공룡군단 #2024 #CAMP2 #스프링캠프 #N팀 #애리조나 #수비훈련 #펑고",NC,https://i.ytimg.com/vi/ZGnDN2ZGos8/hqdefault.jpg,마산 말로 00처럼 하라고!! | 2024 CAMP2 내야 수비 훈련,ZGnDN2ZGos8
"공을 놓치는 순간 이곳은 웃음꽃 만개!
투수조의 하하호호 펑고 훈련 현장😆
정신 바짝 차려! 커피를 쏘게 될 수도 있으니..

#ncdinos #거침없이가자 #RoadToGreatness #공룡군단 #2024 #CAMP2 #스프링캠프 #N팀 #애리조나 #투수조 #FUNGO #펑고",NC,https://i.ytimg.com/vi/vfHstQN3qOs/hqdefault.jpg,너의 실패는 나의 행복 😵💦 | 2024 CAMP2 투수조 펑고 훈련,vfHstQN3qOs
"전상렬 코치님과 함께 하는 외야 수비 훈련!
성공하면 훈련 종료?!
몸을 사리지 않는 외야수들의 열정을
지금 바로 영상으로 확인하세요💙

#ncdinos #거침없이가자 #RoadToGreatness #공룡군단 #2024 #CAMP2 #스프링캠프 #N팀 #애리조나 #외야수 #외야수비훈련",NC,https://i.ytimg.com/vi/H1uZz9n9GJ4/hqdefault.jpg,성공하면 바로 훈련 종료! | 2024 CAMP2 외야 수비 훈련,H1uZz9n9GJ4
"""너네도 민우 형처럼 할 수 있어""
""희동아 너는 가도 된다""
극과 극 베테랑들과 함께한 CAMP2 주루 훈련!

#ncdinos #거침없이가자 #RoadToGreatness #공룡군단 #2024 #CAMP2 #스프링캠프 #N팀 #애리조나 #주루훈련",NC,https://i.ytimg.com/vi/KHjT7aMPMqM/hqdefault.jpg,'미국박민우' 너도 될 수 있어 🏃🏻‍♂💪🏻 | 2024 CAMP2 야수 주루 훈련,KHjT7aMPMqM
"힘차게 ""파이팅 가자🔥""를 외치는
새 외국인 투수 카스타노의 불펜 피칭!
지금 바로 영상으로 확인하세요!

#ncdinos #거침없이가자 #RoadtoGreatness #공룡군단 #2024 #CAMP2 #스프링캠프 #N팀 #애리조나 #대니얼카스타노 #카스타노 #불펜피칭",NC,https://i.ytimg.com/vi/_ADnojl6wAU/hqdefault.jpg,기다리셨던 카스타노 불펜 피칭 가져왔습니다😎 | 2024 CAMP2 카스타노 불펜 피칭,_ADnojl6wAU
"그리운 엔쪽이들 만나러
단디와 쎄리가 직접 애리조나로 날아갔습니다! ✈

출국부터 공룡들을 만나는 순간까지
지금 바로 영상에서 확인하세요!

#ncdinos #거침없이가자 #RoadtoGreatness #공룡군단 #2024 #CAMP2 #스프링캠프 #N팀 #애리조나 #단디 #쎄리 #RoadtoArizona #지금만나러갑니다",NC,https://i.ytimg.com/vi/IO55NryO-OA/hqdefault.jpg,Road to Arizona! 🦖단디와 쎄리의 여정🦕 | 2024 CAMP2,IO55NryO-OA
"언제나 든든한 포수가 되기 위한 덕목, 블로킹!

말도 많고 장난도 많지만 
해야 할 땐 딱 해내는 세혁과 형준

그리고 첫 N팀 캠프인 만큼
땀 뻘뻘 흘린 막내 용석까지!

지금 바로 영상에서 확인하세요!

#ncdinos #거침없이가자 #RoadToGreatness #공룡군단 #2024 #CAMP2 #스프링캠프 #N팀 #애리조나 #포수 #BLOCKING",NC,https://i.ytimg.com/vi/dUE8_z74W2Y/hqdefault.jpg,"움직여라, 그리고 막아내라! | 2024 CAMP2",dUE8_z74W2Y
"사이 좋게 둘씩 짝지어 진행한 러닝 훈련!

""수고하심돠!""
서로에게 파이팅 외쳐주는 공룡군단과
데이비슨 챙기는 누누 브라더스까지!

#ncdinos #거침없이가자 #RoadToGreatness #공룡군단 #2024 #CAMP2 #스프링캠프 #N팀 #애리조나 #RUNNING",NC,https://i.ytimg.com/vi/1OXx23UIDf4/hqdefault.jpg,바람이 불고 우박이 떨어져도 일단 뛰어! | 2024 CAMP2,1OXx23UIDf4
"CAMP2 출국날, 셀프캠의 주인공이 된 23 드랲 실세(?) ✨영우✨

팬들이 기다리고 기다리던 23 드랲즈의 케미를 담아왔다고 하는데...

23 드랲즈의 MZ 중독 모먼트로 시작해서
준호&한결의 오마카세 약속 비하인드와 여권 사진까지 공개한다고?

우당탕탕 영우의 첫 셀프캠 미션 ⚡
다양한 23 MZ즈 모습을 지금 바로 영상에서 확인하세요!

#ncdinos #거침없이가자 #RoadToGreatness #공룡군단 #2024 #CAMP2 #스프링캠프 #애리조나 #23드래프트 #MZ #셀프캠 #브이로그 #VLOG




🎵Music provided by 브금대통령
Track : 잠이오냥 - https://youtu.be/OKDh4KwjEog
Track : Good Mood - https://youtu.be/i4yTbgUJdbk
Track : 맛있는 상상 - https://youtu.be/6FD08T-KVRc
Track : FAIL -  https://youtu.be/h4DKi2eUnH8
Track : Baby Blues - https://youtu.be/_a2ypjfOFp8",NC,https://i.ytimg.com/vi/Zv7z0ecqLKM/hqdefault.jpg,"💌 그 시절, 우리가 좋아했던 23 드랲즈 💘 | 2024 CAMP2 출국 브이로그",Zv7z0ecqLKM
"마산과 애리조나에서
각각 CAMP2를 시작한 공룡군단🦖🦕

새로 합류한 뉴 페이스들의 인사부터
주장 아섭이 선수들에게 전하는 메시지까지!

지금 바로 영상으로 확인하세요💙

#ncdinos #거침없이가자 #RoadToGreatness #공룡군단 #2024 #CAMP2 #스프링캠프 #N팀 #C팀 #애리조나 #창원마산야구장",NC,https://i.ytimg.com/vi/p77u0SjWRJA/hqdefault.jpg,MASAN & ARIZONA CAMP2 시작! | 2024 CAMP2,p77u0SjWRJA
"지난 30일, 떨리고 설레는 마음으로 애리조나로 떠난 공룡군단!

현실은 비행기도 타기 전, 폭로(?)가 시작됐다고?

처음 N팀 스프링 캠프에 참여하는 '새내기' 선수들과
출발 전부터 룸메이트의 비밀을 알려 주는 'n번째' 선수들까지!
설렘 반 💗 폭로 반 💥 CAMP2 출국 현장을
지금 바로 영상으로 확인하세요!

#ncdinos #거침없이가자 #RoadToGreatness #공룡군단 #2024 #CAMP2 #스프링캠프 #애리조나",NC,https://i.ytimg.com/vi/VnSELwHJSBE/hqdefault.jpg,"더 높은 곳을 향한 여정! 가자, 애리조나로 ✈ | 2024 CAMP2 출국 스케치",VnSELwHJSBE
"양 팀 도합 12점!
첫 청백전부터 불 붙은 방망이를
지금 바로 영상으로 확인하세요!

#ncdinos #거침없이가자 #RoadtoGreatness #공룡군단 #2024 #CAMP2 #스프링캠프 #N팀 #애리조나 #청백전 #하이라이트",NC,https://i.ytimg.com/vi/HKxeNFKeaKA/hqdefault.jpg,첫 청백전부터 불 붙은 방망이!🔥 | 2024 CAMP2 청백전,HKxeNFKeaKA
"무더운 날씨
공에 맞아 멍들고
보호 장비에 쓸리고 까져도
예상치 못한(?) 난관에 부딪혀도
포수조의 훈련은 계속된다!

누군가에겐 상처만 남은 포수조 블로킹 훈련을
지금 바로 영상으로 확인하세요!

#ncdinos #거침없이가자 #RoadtoGreatness #공룡군단 #2024 #CAMP2 #스프링캠프 #N팀 #애리조나 #포수조 #박세혁 #안중열 #김형준 #신용석",NC,https://i.ytimg.com/vi/BIJb0kFTXZ8/hqdefault.jpg,누군가에겐 상처만(?) 남은 블로킹 훈련 | 2024 CAMP2 포수조 훈련,BIJb0kFTXZ8
"통통 튀는 고무공 펑고와
빠질 수 없는 커피 내기!☕

코치님들까지 나선 고무공 펑고의 현장을
지금 바로 영상으로 확인하세요!

#ncdinos #거침없이가자 #RoadtoGreatness #공룡군단 #2024 #CAMP2 #스프링캠프 #N팀 #애리조나 #투수조 #고무공 #펑고",NC,https://i.ytimg.com/vi/LQ62oE-Xkng/hqdefault.jpg,투수조를 뒤흔든 고무공의 습격!🥎💥 | 2024 CAMP2 투수조 펑고,LQ62oE-Xkng
"“저희 내일 그랜드 캐니언 가는데”
공룡들의 휴식 일정 자랑에서 시작된
애리조나 즉석 브이로그 콘텐츠!

열정! 열정! 열정!
가든 포토그래퍼의 인생샷 촬영 과정부터
형준이 형이 쏜다🔫
미국 쉑버거 먹방까지!

지금 영상에서 확인하세요 🧐

#ncdinos #거침없이가자 #RoadToGreatness #공룡군단 #2024 #CAMP2 #스프링캠프 #N팀 #애리조나 #그랜드캐니언 #쉐이크쉑 #브이로그",NC,https://i.ytimg.com/vi/_rWBqkpFl-E/hqdefault.jpg,인생샷은 뭐?! 인생을! 걸고! 📸😇 | 2024 CAMP2 그랜드 캐니언,_rWBqkpFl-E
"야구라는 하나의 관심사로 모인 남자 셋과 여자 셋✨
앞으로 2박 3일 동안 함께 지내며 서로에게 좋은 야구장 메이트가 되어줄까, 연인으로 발전할까🤍⚾️

엔튜브 특별 기획 데이팅 쇼프로그램 '나는 홈런'에서 그들의 사랑과 우정, 그리고 뜨거운 야구 열정을 만나보세요.

매주 월요일 본방송 |  ONLY ON 엔튜브
NC 다이노스 X 모두의지인

#나는홈런 #첫방송 #ncdinos #엔튜브 #모두의지인 
#거침없이가자 #RoadToGreatness #공룡군단 #2024 #KBO #데이팅쇼프로그램",NC,https://i.ytimg.com/vi/mGkCvnQDyDQ/hqdefault.jpg,나는 홈런 : 1화 ‘첫 만남은 너무 어려워’,mGkCvnQDyDQ
"설렘으로 물드는 첫 번째 밤!✨

알아가는 시간이 많아질 수록 깊어지는 마음
야구장 데이트로 더욱 더 가까워진 6명의 남녀 시그널 모음집💘🗂

엔튜브 특별 기획 데이팅 쇼프로그램 '나는 홈런'에서 그들의 사랑과 우정, 그리고 뜨거운 야구 열정을 만나보세요.

매주 월요일 본방송 |  ONLY ON 엔튜브
NC 다이노스 X 모두의지인

#나는홈런 #첫방송 #ncdinos #엔튜브 #모두의지인 
#거침없이가자 #RoadToGreatness #공룡군단 #2024 #KBO #데이팅쇼프로그램",NC,https://i.ytimg.com/vi/Q7PYx0-kEoA/hqdefault.jpg,나는홈런 : 2화 '영화보다 설레는 우리',Q7PYx0-kEoA
"죽어가는 연애 세포도 깨운다는 연애 전문가와
용찬, 형준의 연애 세포 탐구 시간🧬🧪
 
엔튜브 특별 기획 데이팅 쇼프로그램 '나는 홈런' 번외 편 #1
막간토크를 통해 들어보는 선수들의 이야기 

매주 월요일 본방송 |  ONLY ON 엔튜브
NC 다이노스 X 모두의지인

#나는홈런 #첫방송 #ncdinos #엔튜브 #모두의지인 
#거침없이가자 #RoadToGreatness #공룡군단 #2024 #KBO #데이팅쇼프로그램",NC,https://i.ytimg.com/vi/7BvPy9lNkew/hqdefault.jpg,"전문가와 함께하는 용찬, 형준의 연애 세포 탐구 시간🧬🧪",7BvPy9lNkew
"깊어진 마음에 아쉬움만 남은 마지막 밤! ✨

서로의 마음에 진심을 전하는 시간, 사랑은 그 사람이 행복하길 바라는 마음💟
그들의 마음이 온전히 전해졌을까요?

엔튜브 특별 기획 데이팅 쇼프로그램 '나는 홈런'에서 그들의 사랑과 우정, 그리고 뜨거운 야구 열정을 만나보세요.

매주 월요일 본방송 |  ONLY ON 엔튜브
NC 다이노스 X 모두의지인

#나는홈런 #첫방송 #ncdinos #엔튜브 #모두의지인 
#거침없이가자 #RoadToGreatness #공룡군단 #2024 #KBO #데이팅쇼프로그램",NC,https://i.ytimg.com/vi/DIURw5ggkdU/hqdefault.jpg,나는홈런 : 3화 '서로에게 전하는 진심',DIURw5ggkdU
"엔튜브 특별 기획 데이팅 쇼프로그램 '나는 홈런' 번외 편 #2
막간토크를 통해 들어보는 선수들의 이야기 

매주 월요일 본방송 |  ONLY ON 엔튜브
NC 다이노스 X 모두의지인

#나는홈런 #첫방송 #ncdinos #엔튜브 #모두의지인 
#거침없이가자 #RoadToGreatness #공룡군단 #2024 #KBO #데이팅쇼프로그램",NC,https://i.ytimg.com/vi/bQluFS9doko/hqdefault.jpg,내 연인의 이 것! 절대 안되는 이유🙅‍♂️💢,bQluFS9doko
"최종 선택을 앞둔 그들의 결말은?💞

미묘한 한별의 표정,
알다가도 모르겠는 출연자들의 마음
최종 선택 전 마지막 데이트!👀💥

엔튜브 특별 기획 데이팅 쇼프로그램 '나는 홈런'에서 그들의 사랑과 우정, 그리고 뜨거운 야구 열정을 만나보세요.

최종화 |  ONLY ON 엔튜브
NC 다이노스 X 모두의지인

#나는홈런 #첫방송 #ncdinos #엔튜브 #모두의지인 
#거침없이가자 #RoadToGreatness #공룡군단 #2024 #KBO #데이팅쇼프로그램",NC,https://i.ytimg.com/vi/Zi4SQ2Q7FKU/hqdefault.jpg,나는홈런 : 최종화 ‘엇갈리는 마음’,Zi4SQ2Q7FKU
"엔튜브 특별 기획 데이팅 쇼프로그램 '나는 홈런' 번외 편 #3
막간토크를 통해 들어보는 선수들의 이야기 

ONLY ON 엔튜브 | NC 다이노스 X 모두의지인

#나는홈런 #첫방송 #ncdinos #엔튜브 #모두의지인 
#거침없이가자 #RoadToGreatness #공룡군단 #2024 #KBO #데이팅쇼프로그램",NC,https://i.ytimg.com/vi/zj0Qnk590Hc/hqdefault.jpg,여사친과 스킨십 어디까지 가능?👉👈💘,zj0Qnk590Hc
"아직 시즌 안 끝났습니다!!!🔥
💚남은 경기도 많은 응원부탁드립니다🧡🥰",키움,https://i.ytimg.com/vi/GRTFEMXf_VQ/hqdefault.jpg,"2024 홈 최종전, 팬 여러분들과 함께 만든 승리 ㅣ히어로캠 (09.24)",GRTFEMXf_VQ
🧎‍♀️,키움,https://i.ytimg.com/vi/BCPUKc1r07o/hqdefault.jpg,돌아온 우리 집에서 연패 탈출!!!!!!ㅣ히어로캠 (09.10),BCPUKc1r07o
"승리를 위한 함성 워어어어어어어 
승리를 위한 함성 다 함께 외쳐라!!!!!!!!!!",키움,https://i.ytimg.com/vi/quHVnKaBwkM/hqdefault.jpg,🔥최주환&변상권 백투백 홈런쇼에 초대합니다🔥ㅣ히어로캠(08.25),quHVnKaBwkM
,키움,https://i.ytimg.com/vi/Ld2GW3UksFo/hqdefault.jpg,그리고 우리는... 히어로즈밖에 모른다ㅣ히어로캠(08.23),Ld2GW3UksFo
짜릿하잖아!!!!!!!!!!!!!!!!,키움,https://i.ytimg.com/vi/iApxQtTVHNU/hqdefault.jpg,최상영민 시즌 9승과 함께 짜릿한 역전승!!!!!!💥ㅣ히어로캠 (08.17),iApxQtTVHNU
"우리 후라도가 왜이리 잘해...🥰
(원래 잘했음)",키움,https://i.ytimg.com/vi/VFdoICv-QUY/hqdefault.jpg,따봉 후라도야 고마워👍 l 히어로캠 (08.14),VFdoICv-QUY
후라도는 아주 유명한 히어로즈의 에이스임,키움,https://i.ytimg.com/vi/Ymf-rdWVORY/hqdefault.jpg,10승 투수 후라도를 봐… 짱이지?ㅣ히어로캠 (08.08),Ymf-rdWVORY
우리는 포기를 모르는 팀이니까...★,키움,https://i.ytimg.com/vi/i4p6OqGXUVM/hqdefault.jpg,"??? : 고작 6점 차입니다 여러분!!!!, 8월 첫 시작을 대역전승으로! ㅣ히어로캠 (08.01)",i4p6OqGXUVM
"빛나는 투구 속에서 느껴지는 감동 🥺 
우리 모두가 뜻깊었던 하루",키움,https://i.ytimg.com/vi/jD47b9AYLRs/hqdefault.jpg,최상영민의 빛나는 투구와 함께 6 : 2 승리 ✨ㅣ히어로캠 (07.30),jD47b9AYLRs
"누군가 내게 ""히어로즈를 얼마나 사랑했나요"" 하고 묻는다면,

나는 외면하며 ""손톱만큼이요"" 라고 할 것이다

하지만 돌아서서는,

잘라내도 잘라내도 평생 자라나고야 마는

내 손톱을 보고 마음이 저려 펑펑 울지도 모른다",키움,https://i.ytimg.com/vi/m9552NfZdYc/hqdefault.jpg,[ㅋㅅㅅㅁ] 키스를 부르는 도파민 대폭발 경기💋🔥ㅣ히어로캠 (07.27),m9552NfZdYc
"불금 파티 무드는 ""승리""입니다 🎉
소리질럿!!!!!!!!!




#키움 #키움히어로즈 #이종민 #송성문 #김혜성 #김성민 #주승우 #양지율 #최주환#KBO",키움,https://i.ytimg.com/vi/TzZyM0jBG-g/hqdefault.jpg,Friday Night Party mood = 승리ㅣ 히어로캠 (07.26),TzZyM0jBG-g
"김혜성 ""키움.. 최근 상승세 ^_^""

#야구 #키움히어로즈 #kiwoomheroes #kbo",키움,https://i.ytimg.com/vi/FSqWOasKBTA/hqdefault.jpg,히어로즈 최근 상승세 ^_^ㅣ히어로캠 (07.09),FSqWOasKBTA
너무너무 행복한 요즘 🥰,키움,https://i.ytimg.com/vi/sAaV9azhYpk/hqdefault.jpg,히어로의 응원 속 히어로즈 6연승과 함께 위닝시리즈 확보 🤘ㅣ히어로캠 (07.03),sAaV9azhYpk
"히어로즈 5연승 중인데 어떡하라고,
어띃하라고, 어떡콰라고, 어뜨카라고, 억떡하라고, 우뜨카라고, 오픈카라고, 엉뜨켜라고, 엉뚱하라고, 오또케라고, 고로케라고",키움,https://i.ytimg.com/vi/bDl9EGHXzew/hqdefault.jpg,우리 5연승 했어요ㅣ 히어로캠 (07.02),bDl9EGHXzew
큠튜브 🌸야근길🌸만 걷즈아!!!!!!!,키움,https://i.ytimg.com/vi/hecGPW55gBc/hqdefault.jpg,아아.. 모든 게 완벽한 목요일이었습니다.. 🔥3연전 싹쓸이🔥ㅣ히어로캠 (06.27),hecGPW55gBc
🎵 오늘의 추천곡 ITZY(있지)🎵 - CAKE,키움,https://i.ytimg.com/vi/Z0CVRKbh-Hk/hqdefault.jpg,안되겠어요 후라도의 여권도 압수해야겠습니다ㅣ히어로캠 (06.26),Z0CVRKbh-Hk
(도슨 여권 뺏으러 가실 분? 1/nnnnnnnnnn),키움,https://i.ytimg.com/vi/SIP5v8WbjtU/hqdefault.jpg,한 주의 시작을 끝내기로 시작하는 팀이 있다?ㅣ 히어로캠 (06.25),SIP5v8WbjtU
,키움,https://i.ytimg.com/vi/8FJe5vYb7H8/hqdefault.jpg,✨고척 예수님의 6이닝 무실점✨과 함께 2:5 승리!!!!!ㅣ히어로캠 (06.21),8FJe5vYb7H8
"도파민 대폭발!!!!!!!!!!!💥
(분량도 폭발...)",키움,https://i.ytimg.com/vi/j39ArgKhoOY/hqdefault.jpg,대폭발 히어로즈 ㅣ히어로캠 (06.16),j39ArgKhoOY
렛츠고,키움,https://i.ytimg.com/vi/v3WrHiiyOrA/hqdefault.jpg,히어로즈 월클라인ㅣ히어로캠 (06.08),v3WrHiiyOrA
복덩이들 때문에 행복하다,키움,https://i.ytimg.com/vi/NGz4TYVWjL4/hqdefault.jpg,약속의 7회ㅣ히어로캠 (06.07),NGz4TYVWjL4
"투타조화
투타조아",키움,https://i.ytimg.com/vi/avq-6DwkXDA/hqdefault.jpg,이게 히어로즈야...ㅣ히어로캠 (06.04),avq-6DwkXDA
승리를 위한 함성 발사아!!!!!!!!!!!!!!!!!!!!!!!!!!!!!!!!!!!!!!!!!!!!!,키움,https://i.ytimg.com/vi/qtyMuttHHRM/hqdefault.jpg,우리는 당신들을 믿습니다...ㅣ히어로캠 (05.23),qtyMuttHHRM
"항상 똑같은 자리에서 똑같은 마음으로 응원해주셔서 정말 감사합니다...😭
히어로즈... 사랑해...주세요...!!!
[⏰오늘의 히어로캠 타임라인⏰]
00:00 시작
00:06 2회말 주형의 솔로 홈런
00:56 4회초 인범의 삼자범퇴
01:17 4회초 주환의 호수비
02:18 5회말 히어로즈가 말아주는 빅이닝 시작
04:19 6회말 다시 한번 빅이닝!!
06:07 7회초 캐슬민의 깔끔한 이닝 순삭
07:50 8회말 도슨의 쓰리런!
09:23 9회초 이닝을 마무리하는 선기",키움,https://i.ytimg.com/vi/_0DjiNqxspg/hqdefault.jpg,마침내...이겼다...! l 히어로캠 (05.19),_0DjiNqxspg
"으아아ㅏㅏ아아아앗!!!!!!!! 
고척 덕아웃은 지금 빛 밖에 안 보입니다 ✨",키움,https://i.ytimg.com/vi/rBwrGGC1IZE/hqdefault.jpg,※주의※ 선수단의 눈부신 활약으로 과도한 빛 노출이 발생하오니 선글라스 착용을 권고 드립니다ㅣ히어로캠 (4.16),rBwrGGC1IZE
계속되는 연승은 팬들을 기쁘게 해요!!!,키움,https://i.ytimg.com/vi/gDl4fMHHdyw/hqdefault.jpg,시리즈 스윕을 완성시키는 킹크랩🦀김재현의 갓벽한 도루 저지 ㅣ히어로캠 (04.14),gDl4fMHHdyw
히어로즈 야구가.. 너무 재밌다...♥,키움,https://i.ytimg.com/vi/-pFnIEc-2iI/hqdefault.jpg,다 함께 승리를 만들며 위닝시리즈 확보 🥰 | 히어로캠 (04.13),-pFnIEc-2iI
이것이 바로 히어로즈 야구,키움,https://i.ytimg.com/vi/ZBtRSjALYG4/hqdefault.jpg,득점도 잘하고 삼진도 잘 잡아ㅣ 히어로캠 (04.12),ZBtRSjALYG4
"오늘부로 김혜성 지지를 철회한다

오늘부터 지지관계에서 벗어나
김혜성과 나는 한몸으로 일체가 된다
김혜성에 대한 공격은 나에 대한 공격으로 간주한다

​세상에 70억 명의 김혜성 팬이 있다면, 나는 그들 중 한 명일 것이다.
세상에 1억 명의 김혜성 팬이 있다면, 나 또한 그들 중 한 명일 것이다.
세상에 천만 명의 김혜성 팬이 있다면, 나는 여전히 그들 중 한 명일 것이다.
세상에 백 명의 김혜성 팬이 있다면, 나는 아직도 그들 중 한 명일 것이다.
세상에 한 명의 김혜성 팬이 있다면, 그 사람은 아마도 나일 것이다.
세상에 단 한 명의 김혜성 팬도 없다면, 나는 그제서야 이 세상에 없는 것이다.

김혜성, 나의 사랑.

김혜성, 나의 빛.

김혜성, 나의 어둠.

김혜성, 나의 삶.

김혜성, 나의 기쁨.

김혜성, 나의 슬픔.

김혜성, 나의 안식.

김혜성, 나의 영혼.

김혜성, 나.",키움,https://i.ytimg.com/vi/w_IwMoKV4Sc/hqdefault.jpg,[※도파민과다주의] 김혜성의 끝내기홈런으로 7연승!!!!!!! | 히어로캠 (04.07),w_IwMoKV4Sc
김혜성 끝내기홈런으로 7연승 질주하는 키움히어로즈 덕분에 도파민 중독,키움,https://i.ytimg.com/vi/b4RvyoEnJws/hqdefault.jpg,#끝내기고프로캠 #후토크 진짜 끝내주는 도파민 샤워 (4.7),b4RvyoEnJws
제목이 곧 설명입니다😎,키움,https://i.ytimg.com/vi/FN8kK2brTjI/hqdefault.jpg,6연승.ㅣ히어로캠 (04.06),FN8kK2brTjI
우리가 히어로즈를 사랑하는 이유,키움,https://i.ytimg.com/vi/huE6QsLAP2A/hqdefault.jpg,핵타선 폭발🔥 5회말 10득점 짜릿한 역전과 함께 파죽의 5연승 | 히어로캠 (04.05),huE6QsLAP2A
우리 집으로 가자,키움,https://i.ytimg.com/vi/QxK14yylvYI/hqdefault.jpg,역시 집이 최고야!ㅣ 히어로캠 (3.31),QxK14yylvYI
으쌰라 으쌰!!!!!!!! 으쌰라 으쌰!!!!!!!!!!!!!,키움,https://i.ytimg.com/vi/x5aQTIbO_eA/hqdefault.jpg,고척에서 첫 승 신고합니다! | 히어로캠 (3.30),x5aQTIbO_eA
넌 내게 반했어,키움,https://i.ytimg.com/vi/F_E8OVrOjb8/hqdefault.jpg,[후토크] 오늘 키움 팬들 다 김태진한테 반했다.. (09.24),F_E8OVrOjb8
드래프트 영상은 작업이 끝나는 대로 바로 업로드 예정이오니 참고 부탁드립니다 🙂,키움,https://i.ytimg.com/vi/BwEdOhuIZhs/hqdefault.jpg,[후토크] 그럼 전 송성문이요 (09.11),BwEdOhuIZhs
겸손한 혜성 선배😊,키움,https://i.ytimg.com/vi/HGk2d9sp9Vk/hqdefault.jpg,[후토크] 김혜성의 꾸준함을 증명한 오늘 (09.10),HGk2d9sp9Vk
"재미와 감동이 있는 베테랑 이히형종의 후토크





Music provided by 브금대통령
Track : 스파이 - https://youtu.be/skbPY7Inl5o",키움,https://i.ytimg.com/vi/M7It5hhfnm8/hqdefault.jpg,[후토크] 누구야? 누가 물 뿌렸어? (08.25),M7It5hhfnm8
"▬▬▬.▬.▬▬▬

═▂▄▄▓▄▄▂

◢◤ █▀▀████▄▄▄▄◢◤

█▄ █ █▄ ███▀▀▀▀▀▀▀╬

◥█████◤ 사랑하는 사람 

══╩══╩═ 이름 부르고 하강!

         ╬═╬

         ╬═╬ ኈ 송성문!!!!!

         ╬═╬

         ╬═╬

         ╬═╬

         ╬═╬ 

         ╬═╬

         ╬═╬ ቼ 콩",키움,https://i.ytimg.com/vi/XZV5WQwFDDE/hqdefault.jpg,[후토크] 송성문이요 제발 송성문이 히어로즈 캡틴 아니면 안 돼요 (08.23),XZV5WQwFDDE
고척 남주혁 보유 구단 키움 히어로즈 ㄷ ㄷ,키움,https://i.ytimg.com/vi/RUafnSKIaVg/hqdefault.jpg,[후토크] 팀의 승리를 위해 어떻게든 만회하고 싶었다는 박수종의 진심 (08.17),RUafnSKIaVg
"네. 그냥 '최주환' 상태입니다

#끝내기고프로캠 #최주환",키움,https://i.ytimg.com/vi/cBs4MADxGzM/hqdefault.jpg,[후토크] 최주환 카페에 갔습니다. 카페가 열린 건 아니고요 그냥 카페에서 최주환 생각했습니다. 사실 커피도 안마셨습니다. 그냥 최주환 상태입니다 (08.14),cBs4MADxGzM
사실 투닥투닥이라고 하기엔 건희가 일방적으로 놀림당하는 중 🤭,키움,https://i.ytimg.com/vi/dWrvbUtA210/hqdefault.jpg,[후토크] 명품 케미 자랑하는 히어로즈 포수조 💘 (08.08),dWrvbUtA210
빛나는데 겸손하기까지...✨,키움,https://i.ytimg.com/vi/uagOLaMhdFg/hqdefault.jpg,[후토크] 외쳐! 갓상권✨ (08.03),uagOLaMhdFg
"세 글자로 벅차오르게 해보겠습니다
이.용.규


감사합니다

#이용규 #키움 #KBO #키움히어로즈",키움,https://i.ytimg.com/vi/-Md3qKpTkR4/hqdefault.jpg,[후토크] 무슨 말이 더 필요할까요? 이용규 후토크인데... (08.01),-Md3qKpTkR4
"키움 김태진 워어어어어어~~~~🎤
안~타 김태진!!!!!!!🎤",키움,https://i.ytimg.com/vi/dL1jD1rOdso/hqdefault.jpg,[후토크]김태진! 파이팅 해야지! (07.30),dL1jD1rOdso
"""송성문 좋아하지 마""
""그게 뭔데""
""송성문 좋아하지 말라고.""
""그거 어떻게 하는 건데""


#송성문 #키움 #키움히어로즈 #끝내기승리 #끝내기안타",키움,https://i.ytimg.com/vi/g18xUMFsqcE/hqdefault.jpg,#끝내기고프로캠 #후토크 여기 송성문 안 좋아하는 사람 있어? (07.27),g18xUMFsqcE
데뷔 첫 승 축하합니다 🤩,키움,https://i.ytimg.com/vi/uNrJnA4zPA8/hqdefault.jpg,[후토크] 이종민의 데뷔 첫 승!!!!! 이틀 연속 워터밤에 등장한 물탄소년단 🌊 (07.26),uNrJnA4zPA8
"""키움 히어로즈 지명하겠습니다. 장충고등학교 투수 김윤하""",키움,https://i.ytimg.com/vi/ofQm0QJ75hM/hqdefault.jpg,[후토크] #김윤하 데뷔 첫 승 그리고 24 신인 첫 QS+ 달성과 함께 워터밤 개최 🌊 (07.25),ofQm0QJ75hM
"같이 실망하고 같이 기뻐하고 그렇게 계속 함께 같이 가요 우리

#김성민 #키움히어로즈 #kiwoomheroes #kbo #야구 #끝내기",키움,https://i.ytimg.com/vi/iR4_d2AaoUg/hqdefault.jpg,#끝내기고프로캠 #후토크 김성민 만나고 나의 성공시대 시작됐다 ㅋㅋ (07.11),iR4_d2AaoUg
"최주환타스틱삐까츄!!!!!!!!!! 후반기도 화이팅!!!!!!!!!!






#최주환 #야구 #키움히어로즈  #kiwoomheroes #KBO",키움,https://i.ytimg.com/vi/wQmmXx8M9oA/hqdefault.jpg,"[후토크] '인내하고, 기다리고 또 기다리고…' 돌아온 해결사 #최주환 (07.09)",wQmmXx8M9oA
"헤이수스 러브스토리 달달하다💖
헤이수스 10승도 달디달고 달디달다💕",키움,https://i.ytimg.com/vi/6z3DuTE9dr8/hqdefault.jpg,[후토크] 베네수엘라 사랑꾼인 내가 KBO리그 다승 단독 1위?! (07.03),6z3DuTE9dr8
"하늘은 우리의 성공을 바라지 않는다 
노력을 바랄뿐이다
- 송성문",키움,https://i.ytimg.com/vi/0PW3RUyMP9A/hqdefault.jpg,[후토크] 이것이 바로... 주장의 품격? #송성문 (07.02),0PW3RUyMP9A
김혜성은 어떻게 이름도 💫혜성💫,키움,https://i.ytimg.com/vi/EMzxaqWZ77o/hqdefault.jpg,[후토크] 포브스 선정 '혜성'이라는 이름이 잘 어울리는 사람 1위 (06.28),EMzxaqWZ77o
"저 높이 날아올라 빛이 되리라!!!! 히어로즈 이주형!!!!!
#이주형",키움,https://i.ytimg.com/vi/jq8R2u9yPt8/hqdefault.jpg,[후토크] 더 잘할 수 있게 열심히 하겠습니다 (06.27),jq8R2u9yPt8
"#후라도
Jurado is a god",키움,https://i.ytimg.com/vi/KH1Bew387No/hqdefault.jpg,[후토크] #후라도는 신이에요 (06.26),KH1Bew387No
효자 윤하 ☺️,키움,https://i.ytimg.com/vi/H6aT4UcqzMA/hqdefault.jpg,[후토크] 히어로즈 마운드의 미래 #김윤하 (06.25),H6aT4UcqzMA
"도슨이 했으면 하는 퍼포먼스🙌
마구마구 추천받습니다!!!!",키움,https://i.ytimg.com/vi/jJkrNtP97Fg/hqdefault.jpg,[후토크] 복덩이 #도슨 올 시즌 첫 후토크! (06.21),jJkrNtP97Fg
오늘 경기는요.. 정말 찍으면서도 가슴이 벅차올랐습니다..,키움,https://i.ytimg.com/vi/-DasM346L3c/hqdefault.jpg,[후토크] #최주환 #하영민 #김혜성 우리가 히어로즈를 사랑하는 이유(06.16),-DasM346L3c
시즌 4승 달성🎉,키움,https://i.ytimg.com/vi/TGqsDJJ6u3g/hqdefault.jpg,[후토크] 최'상상상상'영민 (06.11),TGqsDJJ6u3g
"송영광 좋으면 만세 이런 말 왜 하는 거임?

나 그럼 어떡하라고 계속 손들고 있으라고?
나 그럼 아무것도 못해
나 그럼 다 허락 맡아야 돼?
나 그럼 계속 손들고 있어야 되냐고
나 그럼 밥도 못 먹고 화장실도 못 가고",키움,https://i.ytimg.com/vi/E1MhVry29B8/hqdefault.jpg,[후토크] 승리의 문 활짝 열어 드립니다 #송성문 (06.08),E1MhVry29B8
사일런트 세레머니 빨리 보여드리고 싶어서 그만...,키움,https://i.ytimg.com/vi/XXxtKmMfBbI/hqdefault.jpg,[후토크] 건희 업고 튀어! (06.07),XXxtKmMfBbI
아이패치와 함께 똥강아지 별명 획득,키움,https://i.ytimg.com/vi/ppm623rEVbY/hqdefault.jpg,[후토크] 하루하루가 행복한 재상이와 아이패치 (06.04),ppm623rEVbY
이제부터 연승간다!!💥,키움,https://i.ytimg.com/vi/lJq_BffeOsU/hqdefault.jpg,[후토크] 이게 바로 이주형인기라! (05.23),lJq_BffeOsU
"""신인왕 레이스에 참가하도록 하겠습니다""",키움,https://i.ytimg.com/vi/tCPldy6pb-I/hqdefault.jpg,[후토크] 찾았다 리드오프! 팀의 승리를 이끈 눈부신 활약 #고영우 (05.19),tCPldy6pb-I
"#이용규  개인 통산 2,100안타 달성 (역대 14번째)
이 순간만을 기다려왔습니다 😭😭",키움,https://i.ytimg.com/vi/1e08TFJQKWk/hqdefault.jpg,[후토크] 연패를 끊는 승리의 쐐기포 이용규 & 6이닝 무실점 헤이수스 (5.11),1e08TFJQKWk
"킹크랩과 갓차의 조합이라... 그저 편안😎
#김재현 #주승우",키움,https://i.ytimg.com/vi/71CihSZDOOY/hqdefault.jpg,[후토크]#김재현이 #주승우 덕분에(?) 적시타를 칠 수 있었던 이유 (04.16),71CihSZDOOY
김재웅의 야구에는 감동이 있다 😭,키움,https://i.ytimg.com/vi/oN53uB8yt-Y/hqdefault.jpg,"[후토크] ""그저 해야할 일을 했을 뿐"" 든든하다 킹리보! (04.14)",oN53uB8yt-Y
"""키움 히어로즈는 버티는 힘이 굉장히 좋은 팀""",키움,https://i.ytimg.com/vi/H1f4wHJ2T_s/hqdefault.jpg,[후토크] 히어로즈의 정신적 지주 이용규의 복귀전 (04.12),H1f4wHJ2T_s
김혜성 끝내기홈런으로 7연승 질주하는 키움히어로즈 덕분에 도파민 중독,키움,https://i.ytimg.com/vi/b4RvyoEnJws/hqdefault.jpg,#끝내기고프로캠 #후토크 진짜 끝내주는 도파민 샤워 (4.7),b4RvyoEnJws
"#주승우 #이형종 
올 시즌 우리 꽃길만 걸어요 🌸",키움,https://i.ytimg.com/vi/oUxIqc1QfuA/hqdefault.jpg,[후토크] 영웅질주 아니 우리는 폭주기관차다 #주승우 #이형종  (04.06),oUxIqc1QfuA
"이제 안 아프니까 내일도 승리 렛츠고
#김재현 #이주형 #김휘집",키움,https://i.ytimg.com/vi/Kn7ikj-Dyho/hqdefault.jpg,[후토크] 나는 아픈 건 딱 질색이니까... (04.05),Kn7ikj-Dyho
믿습니까? 믿습니다!!!!!!!!!!,키움,https://i.ytimg.com/vi/LHuNhbe1A88/hqdefault.jpg,[후토크] 고척에 예수님 강림...! 헤이수스 첫 승과 함께 시즌 2호 물세례 (03.31),LHuNhbe1A88
이제 앞으로 달려 나가야죠!,키움,https://i.ytimg.com/vi/27VMCx182i0/hqdefault.jpg,[후토크] 빛나는 호수비 활약 #박수종 3111일만에 선발승 #하영민 그리고 시즌1호 물세례 (03.30),27VMCx182i0
